{
"type": "FeatureCollection",
"name": "rivers_west_kameng",
"crs": { "type": "name", "properties": { "name": "urn:ogc:def:crs:OGC:1.3:CRS84" } },
"features": [
{ "type": "Feature", "properties": { "osm_id": 44734313, "tags": { "boat": "no", "waterway": "river" }, "inside_district": true }, "geometry": { "type": "LineString", "coordinates": [ [ 92.3133544, 26.9395391 ], [ 92.3130917, 26.9384803 ], [ 92.312555, 26.9376862 ], [ 92.311904, 26.9367495 ], [ 92.311413, 26.9356397 ], [ 92.3112873, 26.9337867 ], [ 92.3113673, 26.9325344 ], [ 92.3121895, 26.9314857 ], [ 92.3136285, 26.9290522 ], [ 92.3145078, 26.926242 ], [ 92.3157983, 26.9224033 ], [ 92.3165406, 26.9194605 ], [ 92.3166434, 26.9169759 ], [ 92.3165749, 26.9152142 ], [ 92.3158897, 26.9137173 ], [ 92.3154443, 26.9120268 ], [ 92.315627, 26.90943 ], [ 92.3161524, 26.907546 ], [ 92.3168033, 26.9064462 ], [ 92.3176256, 26.9056417 ], [ 92.3190531, 26.9051324 ], [ 92.3196469, 26.9042057 ], [ 92.3200238, 26.9028512 ], [ 92.3203436, 26.901018 ], [ 92.320789, 26.8994802 ], [ 92.321577, 26.8977895 ], [ 92.3217825, 26.8961599 ], [ 92.3220794, 26.8950294 ], [ 92.322936, 26.8940007 ], [ 92.3236783, 26.8925341 ], [ 92.3241579, 26.8913933 ], [ 92.3251743, 26.8906498 ], [ 92.3260423, 26.8898553 ], [ 92.3262592, 26.8889998 ], [ 92.3259509, 26.887584 ], [ 92.3260651, 26.8866876 ], [ 92.3263849, 26.8860357 ], [ 92.3262707, 26.8853024 ], [ 92.325928, 26.8844162 ], [ 92.3260651, 26.8828374 ], [ 92.3266475, 26.8814622 ], [ 92.326579, 26.8808511 ], [ 92.3258367, 26.8803316 ], [ 92.3251515, 26.8799037 ], [ 92.3251743, 26.8788342 ], [ 92.3247289, 26.8779887 ], [ 92.3247061, 26.8774386 ], [ 92.3252657, 26.8762672 ], [ 92.3252657, 26.8756967 ], [ 92.3246832, 26.8750448 ], [ 92.3241922, 26.8744234 ], [ 92.3241351, 26.8734658 ], [ 92.3244434, 26.8727833 ], [ 92.3254484, 26.8722434 ], [ 92.3257339, 26.8715914 ], [ 92.3254484, 26.8710922 ], [ 92.3247289, 26.8703282 ], [ 92.324786, 26.8694419 ], [ 92.3258481, 26.8685149 ], [ 92.3263963, 26.8679342 ], [ 92.3271157, 26.8676795 ], [ 92.327721, 26.8677814 ], [ 92.328292, 26.8683009 ], [ 92.3288745, 26.868413 ], [ 92.3297652, 26.8681277 ], [ 92.3300165, 26.8676184 ], [ 92.3298566, 26.867272 ], [ 92.3289658, 26.8666506 ], [ 92.328589, 26.8662634 ], [ 92.328726, 26.8656216 ], [ 92.3289772, 26.8648168 ], [ 92.3294912, 26.864501 ], [ 92.3302563, 26.8645927 ], [ 92.33109, 26.8655707 ], [ 92.3314783, 26.8656012 ], [ 92.3317409, 26.865153 ], [ 92.3316153, 26.863523 ], [ 92.3319122, 26.86282 ], [ 92.3319693, 26.8624634 ], [ 92.3317067, 26.8620151 ], [ 92.3312042, 26.8613529 ], [ 92.3309073, 26.8603341 ], [ 92.3311471, 26.8596413 ], [ 92.3318666, 26.8593255 ], [ 92.3321292, 26.8592949 ], [ 92.3324376, 26.8586633 ], [ 92.3325175, 26.8582659 ], [ 92.3323234, 26.8577973 ], [ 92.3317866, 26.857349 ], [ 92.3309073, 26.8572573 ], [ 92.3294112, 26.8575222 ], [ 92.3284405, 26.8573795 ], [ 92.3280408, 26.8569924 ], [ 92.3281321, 26.8565543 ], [ 92.3284405, 26.8561773 ], [ 92.3284633, 26.8558207 ], [ 92.3282463, 26.8554437 ], [ 92.3277895, 26.8552094 ], [ 92.327721, 26.8549954 ], [ 92.3278581, 26.854649 ], [ 92.3282806, 26.8545064 ], [ 92.3288859, 26.8544045 ], [ 92.3291714, 26.8541396 ], [ 92.3294226, 26.8534162 ], [ 92.3292856, 26.8527845 ], [ 92.3289658, 26.8526011 ], [ 92.3284291, 26.8527132 ], [ 92.3277895, 26.8528354 ], [ 92.3272071, 26.8524177 ], [ 92.3270701, 26.8519286 ], [ 92.3275383, 26.851409 ], [ 92.3281664, 26.8508588 ], [ 92.3280865, 26.8502882 ], [ 92.3278124, 26.8498297 ], [ 92.3269216, 26.8493508 ], [ 92.3253799, 26.8491878 ], [ 92.3245805, 26.8491165 ], [ 92.3241237, 26.8488414 ], [ 92.3237354, 26.8479957 ], [ 92.3234955, 26.8472621 ], [ 92.323073, 26.8462941 ], [ 92.3221822, 26.8451936 ], [ 92.3217825, 26.8437773 ], [ 92.3210402, 26.8430131 ], [ 92.319921, 26.8425036 ], [ 92.3186305, 26.8424934 ], [ 92.3179796, 26.8425341 ], [ 92.3177626, 26.8423202 ], [ 92.3177398, 26.8419941 ], [ 92.3180709, 26.8415457 ], [ 92.318562, 26.840863 ], [ 92.3186876, 26.8402516 ], [ 92.3186991, 26.8397319 ], [ 92.3191559, 26.8389066 ], [ 92.3193729, 26.83802 ], [ 92.3193957, 26.8365832 ], [ 92.319567, 26.835289 ], [ 92.3201951, 26.833414 ], [ 92.3210745, 26.8326293 ], [ 92.3212914, 26.832079 ], [ 92.3212914, 26.8313453 ], [ 92.3209717, 26.8306218 ], [ 92.3195898, 26.8292358 ], [ 92.3188018, 26.8279314 ], [ 92.3184707, 26.8270244 ], [ 92.3183222, 26.8259951 ], [ 92.3184136, 26.8250371 ], [ 92.3190074, 26.8238447 ], [ 92.3197726, 26.8226421 ], [ 92.3204806, 26.8205223 ], [ 92.320492, 26.8197069 ], [ 92.3201723, 26.8189833 ], [ 92.3190645, 26.8174851 ], [ 92.3177283, 26.816578 ], [ 92.3166777, 26.8161092 ], [ 92.3153073, 26.8159257 ], [ 92.3143822, 26.8153856 ], [ 92.3137084, 26.8149575 ], [ 92.3128976, 26.8136835 ], [ 92.3126121, 26.8125725 ], [ 92.3127834, 26.8117673 ], [ 92.3137198, 26.8104627 ], [ 92.3143936, 26.8095453 ], [ 92.3146563, 26.8086891 ], [ 92.3143365, 26.8079145 ], [ 92.3135485, 26.8069869 ], [ 92.3130689, 26.805509 ], [ 92.3126578, 26.804296 ], [ 92.3121439, 26.8034296 ], [ 92.3119383, 26.8019923 ], [ 92.3115729, 26.8011565 ], [ 92.3102824, 26.799709 ], [ 92.3093802, 26.7978945 ], [ 92.3089005, 26.7969465 ], [ 92.3089234, 26.7960189 ], [ 92.3092545, 26.7952747 ], [ 92.309403, 26.794031 ], [ 92.3095058, 26.7925121 ], [ 92.3094373, 26.7917883 ], [ 92.308832, 26.7899839 ], [ 92.3087521, 26.7891582 ], [ 92.3092545, 26.7880776 ], [ 92.3108762, 26.7848968 ], [ 92.313697, 26.779575 ], [ 92.3140168, 26.7784331 ], [ 92.3139368, 26.7773218 ], [ 92.31356, 26.7762512 ], [ 92.3122581, 26.7745383 ], [ 92.3114015, 26.7733148 ], [ 92.311116, 26.7720811 ], [ 92.3106592, 26.7706333 ], [ 92.3103966, 26.7699094 ], [ 92.3104423, 26.7691344 ], [ 92.3110247, 26.7685125 ], [ 92.3121667, 26.7680434 ], [ 92.3138455, 26.7682983 ], [ 92.3152045, 26.7684207 ], [ 92.3159239, 26.7682066 ], [ 92.3168832, 26.7675234 ], [ 92.31742, 26.7659124 ], [ 92.3195327, 26.7642197 ], [ 92.3201037, 26.7630267 ], [ 92.3205377, 26.7625576 ], [ 92.3212914, 26.7623945 ], [ 92.3219767, 26.762578 ], [ 92.322856, 26.7625678 ], [ 92.3235641, 26.7623333 ], [ 92.3241808, 26.7617113 ], [ 92.3242493, 26.7607222 ], [ 92.3241465, 26.7588561 ], [ 92.3244206, 26.7583361 ], [ 92.3249231, 26.7579995 ], [ 92.3255398, 26.7578976 ], [ 92.3265333, 26.7582545 ], [ 92.3271272, 26.7582035 ], [ 92.3274926, 26.757867 ], [ 92.3276182, 26.7571736 ], [ 92.3277324, 26.7561844 ], [ 92.3272528, 26.755287 ], [ 92.3264077, 26.754461 ], [ 92.3259966, 26.7538084 ], [ 92.3259166, 26.752962 ], [ 92.3263278, 26.7523399 ], [ 92.3274013, 26.751779 ], [ 92.3278466, 26.7512895 ], [ 92.3279152, 26.7506063 ], [ 92.3275954, 26.7492601 ], [ 92.3277264, 26.7486208 ], [ 92.3280035, 26.7480731 ], [ 92.3286612, 26.7476508 ], [ 92.3295198, 26.747369 ] ] } },
{ "type": "Feature", "properties": { "osm_id": 44734470, "tags": { "boat": "no", "waterway": "stream" }, "inside_district": true }, "geometry": { "type": "LineString", "coordinates": [ [ 92.5761006, 26.9634536 ], [ 92.575414, 26.9608526 ], [ 92.5762723, 26.9603935 ], [ 92.5747273, 26.9571804 ], [ 92.5735257, 26.9554973 ], [ 92.5769589, 26.9545792 ], [ 92.5761006, 26.9515189 ], [ 92.5774739, 26.9481525 ], [ 92.5803922, 26.9478464 ], [ 92.5839971, 26.9496827 ], [ 92.584512, 26.9481525 ], [ 92.5826238, 26.9463162 ], [ 92.5834821, 26.9435617 ], [ 92.5824521, 26.939889 ], [ 92.5827954, 26.9385117 ], [ 92.5817655, 26.9362161 ], [ 92.5809072, 26.9325432 ], [ 92.5831388, 26.9297883 ], [ 92.5831388, 26.9274926 ], [ 92.5802205, 26.925503 ], [ 92.5791905, 26.9244316 ], [ 92.5815938, 26.9213705 ], [ 92.5810788, 26.9193807 ], [ 92.5800488, 26.9169317 ], [ 92.5827954, 26.9127989 ], [ 92.5819371, 26.9105028 ], [ 92.5785039, 26.9092782 ], [ 92.5750707, 26.9062167 ], [ 92.5745557, 26.9026958 ], [ 92.5755857, 26.8997872 ], [ 92.5742124, 26.8979501 ], [ 92.5709508, 26.8974908 ], [ 92.5690625, 26.896113 ], [ 92.5704358, 26.8919795 ] ] } },
{ "type": "Feature", "properties": { "osm_id": 44734512, "tags": { "boat": "no", "name": "帕乃河", "name:zh": "帕乃河", "name:zh-Hans": "帕乃河", "name:zh-Hant": "帕乃河", "waterway": "river" }, "inside_district": true }, "geometry": { "type": "LineString", "coordinates": [ [ 92.4181125, 26.9889529 ], [ 92.4182057, 26.9867283 ], [ 92.4164556, 26.9810474 ], [ 92.4164285, 26.9739781 ], [ 92.4165628, 26.9708899 ], [ 92.4161122, 26.9681965 ], [ 92.4202076, 26.9620957 ], [ 92.4190305, 26.952131 ], [ 92.4186872, 26.945398 ], [ 92.4217771, 26.9310127 ], [ 92.424867, 26.9270335 ], [ 92.4313901, 26.9189215 ], [ 92.4458097, 26.9092782 ], [ 92.4523328, 26.9031551 ], [ 92.4595426, 26.8976439 ], [ 92.4619458, 26.8942759 ], [ 92.467954, 26.888305 ], [ 92.4720738, 26.8817214 ], [ 92.4746488, 26.8762093 ], [ 92.476537, 26.8752905 ], [ 92.4787686, 26.8752905 ], [ 92.4796269, 26.8743718 ], [ 92.479112, 26.8722281 ], [ 92.4822019, 26.8697781 ], [ 92.48718, 26.8682468 ], [ 92.4914716, 26.8665623 ], [ 92.4938748, 26.8638059 ], [ 92.4990247, 26.8621214 ], [ 92.499883, 26.8598243 ], [ 92.5026296, 26.8569146 ], [ 92.5010846, 26.8524733 ], [ 92.5026296, 26.8504823 ], [ 92.5022862, 26.847266 ], [ 92.5043462, 26.8474191 ], [ 92.5048612, 26.8446623 ], [ 92.509496, 26.8438964 ], [ 92.508981, 26.8357785 ], [ 92.5113843, 26.8328682 ], [ 92.5141309, 26.8285791 ], [ 92.5136159, 26.821226 ], [ 92.5192807, 26.8175493 ], [ 92.5203107, 26.8132597 ], [ 92.5270055, 26.8108084 ], [ 92.5276921, 26.8091231 ], [ 92.5251172, 26.8042202 ], [ 92.5267943, 26.8022083 ], [ 92.5297521, 26.7979382 ], [ 92.5330136, 26.7982446 ], [ 92.5395368, 26.8003897 ], [ 92.542455, 26.7994704 ], [ 92.5469182, 26.7956398 ], [ 92.5518964, 26.7939542 ], [ 92.5542996, 26.7893572 ], [ 92.5563596, 26.7861392 ], [ 92.5563596, 26.7830743 ], [ 92.5544713, 26.7804691 ], [ 92.5552007, 26.7775766 ], [ 92.5579058, 26.7770193 ], [ 92.5598826, 26.7745114 ], [ 92.5617554, 26.7709816 ], [ 92.5635241, 26.7676375 ], [ 92.5653969, 26.7648507 ], [ 92.565709, 26.760949 ], [ 92.5675818, 26.7584407 ], [ 92.5664373, 26.7519374 ], [ 92.5646686, 26.7498006 ], [ 92.5624837, 26.750358 ], [ 92.5587382, 26.7470133 ], [ 92.5593624, 26.7458055 ], [ 92.5606109, 26.744226 ], [ 92.5582179, 26.7440401 ], [ 92.555825, 26.7432968 ], [ 92.5575937, 26.7416244 ], [ 92.5596745, 26.7408811 ], [ 92.5602988, 26.7393015 ], [ 92.5578018, 26.7378148 ], [ 92.5532239, 26.7388369 ], [ 92.550935, 26.7389298 ], [ 92.550935, 26.7366998 ], [ 92.5545765, 26.7357706 ], [ 92.5565533, 26.734191 ], [ 92.5557209, 26.7327972 ], [ 92.5527037, 26.7316821 ], [ 92.5490622, 26.7307529 ], [ 92.5480971, 26.7307424 ], [ 92.5476112, 26.7302062 ], [ 92.547103, 26.7291564 ], [ 92.5474206, 26.7279647 ], [ 92.5481831, 26.7267446 ], [ 92.5500152, 26.7250838 ], [ 92.5496648, 26.7234462 ] ] } },
{ "type": "Feature", "properties": { "osm_id": 44735861, "tags": { "boat": "no", "waterway": "river" }, "inside_district": true }, "geometry": { "type": "LineString", "coordinates": [ [ 92.3979161, 26.9631476 ], [ 92.3987744, 26.9600875 ], [ 92.402036, 26.9550382 ], [ 92.4046109, 26.9499887 ], [ 92.4044393, 26.9466222 ], [ 92.4018643, 26.9441738 ], [ 92.4003194, 26.9406541 ], [ 92.3982595, 26.9375935 ], [ 92.3960279, 26.9340736 ], [ 92.3953412, 26.9268804 ], [ 92.3975728, 26.9196868 ], [ 92.3991178, 26.9172378 ], [ 92.402551, 26.9149418 ], [ 92.4044393, 26.9101967 ], [ 92.4044393, 26.9074413 ], [ 92.4101041, 26.9022366 ], [ 92.412679, 26.8971847 ], [ 92.412679, 26.8951945 ], [ 92.4140523, 26.8938166 ], [ 92.4140523, 26.8904485 ], [ 92.4147389, 26.8884581 ], [ 92.411649, 26.8829463 ], [ 92.4123357, 26.8791185 ], [ 92.4109624, 26.8757499 ], [ 92.4092458, 26.8760561 ], [ 92.4073575, 26.8760561 ], [ 92.4080442, 26.8732999 ], [ 92.4052976, 26.8722281 ], [ 92.4058126, 26.8700843 ], [ 92.4046109, 26.8688593 ], [ 92.4042676, 26.8668686 ], [ 92.4058126, 26.8657967 ], [ 92.4063275, 26.8618151 ], [ 92.4090741, 26.856302 ], [ 92.4090741, 26.8538516 ], [ 92.4101041, 26.8517075 ], [ 92.4101041, 26.8497165 ], [ 92.4083875, 26.8481849 ], [ 92.4083875, 26.8469597 ], [ 92.4113057, 26.846347 ], [ 92.4095891, 26.8423648 ], [ 92.4109624, 26.8403736 ], [ 92.4106191, 26.8386888 ], [ 92.4090741, 26.8388419 ], [ 92.4080442, 26.8411395 ], [ 92.4068425, 26.8400673 ], [ 92.4056409, 26.8374634 ], [ 92.4090741, 26.833634 ], [ 92.4034093, 26.8311832 ], [ 92.3999761, 26.8279663 ], [ 92.3977445, 26.8224516 ], [ 92.3939679, 26.8201537 ], [ 92.3932813, 26.8177025 ], [ 92.3933349, 26.8146193 ], [ 92.3931096, 26.8098891 ], [ 92.390841, 26.8085959 ], [ 92.3889897, 26.8078974 ], [ 92.3869298, 26.8106552 ], [ 92.3850415, 26.8101955 ], [ 92.3816083, 26.8095827 ], [ 92.3781751, 26.8074377 ], [ 92.3783467, 26.8059056 ], [ 92.3762868, 26.8042202 ], [ 92.3780034, 26.8017687 ], [ 92.3793767, 26.7994704 ], [ 92.3788617, 26.7980914 ], [ 92.3762868, 26.7950268 ], [ 92.3781776, 26.7940945 ], [ 92.37797, 26.7929549 ], [ 92.3781348, 26.7919406 ], [ 92.3790936, 26.7903131 ], [ 92.3788198, 26.7885975 ], [ 92.3779152, 26.7876712 ], [ 92.3766084, 26.7871537 ], [ 92.3752023, 26.7872308 ], [ 92.3742432, 26.7869373 ], [ 92.3738869, 26.7863746 ], [ 92.3738047, 26.785812 ], [ 92.3742432, 26.785127 ], [ 92.3752297, 26.7843198 ], [ 92.3772575, 26.7834146 ], [ 92.3794677, 26.7827988 ], [ 92.3799705, 26.7823627 ], [ 92.3799979, 26.7813352 ], [ 92.379537, 26.7806224 ], [ 92.3786277, 26.7793292 ], [ 92.3775316, 26.7782772 ], [ 92.3772301, 26.7774699 ], [ 92.3772363, 26.7760966 ], [ 92.3774323, 26.7748885 ], [ 92.3787116, 26.7728544 ], [ 92.3766518, 26.7700348 ], [ 92.37614, 26.7690894 ] ] } },
{ "type": "Feature", "properties": { "osm_id": 67601790, "tags": { "alt_name:zh": "帕罗里河", "alt_name:zh-Hans": "帕罗里河", "alt_name:zh-Hant": "帕羅里河", "boat": "no", "name": "Kameng River", "name:bn": "ভৰলী নদ", "name:en": "Kameng River", "name:zh": "卡门河", "name:zh-Hans": "卡门河", "name:zh-Hant": "卡門河", "old_name:en": "Bhareli River", "source": "Yahoo", "waterway": "river" }, "inside_district": true }, "geometry": { "type": "LineString", "coordinates": [ [ 92.6066863, 27.1345308 ], [ 92.6069013, 27.1337346 ], [ 92.6071992, 27.1322157 ], [ 92.6067499, 27.1299062 ], [ 92.606216, 27.1275752 ], [ 92.6061728, 27.1261277 ], [ 92.6058851, 27.123676 ], [ 92.6049001, 27.1212894 ], [ 92.6026724, 27.1201254 ], [ 92.6018468, 27.1194278 ], [ 92.5995631, 27.1168126 ], [ 92.5991255, 27.1153848 ], [ 92.6002708, 27.1128622 ], [ 92.6018901, 27.1103274 ], [ 92.6015702, 27.1091596 ], [ 92.6011426, 27.1078327 ], [ 92.6007771, 27.1060282 ], [ 92.59943, 27.1046368 ], [ 92.5983169, 27.104185 ], [ 92.5971944, 27.104471 ], [ 92.5952325, 27.1038533 ], [ 92.5946771, 27.1033612 ], [ 92.5941682, 27.1028193 ], [ 92.5936963, 27.1019521 ], [ 92.5937925, 27.1008527 ], [ 92.5970864, 27.0987506 ], [ 92.5984814, 27.0963275 ], [ 92.599941, 27.0939266 ], [ 92.5991914, 27.0933938 ], [ 92.5989149, 27.0930481 ], [ 92.59747, 27.0913678 ], [ 92.5947972, 27.0888088 ], [ 92.5928443, 27.0879177 ], [ 92.5911314, 27.0868712 ], [ 92.5900908, 27.0859364 ], [ 92.5899111, 27.0851419 ], [ 92.5900912, 27.0833341 ], [ 92.5899528, 27.0816884 ], [ 92.5900902, 27.0802389 ], [ 92.5903395, 27.0776087 ], [ 92.5906598, 27.0766664 ], [ 92.591897, 27.0734594 ], [ 92.591819, 27.0703985 ], [ 92.5936277, 27.0659098 ], [ 92.594258, 27.0640629 ], [ 92.5942167, 27.0610403 ], [ 92.5944826, 27.058709 ], [ 92.595005, 27.0569092 ], [ 92.5958211, 27.0540326 ], [ 92.5960065, 27.0528977 ], [ 92.5972319, 27.0500911 ], [ 92.5985686, 27.048915 ], [ 92.5998515, 27.047433 ], [ 92.6009004, 27.045291 ], [ 92.6026145, 27.0434355 ], [ 92.6040149, 27.0415976 ], [ 92.6062802, 27.0384224 ], [ 92.6084614, 27.0369686 ], [ 92.6093824, 27.0362974 ], [ 92.6101368, 27.0357934 ], [ 92.6121406, 27.0341561 ], [ 92.6131854, 27.0332706 ], [ 92.6145092, 27.0328724 ], [ 92.6148755, 27.0326277 ], [ 92.6172871, 27.0319628 ], [ 92.6188299, 27.0317569 ], [ 92.6200354, 27.0315961 ], [ 92.6220853, 27.0306399 ], [ 92.6226836, 27.0296675 ], [ 92.6232433, 27.0287577 ], [ 92.6244886, 27.0274287 ], [ 92.6255393, 27.0269801 ], [ 92.6280498, 27.0271139 ], [ 92.6299596, 27.0279358 ], [ 92.6316762, 27.028471 ], [ 92.6331568, 27.0281843 ], [ 92.6344449, 27.0272758 ], [ 92.6356465, 27.0252879 ], [ 92.6368482, 27.0220766 ], [ 92.6381779, 27.0186459 ], [ 92.6387357, 27.017671 ], [ 92.640152, 27.0170402 ], [ 92.6421475, 27.0169064 ], [ 92.6443791, 27.0170975 ], [ 92.6476628, 27.0176418 ], [ 92.6493788, 27.0176328 ], [ 92.6509244, 27.017183 ], [ 92.6535156, 27.0161442 ], [ 92.6559026, 27.0141244 ], [ 92.6568315, 27.0121605 ], [ 92.6577409, 27.0109418 ], [ 92.6600726, 27.009105 ], [ 92.6660306, 27.0060187 ], [ 92.6703221, 27.0020421 ], [ 92.6797635, 27.0006656 ], [ 92.6825101, 26.9973006 ], [ 92.6857717, 26.9957711 ], [ 92.6869657, 26.9960214 ], [ 92.6886899, 26.9963829 ], [ 92.6917798, 26.9943944 ], [ 92.6935391, 26.994316 ], [ 92.695213, 26.9942415 ], [ 92.698303, 26.9957711 ], [ 92.7015645, 26.9968418 ], [ 92.7029054, 26.9991682 ], [ 92.7060193, 27.0002217 ], [ 92.7098001, 27.0013683 ], [ 92.7142675, 27.0020421 ], [ 92.7194173, 27.0012774 ], [ 92.7202572, 26.9997897 ], [ 92.7210764, 26.999576 ], [ 92.7245671, 26.9989831 ], [ 92.7274854, 26.9999008 ], [ 92.7312619, 26.999289 ], [ 92.7338369, 26.996077 ], [ 92.7384717, 26.9950063 ], [ 92.7443082, 26.9962299 ], [ 92.7461965, 26.9999008 ], [ 92.7485997, 26.9999008 ], [ 92.7513463, 26.9976065 ], [ 92.7542646, 26.9963829 ], [ 92.7571828, 26.9937826 ], [ 92.761131, 26.9939356 ], [ 92.7623699, 26.9938947 ], [ 92.7647318, 26.9938167 ], [ 92.7657659, 26.9937826 ], [ 92.7707441, 26.9936296 ], [ 92.7743489, 26.9947004 ], [ 92.7781255, 26.9942415 ], [ 92.7825887, 26.9891937 ], [ 92.7858503, 26.9872051 ], [ 92.7879102, 26.9836868 ], [ 92.7872235, 26.9797094 ], [ 92.7887685, 26.9764968 ], [ 92.7937467, 26.974814 ], [ 92.8012998, 26.9737431 ], [ 92.8074796, 26.9714482 ], [ 92.8112561, 26.9685414 ], [ 92.8146894, 26.9636455 ], [ 92.8186376, 26.9599734 ], [ 92.8213842, 26.953547 ], [ 92.8244741, 26.9518638 ], [ 92.8246457, 26.9480383 ], [ 92.8267057, 26.9455899 ], [ 92.8276883, 26.9450411 ], [ 92.8294072, 26.9426426 ], [ 92.8304822, 26.9379384 ], [ 92.8351171, 26.9356428 ], [ 92.8406102, 26.9339594 ], [ 92.8443868, 26.9322759 ], [ 92.8454168, 26.9293681 ], [ 92.8411252, 26.9227868 ], [ 92.838207, 26.915593 ], [ 92.838722, 26.9114601 ], [ 92.8414685, 26.9064086 ], [ 92.8425042, 26.9028992 ] ] } },
{ "type": "Feature", "properties": { "osm_id": 67601887, "tags": { "alt_name": "Hum Chu", "alt_name:en": "Hum Chu", "alt_name:zh": "比却木河", "boat": "no", "name": "Bichom River", "name:en": "Bichom River", "name:zh": "科马河", "waterway": "river" }, "inside_district": true }, "geometry": { "type": "LineString", "coordinates": [ [ 92.7217491, 27.2802764 ], [ 92.7233655, 27.279453 ], [ 92.7264554, 27.2818941 ], [ 92.7255047, 27.2833187 ], [ 92.7259085, 27.2850668 ], [ 92.7269704, 27.2860133 ], [ 92.727843, 27.2877627 ], [ 92.7293737, 27.287844 ], [ 92.7331502, 27.287844 ], [ 92.7357251, 27.2855556 ], [ 92.7383001, 27.2852505 ], [ 92.7405316, 27.2863184 ], [ 92.7443082, 27.2869286 ], [ 92.7441365, 27.2895221 ], [ 92.7422156, 27.2921103 ], [ 92.7427632, 27.2934885 ], [ 92.7432691, 27.2951963 ], [ 92.7448232, 27.2959293 ], [ 92.7473981, 27.2965394 ], [ 92.7491147, 27.2965394 ], [ 92.7530629, 27.295014 ], [ 92.7595861, 27.2951665 ], [ 92.7619893, 27.2960818 ], [ 92.7628476, 27.2979123 ], [ 92.762422, 27.3000825 ], [ 92.763137, 27.3012348 ], [ 92.7660141, 27.3020877 ], [ 92.7686041, 27.3041001 ], [ 92.7693995, 27.3045812 ], [ 92.7705563, 27.3051065 ], [ 92.7745206, 27.3085899 ], [ 92.7753849, 27.3120604 ], [ 92.77596, 27.3153218 ], [ 92.7780541, 27.3161602 ], [ 92.7789946, 27.3162173 ], [ 92.782932, 27.3157586 ], [ 92.7848203, 27.3145384 ], [ 92.7861936, 27.311793 ], [ 92.7880225, 27.310312 ], [ 92.7902668, 27.3107792 ], [ 92.7911718, 27.3134708 ], [ 92.7932317, 27.3137758 ], [ 92.7942617, 27.3125556 ], [ 92.7942617, 27.3105728 ], [ 92.7983815, 27.3072171 ], [ 92.7988965, 27.3050817 ], [ 92.8007848, 27.3029462 ], [ 92.8016273, 27.3025801 ], [ 92.802625, 27.303114 ], [ 92.8034297, 27.3038385 ], [ 92.8043575, 27.3036326 ], [ 92.8055055, 27.3014303 ], [ 92.8056506, 27.2989763 ], [ 92.8050548, 27.2978838 ], [ 92.8046258, 27.2965871 ], [ 92.8053287, 27.2955441 ], [ 92.8066213, 27.2947089 ], [ 92.8083379, 27.2947089 ], [ 92.8115995, 27.2965394 ], [ 92.8128011, 27.2962343 ], [ 92.814861, 27.2934885 ], [ 92.8155477, 27.2908951 ], [ 92.8177149, 27.288931 ], [ 92.8201613, 27.2875636 ], [ 92.8244154, 27.2869506 ], [ 92.8293449, 27.2890453 ], [ 92.831558, 27.289647 ], [ 92.836147, 27.2899798 ], [ 92.8392506, 27.2901142 ], [ 92.8428713, 27.2899221 ], [ 92.8435821, 27.2898844 ], [ 92.8466642, 27.2885886 ], [ 92.8484264, 27.2873324 ], [ 92.8491605, 27.2869464 ], [ 92.8495302, 27.2867521 ], [ 92.8502629, 27.2865877 ], [ 92.8509957, 27.2867379 ], [ 92.8598363, 27.2881491 ], [ 92.8712837, 27.289602 ], [ 92.8729866, 27.2891063 ], [ 92.8737017, 27.2869286 ], [ 92.8741917, 27.2846149 ], [ 92.8755804, 27.2831237 ], [ 92.8767885, 27.2825584 ], [ 92.8780581, 27.2821418 ], [ 92.880133, 27.2818365 ], [ 92.8813199, 27.281883 ], [ 92.8826673, 27.2819812 ], [ 92.8838744, 27.2819711 ], [ 92.8851362, 27.2820065 ], [ 92.8861848, 27.2819318 ], [ 92.8873712, 27.2815371 ], [ 92.8881889, 27.2811971 ], [ 92.8888445, 27.2809328 ], [ 92.889073, 27.2807532 ], [ 92.8890904, 27.2794326 ], [ 92.8881911, 27.277693 ], [ 92.8878416, 27.2762321 ], [ 92.8866351, 27.2757268 ], [ 92.8861551, 27.2755236 ], [ 92.8857051, 27.2752028 ], [ 92.8844732, 27.2740699 ], [ 92.8845555, 27.2719768 ], [ 92.8865726, 27.2706963 ], [ 92.8884272, 27.2696173 ], [ 92.8910787, 27.2673993 ], [ 92.8937806, 27.2625467 ] ] } },
{ "type": "Feature", "properties": { "osm_id": 67601888, "tags": { "alt_name": "Hum Chu", "alt_name:zh": "比却木河", "name": "Bichom River", "name:en": "Bichom River", "name:zh": "科马河", "waterway": "river" }, "inside_district": true }, "geometry": { "type": "LineString", "coordinates": [ [ 92.5984524, 27.30842 ], [ 92.5990235, 27.3077434 ], [ 92.6007111, 27.3070482 ], [ 92.6018546, 27.3066935 ], [ 92.6027202, 27.3064133 ], [ 92.6035099, 27.3070544 ], [ 92.6042325, 27.3085899 ], [ 92.6064641, 27.3092 ], [ 92.6107556, 27.3092 ], [ 92.6129872, 27.3096576 ], [ 92.614301, 27.3082735 ], [ 92.6154276, 27.3064892 ], [ 92.6172476, 27.3025944 ], [ 92.620712, 27.3029462 ], [ 92.6224286, 27.3015733 ], [ 92.6228196, 27.3006242 ], [ 92.6230201, 27.2996752 ], [ 92.6232126, 27.2984536 ], [ 92.6236846, 27.2971529 ], [ 92.6251623, 27.2961211 ], [ 92.6267614, 27.2952457 ], [ 92.6286529, 27.2951663 ], [ 92.6306684, 27.2959293 ], [ 92.6316891, 27.2971465 ], [ 92.6328348, 27.2977382 ], [ 92.6335866, 27.2976073 ], [ 92.6351973, 27.2979178 ], [ 92.6367593, 27.2986182 ], [ 92.6389047, 27.2984741 ], [ 92.6406753, 27.2972857 ], [ 92.6424367, 27.2971073 ], [ 92.644198, 27.2969289 ], [ 92.6466453, 27.2972421 ], [ 92.6491307, 27.2971376 ], [ 92.6521198, 27.2957148 ], [ 92.6546687, 27.293608 ], [ 92.6557309, 27.2934885 ], [ 92.6587513, 27.2942905 ], [ 92.6601145, 27.2940446 ], [ 92.6607091, 27.2931834 ], [ 92.6612334, 27.2923217 ], [ 92.6612241, 27.2912002 ], [ 92.6610353, 27.290449 ], [ 92.6614945, 27.2896526 ], [ 92.6621969, 27.2898439 ], [ 92.6639893, 27.290588 ], [ 92.6659976, 27.2912417 ], [ 92.6665456, 27.2907425 ], [ 92.6661184, 27.2891947 ], [ 92.6661796, 27.2878427 ], [ 92.6660551, 27.2865201 ], [ 92.6663999, 27.285206 ], [ 92.6677472, 27.2835723 ], [ 92.6694638, 27.2814364 ], [ 92.6727254, 27.2799107 ], [ 92.6729002, 27.2776113 ], [ 92.6741759, 27.2758707 ], [ 92.6756436, 27.2750284 ], [ 92.6801068, 27.2742655 ], [ 92.6814801, 27.2731974 ], [ 92.6874883, 27.2715191 ], [ 92.6881749, 27.2702984 ], [ 92.687113, 27.269238 ], [ 92.6869111, 27.2681119 ], [ 92.6876599, 27.2670942 ], [ 92.6889357, 27.2658427 ], [ 92.6908844, 27.2652076 ], [ 92.6926381, 27.2657209 ], [ 92.6953847, 27.2675519 ], [ 92.6981313, 27.270451 ], [ 92.6987103, 27.2713416 ], [ 92.7001912, 27.2712139 ], [ 92.7022512, 27.2702984 ], [ 92.7042675, 27.2707209 ], [ 92.7046941, 27.2727487 ], [ 92.7051694, 27.2745706 ], [ 92.7060653, 27.2765391 ], [ 92.7072293, 27.2771644 ], [ 92.7106626, 27.2777747 ], [ 92.7134092, 27.2777747 ], [ 92.7144391, 27.2782324 ], [ 92.7139241, 27.2791478 ], [ 92.7140014, 27.2814562 ], [ 92.7194173, 27.2823518 ], [ 92.7209623, 27.2821992 ], [ 92.7217491, 27.2802764 ] ] } },
{ "type": "Feature", "properties": { "osm_id": 67602019, "tags": { "boat": "no", "name": "Digo River", "name:en": "Digo River", "name:zh": "科马河", "name:zh-Hans": "科马河", "name:zh-Hant": "科馬河", "name:zh-Latn-pinyin": "Kē mǎ hé", "source": "Yahoo", "waterway": "river" }, "inside_district": true }, "geometry": { "type": "LineString", "coordinates": [ [ 92.4614096, 27.3213069 ], [ 92.4629552, 27.3229268 ], [ 92.4650151, 27.3229268 ], [ 92.4660451, 27.3212491 ], [ 92.4699933, 27.3198765 ], [ 92.4711949, 27.3188089 ], [ 92.4723966, 27.3183514 ], [ 92.4744565, 27.3185039 ], [ 92.4770314, 27.3220117 ], [ 92.4796064, 27.3239943 ], [ 92.4833829, 27.3268919 ], [ 92.4859578, 27.3268919 ], [ 92.4905927, 27.329332 ], [ 92.491966, 27.3307045 ], [ 92.4969442, 27.3331444 ], [ 92.4988324, 27.3345169 ], [ 92.503124, 27.3364993 ], [ 92.5047493, 27.3374673 ], [ 92.5063122, 27.3367994 ], [ 92.5099904, 27.3360418 ], [ 92.5125653, 27.3345169 ], [ 92.5156552, 27.3348219 ], [ 92.5177152, 27.3337544 ], [ 92.5201184, 27.3337544 ], [ 92.5240667, 27.3313145 ], [ 92.52338, 27.328722 ], [ 92.5225217, 27.3235368 ], [ 92.5216634, 27.3204866 ], [ 92.5225217, 27.3180463 ], [ 92.5240667, 27.3166737 ], [ 92.5252683, 27.3143859 ], [ 92.5269849, 27.3125556 ], [ 92.5269849, 27.3090475 ], [ 92.5285298, 27.3081323 ], [ 92.5328214, 27.3085899 ], [ 92.5341947, 27.3061494 ], [ 92.5384862, 27.3056918 ], [ 92.5414045, 27.3046241 ], [ 92.5477904, 27.3048563 ], [ 92.5494725, 27.306607 ], [ 92.5502358, 27.3073614 ], [ 92.5518758, 27.3072171 ], [ 92.5546224, 27.3056918 ], [ 92.5546975, 27.3045117 ], [ 92.5551772, 27.3033765 ], [ 92.5582273, 27.3029462 ], [ 92.5610443, 27.3033657 ], [ 92.5636476, 27.3037259 ], [ 92.5647504, 27.3055393 ], [ 92.5669851, 27.308009 ], [ 92.5695569, 27.3095051 ], [ 92.57099, 27.3113595 ], [ 92.5727434, 27.3123901 ], [ 92.5758609, 27.313105 ], [ 92.577904, 27.3132623 ], [ 92.5786628, 27.3124968 ], [ 92.578528, 27.3116863 ], [ 92.578326, 27.3106645 ], [ 92.5786301, 27.3097594 ], [ 92.5793224, 27.3089379 ], [ 92.5803425, 27.3080649 ], [ 92.5816238, 27.307499 ], [ 92.5823166, 27.3075541 ], [ 92.5832343, 27.3095983 ], [ 92.583651, 27.3105268 ], [ 92.5844386, 27.3114103 ], [ 92.5855835, 27.3117024 ], [ 92.5865514, 27.3113354 ], [ 92.5896413, 27.3090475 ], [ 92.5942762, 27.3070646 ], [ 92.5963474, 27.3081767 ], [ 92.5984524, 27.30842 ] ] } },
{ "type": "Feature", "properties": { "osm_id": 67602087, "tags": { "boat": "no", "name": "Bichom River", "name:en": "Bichom River", "name:zh": "比斯巧姆河", "name:zh-Hans": "比斯巧姆河", "name:zh-Hant": "比斯巧姆河", "waterway": "river" }, "inside_district": true }, "geometry": { "type": "LineString", "coordinates": [ [ 92.517093, 27.3997078 ], [ 92.5177296, 27.3983997 ], [ 92.5182767, 27.3977266 ], [ 92.5188525, 27.3973837 ], [ 92.5200362, 27.3972757 ], [ 92.52122, 27.3974853 ], [ 92.5225074, 27.3973709 ], [ 92.5231368, 27.3968312 ], [ 92.523523, 27.3960564 ], [ 92.52369, 27.3951233 ], [ 92.5236137, 27.3942029 ], [ 92.5238044, 27.3935548 ], [ 92.52441, 27.3933639 ], [ 92.5255472, 27.3935227 ], [ 92.526148, 27.3941005 ], [ 92.5269201, 27.3951946 ], [ 92.527311, 27.3957382 ], [ 92.5277019, 27.3961269 ], [ 92.5284723, 27.3962965 ], [ 92.5291866, 27.3962896 ], [ 92.5299215, 27.396177 ], [ 92.530451, 27.3960096 ], [ 92.5309471, 27.3955615 ], [ 92.5311761, 27.3951463 ], [ 92.5315558, 27.3945595 ], [ 92.531567, 27.3940363 ], [ 92.5317342, 27.3938195 ], [ 92.5335575, 27.3933441 ], [ 92.5343458, 27.393358 ], [ 92.5352246, 27.3932115 ], [ 92.5364725, 27.393108 ], [ 92.5370882, 27.3932422 ], [ 92.5377286, 27.3932378 ], [ 92.5379727, 27.3928695 ], [ 92.5380279, 27.3923043 ], [ 92.5373484, 27.3914892 ], [ 92.5365622, 27.3907616 ], [ 92.534116, 27.3886072 ], [ 92.533097, 27.3877296 ], [ 92.5326285, 27.3872506 ], [ 92.5324066, 27.3866258 ], [ 92.5327087, 27.3857108 ], [ 92.5331409, 27.3850365 ], [ 92.5336367, 27.3834375 ], [ 92.5338312, 27.3829054 ], [ 92.5337647, 27.3822575 ], [ 92.5332291, 27.3815894 ], [ 92.5300891, 27.3803699 ], [ 92.5269349, 27.3794426 ], [ 92.5268043, 27.3789603 ], [ 92.5276774, 27.3778884 ], [ 92.527743, 27.3764829 ], [ 92.5271351, 27.3750156 ], [ 92.5284798, 27.372818 ], [ 92.531162, 27.3729323 ], [ 92.5326068, 27.3734785 ], [ 92.5354607, 27.373542 ], [ 92.5373228, 27.3726294 ], [ 92.537914, 27.3724369 ], [ 92.5388428, 27.3724119 ], [ 92.5397297, 27.3725926 ], [ 92.5416056, 27.3731967 ], [ 92.5422837, 27.3733927 ], [ 92.5425109, 27.3733783 ], [ 92.542738, 27.3733304 ], [ 92.5429381, 27.373251 ], [ 92.5430864, 27.3731298 ], [ 92.543179, 27.3729415 ], [ 92.5431631, 27.3727323 ], [ 92.5430629, 27.3725224 ], [ 92.5429722, 27.3723286 ], [ 92.5429309, 27.3720419 ], [ 92.5427154, 27.3717601 ], [ 92.5424283, 27.3715572 ], [ 92.5421412, 27.3713349 ], [ 92.5418324, 27.3706728 ], [ 92.5417524, 27.3703135 ], [ 92.5417269, 27.3701382 ], [ 92.5417907, 27.3699597 ], [ 92.5419936, 27.3697795 ], [ 92.5422663, 27.369677 ], [ 92.5427688, 27.3695547 ], [ 92.5434783, 27.3694211 ], [ 92.544533, 27.3694637 ], [ 92.5450734, 27.369356 ], [ 92.5455815, 27.369153 ], [ 92.5460827, 27.3684753 ], [ 92.5464971, 27.3677302 ], [ 92.5468647, 27.3673872 ], [ 92.5472369, 27.3671154 ], [ 92.5475974, 27.3667787 ], [ 92.5478918, 27.3663958 ], [ 92.5482551, 27.3660987 ], [ 92.5486238, 27.3658545 ], [ 92.5490684, 27.3657065 ], [ 92.5496593, 27.3655538 ], [ 92.5506955, 27.3651452 ], [ 92.5512178, 27.3649847 ], [ 92.5516989, 27.3647148 ], [ 92.5520823, 27.364186 ], [ 92.5522817, 27.3636237 ], [ 92.552659, 27.3624706 ], [ 92.5528392, 27.3619713 ], [ 92.5531696, 27.3614084 ], [ 92.5535992, 27.360993 ], [ 92.5540287, 27.3606665 ], [ 92.5547957, 27.3603745 ], [ 92.555671, 27.3604665 ], [ 92.5560729, 27.3605093 ], [ 92.5564963, 27.360387 ], [ 92.5568868, 27.3601252 ], [ 92.5571414, 27.3597617 ], [ 92.557253, 27.3593633 ], [ 92.5573181, 27.3590602 ], [ 92.5578762, 27.3586796 ], [ 92.5586167, 27.3584547 ], [ 92.5599285, 27.3581001 ], [ 92.5613617, 27.3578288 ], [ 92.5617957, 27.3577448 ], [ 92.5622297, 27.3576036 ], [ 92.5629552, 27.357165 ], [ 92.5630692, 27.356636 ], [ 92.5629114, 27.3561959 ], [ 92.5633123, 27.3559283 ], [ 92.5637204, 27.3557115 ], [ 92.5643749, 27.3554574 ], [ 92.5650365, 27.3552922 ], [ 92.5663239, 27.354911 ], [ 92.5684983, 27.3534372 ], [ 92.5694041, 27.3530051 ], [ 92.5699379, 27.3525221 ], [ 92.5698235, 27.3521909 ], [ 92.5697081, 27.3518204 ], [ 92.5698183, 27.3516413 ], [ 92.5699392, 27.3515036 ], [ 92.5701074, 27.3514269 ], [ 92.5702793, 27.3513789 ], [ 92.5717015, 27.351235 ], [ 92.5730603, 27.3510905 ], [ 92.5738148, 27.3511398 ], [ 92.5745805, 27.3514402 ], [ 92.5752409, 27.3514572 ], [ 92.5755746, 27.3514609 ], [ 92.5759084, 27.3514424 ], [ 92.5767721, 27.3511653 ], [ 92.577187, 27.3510521 ], [ 92.5776019, 27.3509708 ], [ 92.5779007, 27.3509487 ], [ 92.5781995, 27.3509457 ], [ 92.5788186, 27.3509843 ], [ 92.579096, 27.3510265 ], [ 92.5793805, 27.3510466 ], [ 92.579674, 27.3510126 ], [ 92.5799424, 27.3509088 ], [ 92.5804574, 27.3503982 ], [ 92.5808079, 27.3498303 ], [ 92.5813944, 27.3486788 ], [ 92.5819324, 27.3477013 ], [ 92.5826384, 27.3468393 ], [ 92.5829657, 27.3463646 ], [ 92.5831682, 27.3458707 ], [ 92.5828876, 27.3447494 ], [ 92.5826904, 27.3442152 ], [ 92.5824769, 27.3437292 ], [ 92.5821722, 27.3432338 ], [ 92.5818729, 27.3427865 ], [ 92.5818102, 27.3424379 ], [ 92.5817692, 27.3420749 ], [ 92.5818928, 27.3417306 ], [ 92.582076, 27.3413356 ], [ 92.581984, 27.3406111 ], [ 92.5819407, 27.3402416 ], [ 92.5820356, 27.3397758 ], [ 92.5827284, 27.339337 ], [ 92.5830613, 27.339108 ], [ 92.5833291, 27.3388501 ], [ 92.5834491, 27.3385405 ], [ 92.5834553, 27.3381683 ], [ 92.5834994, 27.3376949 ], [ 92.5835788, 27.3372023 ], [ 92.583817, 27.3358247 ], [ 92.5839021, 27.3350374 ], [ 92.5838513, 27.3344216 ], [ 92.5836895, 27.3340284 ], [ 92.5836064, 27.3335589 ], [ 92.5837754, 27.3332214 ], [ 92.5840373, 27.3330428 ], [ 92.5845898, 27.3329506 ], [ 92.5851423, 27.3329156 ], [ 92.5859136, 27.332945 ], [ 92.586437, 27.3327228 ], [ 92.5871952, 27.3319835 ], [ 92.5876212, 27.3318428 ], [ 92.5880471, 27.3317648 ], [ 92.5889354, 27.3317052 ], [ 92.5899918, 27.3314988 ], [ 92.590339, 27.3312863 ], [ 92.5905047, 27.3309294 ], [ 92.5903887, 27.3296434 ], [ 92.5897322, 27.3284542 ], [ 92.5894329, 27.3279789 ], [ 92.5892791, 27.3272684 ], [ 92.5893481, 27.3267109 ], [ 92.5894392, 27.3253712 ], [ 92.5896985, 27.3247886 ], [ 92.5912578, 27.3239403 ], [ 92.5913433, 27.3238533 ], [ 92.5917727, 27.323416 ], [ 92.5916421, 27.3219619 ], [ 92.5917012, 27.3210966 ], [ 92.5914966, 27.3203406 ], [ 92.5910532, 27.3200637 ], [ 92.5899604, 27.3202086 ], [ 92.5891732, 27.3199579 ], [ 92.5885192, 27.3190235 ], [ 92.5878335, 27.3182608 ], [ 92.5877397, 27.3176307 ], [ 92.5887204, 27.3166674 ], [ 92.5890768, 27.3160214 ], [ 92.5903279, 27.314996 ], [ 92.5910043, 27.3146894 ], [ 92.5919603, 27.3145246 ], [ 92.5933257, 27.3143788 ], [ 92.5938757, 27.3138555 ], [ 92.5945715, 27.3135634 ], [ 92.5965351, 27.3126798 ], [ 92.5974904, 27.3120798 ], [ 92.5984269, 27.3112845 ], [ 92.5988887, 27.3104139 ], [ 92.5990748, 27.3099955 ], [ 92.5988359, 27.3093261 ], [ 92.5987042, 27.3090599 ], [ 92.5984524, 27.30842 ] ] } },
{ "type": "Feature", "properties": { "osm_id": 129119296, "tags": { "alt_name:zh": "帕罗里河", "alt_name:zh-Hans": "帕罗里河", "alt_name:zh-Hant": "帕羅里河", "boat": "no", "name": "Kameng River", "name:bn": "ভৰলী নদ", "name:en": "Kameng River", "name:zh": "卡门河", "name:zh-Hans": "卡门河", "name:zh-Hant": "卡門河", "old_name:en": "Bhareli River", "source": "Yahoo", "waterway": "river" }, "inside_district": true }, "geometry": { "type": "LineString", "coordinates": [ [ 92.931334, 27.7817089 ], [ 92.9318378, 27.7814416 ], [ 92.9327287, 27.7805509 ], [ 92.9333296, 27.7802282 ], [ 92.9343381, 27.7798295 ], [ 92.9351535, 27.7798105 ], [ 92.9355397, 27.7799624 ], [ 92.9357543, 27.7800004 ], [ 92.9363336, 27.7798675 ], [ 92.9368915, 27.7798295 ], [ 92.9373421, 27.7796207 ], [ 92.9376855, 27.7793549 ], [ 92.9376426, 27.7786335 ], [ 92.937664, 27.7782728 ], [ 92.9375138, 27.7778361 ], [ 92.9376855, 27.7771526 ], [ 92.9376211, 27.776716 ], [ 92.9375353, 27.7761275 ], [ 92.937428, 27.7755959 ], [ 92.9377284, 27.7753111 ], [ 92.937943, 27.7748364 ], [ 92.9382863, 27.7743808 ], [ 92.9384794, 27.7738112 ], [ 92.9383507, 27.7734505 ], [ 92.9383507, 27.7730708 ], [ 92.9383721, 27.7725202 ], [ 92.9381361, 27.7720645 ], [ 92.937943, 27.7716658 ], [ 92.9373421, 27.7713431 ], [ 92.9369345, 27.7711342 ], [ 92.9364409, 27.7709064 ], [ 92.9358616, 27.7705646 ], [ 92.9359474, 27.7702229 ], [ 92.9362693, 27.7698621 ], [ 92.9366126, 27.7694065 ], [ 92.9370417, 27.7691597 ], [ 92.9374065, 27.7687989 ], [ 92.937943, 27.7683622 ], [ 92.9382434, 27.7680015 ], [ 92.9385652, 27.7676217 ], [ 92.9391017, 27.767185 ], [ 92.9394021, 27.7667863 ], [ 92.9396596, 27.7664825 ], [ 92.9399385, 27.7661028 ], [ 92.9403891, 27.7654382 ], [ 92.9408397, 27.7648307 ], [ 92.9413547, 27.7644129 ], [ 92.9421272, 27.7639383 ], [ 92.9423418, 27.7632737 ], [ 92.9421057, 27.7624952 ], [ 92.9418171, 27.7619028 ], [ 92.9415479, 27.7616028 ], [ 92.9413333, 27.7610142 ], [ 92.9412045, 27.7605585 ], [ 92.9410972, 27.7598939 ], [ 92.9411588, 27.7596597 ], [ 92.9413997, 27.7594143 ], [ 92.9418225, 27.7591992 ], [ 92.9426851, 27.7592293 ], [ 92.9431357, 27.7591533 ], [ 92.9436507, 27.7582989 ], [ 92.9442515, 27.7571596 ], [ 92.9445948, 27.756514 ], [ 92.9449811, 27.7556974 ], [ 92.9456463, 27.7549569 ], [ 92.9462685, 27.7543302 ], [ 92.9466762, 27.7534757 ], [ 92.9474702, 27.7528111 ], [ 92.9479637, 27.7526212 ], [ 92.9486718, 27.7528301 ], [ 92.9491439, 27.7529061 ], [ 92.9494443, 27.7531529 ], [ 92.950088, 27.7533998 ], [ 92.9502382, 27.753058 ], [ 92.9504099, 27.7522794 ], [ 92.9503884, 27.7516148 ], [ 92.9503884, 27.7508172 ], [ 92.9507532, 27.7499627 ], [ 92.9516759, 27.7495259 ], [ 92.9528131, 27.7485954 ], [ 92.9538216, 27.7482916 ], [ 92.9545512, 27.7480067 ], [ 92.9554953, 27.7476649 ], [ 92.9566326, 27.7475699 ], [ 92.9574694, 27.7468863 ], [ 92.9575982, 27.7462786 ], [ 92.9577055, 27.7455 ], [ 92.9579415, 27.7448543 ], [ 92.9586282, 27.7442276 ], [ 92.959465, 27.7436959 ], [ 92.9604306, 27.7431261 ], [ 92.9604521, 27.7425944 ], [ 92.9608812, 27.7421576 ], [ 92.9613104, 27.7414549 ], [ 92.9618254, 27.7410941 ], [ 92.962276, 27.7407143 ], [ 92.962748, 27.7407333 ], [ 92.9631128, 27.7409611 ], [ 92.9636493, 27.7409801 ], [ 92.9644432, 27.7409611 ], [ 92.9650011, 27.7409042 ], [ 92.9659667, 27.7407712 ], [ 92.9667392, 27.7406003 ], [ 92.9682412, 27.7406003 ], [ 92.9689922, 27.7408092 ], [ 92.9700222, 27.7409991 ], [ 92.9706874, 27.741227 ], [ 92.9717173, 27.7413979 ], [ 92.9728975, 27.741303 ], [ 92.9736914, 27.7406953 ], [ 92.9741635, 27.7401255 ], [ 92.9748287, 27.7397457 ], [ 92.9757514, 27.7395368 ], [ 92.9768243, 27.739138 ], [ 92.9777255, 27.738986 ], [ 92.9781761, 27.7385872 ], [ 92.9786911, 27.7379225 ], [ 92.9797425, 27.7376756 ], [ 92.9804077, 27.7376946 ], [ 92.9811158, 27.7378275 ], [ 92.9815664, 27.7383783 ], [ 92.9819097, 27.7387391 ], [ 92.9825105, 27.738948 ], [ 92.9830041, 27.739005 ], [ 92.9831972, 27.7386252 ], [ 92.983283, 27.7378275 ], [ 92.983047, 27.736707 ], [ 92.9833903, 27.7359283 ], [ 92.983798, 27.7359853 ], [ 92.9846778, 27.7365931 ], [ 92.9854288, 27.7370868 ], [ 92.9866733, 27.7378275 ], [ 92.9871025, 27.7379035 ], [ 92.9879393, 27.7382643 ], [ 92.988626, 27.7379605 ], [ 92.9892268, 27.7372198 ], [ 92.9896345, 27.7363651 ], [ 92.990643, 27.7354725 ], [ 92.9913511, 27.7352256 ], [ 92.9925098, 27.7348458 ], [ 92.9935612, 27.734238 ], [ 92.9947629, 27.7338392 ], [ 92.995471, 27.7337252 ], [ 92.9962435, 27.7338582 ], [ 92.9965439, 27.734333 ], [ 92.9969945, 27.7351117 ], [ 92.9974451, 27.7355485 ], [ 92.9978742, 27.7355865 ], [ 92.9985394, 27.7348458 ], [ 92.9993119, 27.7340481 ], [ 93.0000629, 27.7334213 ], [ 93.0008139, 27.7326236 ], [ 93.0010285, 27.7318639 ], [ 93.0013933, 27.7307623 ], [ 93.0017795, 27.7307623 ], [ 93.002552, 27.7303445 ], [ 93.0031957, 27.7302495 ], [ 93.003818, 27.7299456 ], [ 93.0042686, 27.7293188 ], [ 93.0049553, 27.728939 ], [ 93.0051484, 27.7281792 ], [ 93.0054917, 27.7272485 ], [ 93.0054488, 27.7269826 ], [ 93.0051269, 27.7264888 ], [ 93.0047407, 27.725862 ], [ 93.004569, 27.7253301 ], [ 93.0043115, 27.7250642 ], [ 93.0042901, 27.7245514 ], [ 93.0042901, 27.7240385 ], [ 93.0043545, 27.7234117 ], [ 93.0048051, 27.7230128 ], [ 93.0053415, 27.722614 ], [ 93.0060496, 27.7222341 ], [ 93.0067363, 27.7216832 ], [ 93.0075516, 27.7212084 ], [ 93.0082383, 27.7207145 ], [ 93.0087318, 27.7202966 ], [ 93.0091181, 27.7194988 ], [ 93.0094828, 27.7190429 ], [ 93.0102553, 27.718663 ], [ 93.010942, 27.7181881 ], [ 93.0118861, 27.7178272 ], [ 93.0124655, 27.7175233 ], [ 93.0129161, 27.7171624 ], [ 93.0137958, 27.7166115 ], [ 93.0145898, 27.7162696 ], [ 93.0152979, 27.7158517 ], [ 93.0161991, 27.7156807 ], [ 93.016993, 27.7153388 ], [ 93.0179157, 27.7150919 ], [ 93.0184736, 27.7148449 ], [ 93.0187396, 27.7146176 ], [ 93.0190959, 27.714313 ], [ 93.0193319, 27.7140851 ], [ 93.0196752, 27.7136102 ], [ 93.0197396, 27.7130213 ], [ 93.0201688, 27.7125654 ], [ 93.020791, 27.7118815 ], [ 93.0213489, 27.7115016 ], [ 93.0217566, 27.7111217 ], [ 93.021821, 27.7104568 ], [ 93.0219068, 27.7097349 ], [ 93.0218854, 27.709184 ], [ 93.0217995, 27.7085761 ], [ 93.0222287, 27.7082531 ], [ 93.0225506, 27.7081202 ], [ 93.0231299, 27.7079302 ], [ 93.0237736, 27.7080062 ], [ 93.0244603, 27.7080062 ], [ 93.0253186, 27.7080822 ], [ 93.0258765, 27.7081202 ], [ 93.0264344, 27.7077592 ], [ 93.025619, 27.7068283 ], [ 93.0245032, 27.7066004 ], [ 93.0231299, 27.7062774 ], [ 93.0217995, 27.7058975 ], [ 93.0212846, 27.7052136 ], [ 93.0216493, 27.7041877 ], [ 93.0218854, 27.7036937 ], [ 93.0223789, 27.7031428 ], [ 93.0232801, 27.7027629 ], [ 93.0243315, 27.7033138 ], [ 93.0252113, 27.7041497 ], [ 93.0261769, 27.7050996 ], [ 93.0269494, 27.7054415 ], [ 93.0276789, 27.7055935 ], [ 93.0286231, 27.7053276 ], [ 93.029417, 27.7042447 ], [ 93.0293097, 27.7032758 ], [ 93.0283656, 27.7026299 ], [ 93.0272283, 27.7019269 ], [ 93.0271854, 27.701148 ], [ 93.0277862, 27.7002361 ], [ 93.0282154, 27.6994381 ], [ 93.0292024, 27.6987162 ], [ 93.0298891, 27.6980702 ], [ 93.0304255, 27.6973103 ], [ 93.0309405, 27.6966073 ], [ 93.0306186, 27.6958474 ], [ 93.0296745, 27.6949354 ], [ 93.0289664, 27.6948784 ], [ 93.0282798, 27.6944794 ], [ 93.027164, 27.6939854 ], [ 93.0268206, 27.6936624 ], [ 93.0267563, 27.6931494 ], [ 93.0273571, 27.6926174 ], [ 93.0272283, 27.6921044 ], [ 93.0270567, 27.6914585 ], [ 93.0272927, 27.6908315 ], [ 93.0275287, 27.6902044 ], [ 93.0280223, 27.6895204 ], [ 93.0288377, 27.6891594 ], [ 93.0297818, 27.6888364 ], [ 93.0303397, 27.6884754 ], [ 93.0307045, 27.6879624 ], [ 93.0303826, 27.6870504 ], [ 93.0298247, 27.6862903 ], [ 93.0292024, 27.6854163 ], [ 93.0289664, 27.6846753 ], [ 93.0282368, 27.6836682 ], [ 93.0278935, 27.6831361 ], [ 93.0276575, 27.6821481 ], [ 93.0272713, 27.68135 ], [ 93.0266275, 27.6807229 ], [ 93.0259623, 27.6805519 ], [ 93.0251684, 27.6800199 ], [ 93.0249109, 27.6795828 ], [ 93.0251255, 27.6789558 ], [ 93.0251684, 27.6785567 ], [ 93.0252757, 27.6780817 ], [ 93.0257263, 27.6776826 ], [ 93.0261555, 27.6770745 ], [ 93.0265417, 27.6766565 ], [ 93.0272713, 27.6759534 ], [ 93.0276575, 27.6751933 ], [ 93.028387, 27.6744331 ], [ 93.0285373, 27.673749 ], [ 93.0281725, 27.673274 ], [ 93.027771, 27.6729552 ], [ 93.0275502, 27.6727799 ], [ 93.0268636, 27.6722478 ], [ 93.0264773, 27.6716967 ], [ 93.0265631, 27.6711456 ], [ 93.026885, 27.6705565 ], [ 93.0274858, 27.6703664 ], [ 93.0279416, 27.670203 ], [ 93.028387, 27.6700434 ], [ 93.0293741, 27.6697963 ], [ 93.0302753, 27.6690172 ], [ 93.031198, 27.6684661 ], [ 93.0314889, 27.6679401 ], [ 93.031713, 27.6675349 ], [ 93.0313911, 27.6670218 ], [ 93.0309191, 27.6666607 ], [ 93.0302324, 27.6657675 ], [ 93.0299749, 27.6645702 ], [ 93.029932, 27.6636199 ], [ 93.0299749, 27.6628978 ], [ 93.0303612, 27.6621376 ], [ 93.0306616, 27.6615104 ], [ 93.0312838, 27.6612063 ], [ 93.0319276, 27.6612063 ], [ 93.0325069, 27.6610923 ], [ 93.0334296, 27.6606552 ], [ 93.0326142, 27.6598949 ], [ 93.0322494, 27.6592868 ], [ 93.0318417, 27.6587926 ], [ 93.0312624, 27.6582224 ], [ 93.0310907, 27.6574812 ], [ 93.0311765, 27.6571011 ], [ 93.0316332, 27.6568951 ], [ 93.0321486, 27.6568493 ], [ 93.0326344, 27.657084 ], [ 93.033966, 27.6577473 ], [ 93.0349102, 27.6581274 ], [ 93.0363693, 27.6586976 ], [ 93.0370559, 27.6584315 ], [ 93.0377855, 27.6577093 ], [ 93.0379143, 27.656759 ], [ 93.0381292, 27.656283 ], [ 93.0382576, 27.6559987 ], [ 93.038558, 27.6555046 ], [ 93.0390301, 27.6540981 ], [ 93.039588, 27.6525776 ], [ 93.0398884, 27.651057 ], [ 93.0393305, 27.6496885 ], [ 93.0393734, 27.648434 ], [ 93.0392875, 27.6472176 ], [ 93.039073, 27.6464192 ], [ 93.038043, 27.6460771 ], [ 93.0374851, 27.645811 ], [ 93.0368843, 27.6452027 ], [ 93.0368843, 27.6445945 ], [ 93.0377426, 27.6439862 ], [ 93.0383863, 27.6429217 ], [ 93.0386867, 27.6420854 ], [ 93.0389442, 27.6410969 ], [ 93.0394976, 27.6403883 ], [ 93.0404033, 27.6399944 ], [ 93.0411758, 27.6399944 ], [ 93.0415191, 27.6396522 ], [ 93.0422916, 27.6393101 ], [ 93.0430247, 27.6389868 ] ] } },
{ "type": "Feature", "properties": { "osm_id": 129119301, "tags": { "boat": "no", "name": "Papu River", "name:en": "Papu River", "name:zh": "巴普河", "name:zh-Hans": "巴普河", "name:zh-Hant": "巴普河", "source": "Yahoo", "waterway": "river" }, "inside_district": true }, "geometry": { "type": "LineString", "coordinates": [ [ 93.330059, 27.3845432 ], [ 93.3291256, 27.3847527 ], [ 93.3278596, 27.3848194 ], [ 93.3267009, 27.3838668 ], [ 93.3261108, 27.3838954 ], [ 93.3257031, 27.3838096 ], [ 93.3254564, 27.3833047 ], [ 93.3251238, 27.3830475 ], [ 93.3245981, 27.3829808 ], [ 93.3243084, 27.3833238 ], [ 93.3243084, 27.3837906 ], [ 93.3241153, 27.3842955 ], [ 93.3237719, 27.3846098 ], [ 93.3227849, 27.3848671 ], [ 93.3214009, 27.3850195 ], [ 93.3204031, 27.3849909 ], [ 93.3202636, 27.3846956 ], [ 93.32021, 27.384124 ], [ 93.3202743, 27.3836762 ], [ 93.3196092, 27.3833333 ], [ 93.3178496, 27.3831332 ], [ 93.3165836, 27.383238 ], [ 93.3159399, 27.3834667 ], [ 93.3148992, 27.3839144 ], [ 93.3134401, 27.384143 ], [ 93.3124852, 27.3843241 ], [ 93.3112085, 27.3842193 ], [ 93.3105647, 27.3832761 ], [ 93.3102214, 27.3829236 ], [ 93.3095777, 27.3828188 ], [ 93.3080542, 27.3829713 ], [ 93.3073568, 27.3832856 ], [ 93.3066702, 27.3837239 ], [ 93.3060479, 27.3837239 ], [ 93.3053183, 27.3836381 ], [ 93.3042669, 27.3833238 ], [ 93.3035266, 27.3831046 ], [ 93.3029687, 27.3825045 ], [ 93.3024108, 27.3822377 ], [ 93.3006191, 27.3817233 ], [ 93.2992351, 27.380742 ], [ 93.2984519, 27.38038 ], [ 93.2977867, 27.3799798 ], [ 93.2975078, 27.3794559 ], [ 93.2971322, 27.3787699 ], [ 93.2967353, 27.378265 ], [ 93.2963598, 27.3780173 ], [ 93.2955873, 27.3778839 ], [ 93.2938278, 27.37756 ], [ 93.2931733, 27.3775981 ], [ 93.2928407, 27.377379 ], [ 93.2929587, 27.3769121 ], [ 93.2929909, 27.3760928 ], [ 93.2926905, 27.3756164 ], [ 93.2923686, 27.3752734 ], [ 93.2918215, 27.37514 ], [ 93.2907593, 27.3753497 ], [ 93.2896328, 27.3757403 ], [ 93.2885063, 27.3758355 ], [ 93.2876909, 27.3755307 ], [ 93.2874656, 27.3746732 ], [ 93.2871973, 27.3740444 ], [ 93.2868111, 27.3739015 ], [ 93.2859206, 27.3739301 ], [ 93.2857597, 27.3736157 ], [ 93.2857489, 27.3731488 ], [ 93.2855451, 27.372701 ], [ 93.285073, 27.3722437 ], [ 93.28444, 27.3719483 ], [ 93.2836568, 27.3717292 ], [ 93.2830238, 27.3715482 ], [ 93.2828951, 27.3707193 ], [ 93.2838929, 27.3699666 ], [ 93.2843757, 27.3693091 ], [ 93.283807, 27.3685564 ], [ 93.2834637, 27.3682801 ], [ 93.2830346, 27.3678323 ], [ 93.2828307, 27.3670701 ], [ 93.2828522, 27.3663269 ], [ 93.2828843, 27.365679 ], [ 93.2827985, 27.3651168 ], [ 93.2819402, 27.3650977 ], [ 93.2813609, 27.3651644 ], [ 93.28076, 27.3653074 ], [ 93.2801807, 27.3656123 ], [ 93.2795799, 27.3660696 ], [ 93.2794726, 27.366184 ], [ 93.2789254, 27.3663078 ], [ 93.2782173, 27.3664507 ], [ 93.2775628, 27.3667366 ], [ 93.2773805, 27.3672416 ], [ 93.2776058, 27.3678228 ], [ 93.2773805, 27.3683849 ], [ 93.2770586, 27.3691567 ], [ 93.2771337, 27.3695092 ], [ 93.2771444, 27.3699856 ], [ 93.2768011, 27.370462 ], [ 93.2765114, 27.3705668 ], [ 93.2760608, 27.3704906 ], [ 93.2754063, 27.3701285 ], [ 93.2746339, 27.3700047 ], [ 93.2741618, 27.3701667 ], [ 93.2739365, 27.3705859 ], [ 93.2736254, 27.370967 ], [ 93.2728743, 27.3710051 ], [ 93.2723701, 27.3710718 ], [ 93.2714581, 27.3712623 ], [ 93.2715762, 27.3717673 ], [ 93.2702672, 27.3722818 ], [ 93.2692802, 27.3726534 ], [ 93.267703, 27.3726439 ], [ 93.2660723, 27.372358 ], [ 93.265053, 27.3723961 ], [ 93.2643986, 27.3725676 ], [ 93.2635939, 27.372882 ], [ 93.2627141, 27.3726534 ], [ 93.2616949, 27.3725105 ], [ 93.2605898, 27.3721675 ], [ 93.2598281, 27.3718245 ], [ 93.2590449, 27.3711766 ], [ 93.2591629, 27.369776 ], [ 93.2591092, 27.3694235 ], [ 93.2590449, 27.3686327 ], [ 93.2596779, 27.3677751 ], [ 93.2595706, 27.3668414 ], [ 93.2589483, 27.3663174 ], [ 93.2583797, 27.3660506 ], [ 93.2574248, 27.3658791 ], [ 93.2561695, 27.3657552 ], [ 93.2549572, 27.3654312 ], [ 93.2537985, 27.3653169 ], [ 93.252747, 27.365336 ], [ 93.2513094, 27.3653931 ], [ 93.2500219, 27.3653455 ], [ 93.2491958, 27.3653931 ], [ 93.2490241, 27.3659267 ], [ 93.2488847, 27.3664317 ], [ 93.2477581, 27.3664507 ], [ 93.2456338, 27.3664984 ], [ 93.2443356, 27.3666413 ], [ 93.2430482, 27.3669748 ], [ 93.2420182, 27.3671272 ], [ 93.241632, 27.3666794 ], [ 93.2413316, 27.3658314 ], [ 93.241353, 27.3649072 ], [ 93.2413316, 27.3639544 ], [ 93.2421899, 27.3629539 ], [ 93.2419538, 27.3624679 ], [ 93.2417178, 27.3612292 ], [ 93.2414818, 27.3607051 ], [ 93.2410097, 27.3605717 ], [ 93.2402158, 27.3605813 ], [ 93.2393682, 27.3605908 ], [ 93.2382095, 27.3603907 ], [ 93.2378769, 27.359981 ], [ 93.2375979, 27.3591901 ], [ 93.2372439, 27.3584278 ], [ 93.2367718, 27.3578561 ], [ 93.2357633, 27.3570842 ], [ 93.2340681, 27.355874 ], [ 93.2334888, 27.3545781 ], [ 93.2331133, 27.3544161 ], [ 93.2326305, 27.354216 ], [ 93.2323301, 27.3541969 ], [ 93.2318365, 27.3544161 ], [ 93.2313752, 27.3549116 ], [ 93.2309568, 27.3552546 ], [ 93.2304525, 27.3547305 ], [ 93.2288754, 27.3538825 ], [ 93.2264829, 27.3531296 ], [ 93.2245409, 27.3531201 ], [ 93.2237255, 27.3529581 ], [ 93.2235432, 27.3524245 ], [ 93.2236934, 27.3520624 ], [ 93.2240903, 27.3517098 ], [ 93.2243907, 27.3512619 ], [ 93.2243478, 27.3497848 ], [ 93.2240474, 27.3482887 ], [ 93.2238328, 27.3476978 ], [ 93.2234895, 27.347431 ], [ 93.2231569, 27.3472976 ], [ 93.2226634, 27.3472881 ], [ 93.2221162, 27.347593 ], [ 93.2213974, 27.3481076 ], [ 93.2207107, 27.348565 ], [ 93.2192194, 27.3482696 ], [ 93.2182324, 27.3478884 ], [ 93.2171702, 27.3468306 ], [ 93.216666, 27.3461921 ], [ 93.2164192, 27.3457728 ], [ 93.2160115, 27.3453154 ], [ 93.2152069, 27.3454107 ], [ 93.2141983, 27.345344 ], [ 93.2132113, 27.3449628 ], [ 93.2108295, 27.3444005 ], [ 93.2083511, 27.3440479 ], [ 93.2074606, 27.3433712 ], [ 93.2071066, 27.3428757 ], [ 93.2064843, 27.342199 ], [ 93.2060122, 27.3416558 ], [ 93.2056689, 27.3408553 ], [ 93.2057869, 27.3397783 ], [ 93.2059908, 27.3387205 ], [ 93.2061303, 27.3377769 ], [ 93.2061303, 27.3366619 ], [ 93.2052076, 27.3350607 ], [ 93.2044995, 27.3347366 ], [ 93.2041347, 27.3339646 ], [ 93.2046389, 27.3333547 ], [ 93.2049072, 27.3320298 ], [ 93.2047784, 27.3313722 ], [ 93.2046926, 27.3304477 ], [ 93.2040274, 27.3301713 ], [ 93.2032764, 27.3301999 ], [ 93.2021499, 27.3304 ], [ 93.2010448, 27.3306002 ], [ 93.2005083, 27.3300664 ], [ 93.2002187, 27.3293611 ], [ 93.1998646, 27.3288941 ], [ 93.1991458, 27.3287416 ], [ 93.1984377, 27.3283317 ], [ 93.1973648, 27.3273309 ], [ 93.1964958, 27.3269401 ], [ 93.1954658, 27.3269401 ], [ 93.1949508, 27.326759 ], [ 93.194747, 27.3262443 ], [ 93.1948006, 27.3256534 ], [ 93.1948328, 27.3247955 ], [ 93.1945646, 27.3239377 ], [ 93.194232, 27.323299 ], [ 93.1928587, 27.3226032 ], [ 93.1921077, 27.3222791 ], [ 93.191539, 27.3215928 ], [ 93.1915176, 27.3204204 ], [ 93.1909811, 27.3195339 ], [ 93.189522, 27.3188095 ], [ 93.1887281, 27.3179039 ], [ 93.1875157, 27.3176847 ], [ 93.1859279, 27.3163311 ], [ 93.1854987, 27.316026 ], [ 93.1848335, 27.3160546 ], [ 93.1834173, 27.316007 ], [ 93.182044, 27.316007 ], [ 93.1803274, 27.3160641 ], [ 93.1795549, 27.3156161 ], [ 93.1794155, 27.3149107 ], [ 93.1791794, 27.3138717 ], [ 93.1788683, 27.3136238 ], [ 93.1785786, 27.3131186 ], [ 93.1784391, 27.3126801 ], [ 93.1786108, 27.3119937 ], [ 93.1787074, 27.3114503 ], [ 93.1786108, 27.3111167 ], [ 93.1777847, 27.3107354 ], [ 93.1764865, 27.3104399 ], [ 93.1757247, 27.3100204 ], [ 93.1747484, 27.3099632 ], [ 93.1740403, 27.3101539 ], [ 93.1738686, 27.3104208 ], [ 93.1736083, 27.310962 ], [ 93.1728601, 27.3108116 ], [ 93.1725097, 27.3109772 ], [ 93.1720433, 27.3109061 ], [ 93.1714703, 27.3110928 ], [ 93.1709719, 27.3112597 ], [ 93.1705642, 27.3116601 ], [ 93.1699097, 27.3116887 ], [ 93.1696308, 27.3114313 ], [ 93.169384, 27.3109356 ], [ 93.1693303, 27.3103636 ], [ 93.1699312, 27.3099346 ], [ 93.1705964, 27.3090385 ], [ 93.1709075, 27.3088574 ], [ 93.171916, 27.3082949 ], [ 93.1725168, 27.3080661 ], [ 93.1724417, 27.3076943 ], [ 93.1720233, 27.3075132 ], [ 93.1712723, 27.3074941 ], [ 93.1703925, 27.3070175 ], [ 93.1707144, 27.3057972 ], [ 93.1711972, 27.3053968 ], [ 93.1717765, 27.3048344 ], [ 93.1717658, 27.3043577 ], [ 93.1714868, 27.3036999 ], [ 93.1703818, 27.3035664 ], [ 93.1697166, 27.3036045 ], [ 93.1691265, 27.303881 ], [ 93.168515, 27.3045198 ], [ 93.1681824, 27.3046818 ], [ 93.1676137, 27.3043386 ], [ 93.1673455, 27.3040049 ], [ 93.1672919, 27.3034901 ], [ 93.1675815, 27.3030325 ], [ 93.1675172, 27.3023556 ], [ 93.1670773, 27.3013832 ], [ 93.1667018, 27.30104 ], [ 93.1660581, 27.3007158 ], [ 93.1651997, 27.3000675 ], [ 93.1645131, 27.2990951 ], [ 93.1633758, 27.296416 ], [ 93.1632471, 27.2953005 ], [ 93.1633007, 27.2946427 ], [ 93.1634724, 27.2940611 ], [ 93.1637406, 27.2935462 ], [ 93.1636548, 27.2933079 ], [ 93.1634188, 27.2929837 ], [ 93.1629467, 27.2926881 ], [ 93.1625497, 27.292526 ], [ 93.1617451, 27.29265 ], [ 93.1614661, 27.2929265 ], [ 93.1614554, 27.2935081 ], [ 93.1612408, 27.294452 ], [ 93.1615841, 27.2956247 ], [ 93.161627, 27.2959775 ], [ 93.1615734, 27.2967021 ], [ 93.1614339, 27.2972455 ], [ 93.1612408, 27.2979701 ], [ 93.1611013, 27.2983514 ], [ 93.1605649, 27.2987805 ], [ 93.1597173, 27.2988853 ], [ 93.1587517, 27.29838 ], [ 93.1581938, 27.2978938 ], [ 93.1572604, 27.2973313 ], [ 93.156724, 27.2966448 ], [ 93.1564021, 27.2959584 ], [ 93.1561446, 27.2948238 ], [ 93.1557906, 27.294166 ], [ 93.155415, 27.2935844 ], [ 93.1544602, 27.2931362 ], [ 93.1534624, 27.292936 ], [ 93.1528079, 27.29306 ], [ 93.1522393, 27.2932983 ], [ 93.1517887, 27.2938036 ], [ 93.1513488, 27.2944043 ], [ 93.1514132, 27.295148 ], [ 93.1515849, 27.2960633 ], [ 93.1519389, 27.29654 ], [ 93.1522179, 27.2969976 ], [ 93.1524539, 27.2975601 ], [ 93.1524861, 27.2981226 ], [ 93.1514025, 27.2980178 ], [ 93.1508016, 27.2976364 ], [ 93.1498682, 27.2971978 ], [ 93.1486452, 27.2962444 ], [ 93.1468642, 27.2956533 ], [ 93.145802, 27.2954435 ], [ 93.1451046, 27.2950336 ], [ 93.1446326, 27.2945664 ], [ 93.1441927, 27.293756 ], [ 93.1424117, 27.2932793 ], [ 93.1418538, 27.2932411 ], [ 93.1415427, 27.2929169 ], [ 93.1413388, 27.2922591 ], [ 93.1415856, 27.291563 ], [ 93.1416178, 27.2909242 ], [ 93.1414139, 27.2903331 ], [ 93.1406414, 27.2900661 ], [ 93.1398797, 27.2903426 ], [ 93.1389677, 27.2908861 ], [ 93.138442, 27.2912103 ], [ 93.1375945, 27.2915344 ], [ 93.1365967, 27.2919254 ], [ 93.1355667, 27.2922209 ], [ 93.1348693, 27.2920112 ], [ 93.1343222, 27.2917347 ], [ 93.1336248, 27.2912484 ], [ 93.1333351, 27.2908194 ], [ 93.13326, 27.289904 ], [ 93.1334853, 27.2893033 ], [ 93.1335604, 27.288655 ], [ 93.1328845, 27.2882736 ], [ 93.1318653, 27.2873868 ], [ 93.130846, 27.2871199 ], [ 93.1301272, 27.2870436 ], [ 93.1293869, 27.2870531 ], [ 93.1279385, 27.287158 ], [ 93.12693, 27.2873201 ], [ 93.1254816, 27.2870626 ], [ 93.1236148, 27.2868338 ], [ 93.1214154, 27.286624 ], [ 93.1201708, 27.2865954 ], [ 93.1193876, 27.2868815 ], [ 93.1187439, 27.2872724 ], [ 93.1186581, 27.2879017 ], [ 93.1188083, 27.2887026 ], [ 93.119055, 27.289475 ], [ 93.1190336, 27.2904284 ], [ 93.1189906, 27.2911531 ], [ 93.1186688, 27.2915249 ], [ 93.1178641, 27.291973 ], [ 93.1162119, 27.2924307 ], [ 93.1154072, 27.2926786 ], [ 93.1144845, 27.2929456 ], [ 93.1135619, 27.2934604 ], [ 93.1126284, 27.2941373 ], [ 93.1115663, 27.2944138 ], [ 93.1096566, 27.2936225 ], [ 93.1087661, 27.2932983 ], [ 93.1074679, 27.2926881 ], [ 93.1070065, 27.2919254 ], [ 93.106631, 27.2913628 ], [ 93.1056011, 27.2908003 ], [ 93.1043351, 27.2907049 ], [ 93.102833, 27.2906859 ], [ 93.1017709, 27.2908194 ], [ 93.10058, 27.2913342 ], [ 93.0993998, 27.2918109 ], [ 93.0983269, 27.2921161 ], [ 93.0950761, 27.2911721 ], [ 93.0939281, 27.2910005 ], [ 93.0930591, 27.2910959 ], [ 93.0922866, 27.2914105 ], [ 93.0913532, 27.2920398 ], [ 93.090409, 27.2924593 ], [ 93.0891967, 27.2921733 ], [ 93.0880272, 27.2906477 ], [ 93.0873728, 27.2898659 ], [ 93.0868685, 27.2890173 ], [ 93.0863857, 27.288512 ], [ 93.0853772, 27.2880161 ], [ 93.0844653, 27.2877396 ], [ 93.0828023, 27.2872057 ], [ 93.0816436, 27.2861473 ], [ 93.0803776, 27.2850508 ], [ 93.0793583, 27.2843833 ], [ 93.0793047, 27.2836586 ], [ 93.079766, 27.2829053 ], [ 93.0802381, 27.2822569 ], [ 93.0806672, 27.281723 ], [ 93.0804634, 27.2812462 ], [ 93.0796909, 27.2810364 ], [ 93.0789935, 27.2811032 ], [ 93.0782425, 27.2810745 ], [ 93.0765581, 27.280264 ], [ 93.0745196, 27.2795203 ], [ 93.0736184, 27.2791579 ], [ 93.0732322, 27.2785572 ], [ 93.0728996, 27.2776036 ], [ 93.0725241, 27.2769361 ], [ 93.0719232, 27.2762304 ], [ 93.0697131, 27.2752578 ], [ 93.0687797, 27.2744854 ], [ 93.0685007, 27.2736462 ], [ 93.06849, 27.2727784 ], [ 93.0680394, 27.2721967 ], [ 93.0673957, 27.2718915 ], [ 93.0661833, 27.2719201 ], [ 93.0653036, 27.272149 ], [ 93.0641341, 27.2722253 ], [ 93.0629969, 27.2719487 ], [ 93.0616665, 27.2708616 ], [ 93.0604541, 27.2700892 ], [ 93.0597031, 27.2695647 ], [ 93.0596495, 27.2689448 ], [ 93.0598426, 27.2682868 ], [ 93.0603683, 27.2673236 ], [ 93.0604756, 27.2664462 ], [ 93.0597246, 27.2659121 ], [ 93.0591237, 27.2655307 ], [ 93.0583727, 27.2655116 ], [ 93.0578577, 27.2654639 ], [ 93.0572355, 27.2656737 ], [ 93.0562806, 27.2661792 ], [ 93.0557012, 27.2661315 ], [ 93.0554974, 27.265874 ], [ 93.0555403, 27.2652446 ], [ 93.0556691, 27.2644625 ], [ 93.0559266, 27.2634039 ], [ 93.0555832, 27.2629748 ], [ 93.0548966, 27.2627459 ], [ 93.0544567, 27.262126 ], [ 93.054564, 27.2611246 ], [ 93.0550146, 27.2605524 ], [ 93.0557549, 27.2604093 ], [ 93.0564415, 27.2598084 ], [ 93.0564737, 27.2593602 ], [ 93.0563128, 27.2588452 ], [ 93.0554116, 27.2582157 ], [ 93.0545854, 27.2574336 ], [ 93.0536091, 27.2560412 ], [ 93.052665, 27.2547917 ], [ 93.0516887, 27.2532752 ], [ 93.0503804, 27.2519871 ], [ 93.0490071, 27.2501558 ], [ 93.0482112, 27.2496163 ], [ 93.0471012, 27.2488158 ], [ 93.0469964, 27.2479532 ], [ 93.0468218, 27.2473046 ], [ 93.0462862, 27.2469492 ], [ 93.0454023, 27.2469509 ], [ 93.0445242, 27.2469492 ], [ 93.0437053, 27.2467421 ], [ 93.0431658, 27.2461659 ], [ 93.0430416, 27.2454551 ], [ 93.0432279, 27.2446442 ], [ 93.0433405, 27.2442578 ], [ 93.0438573, 27.2440512 ], [ 93.0443767, 27.2441094 ], [ 93.0449356, 27.2441819 ], [ 93.0455798, 27.2442164 ], [ 93.046065, 27.2440783 ], [ 93.0464337, 27.2437333 ], [ 93.0464958, 27.2433399 ], [ 93.0463289, 27.2430156 ], [ 93.0460766, 27.2427326 ], [ 93.0455739, 27.242525 ], [ 93.0447415, 27.2427809 ], [ 93.0440274, 27.2428845 ], [ 93.0433599, 27.2425601 ], [ 93.0427855, 27.2419114 ], [ 93.0425526, 27.2411868 ], [ 93.0427466, 27.2404483 ], [ 93.042964, 27.2396754 ], [ 93.0428631, 27.2391164 ], [ 93.042312, 27.2388024 ], [ 93.0417143, 27.2388472 ], [ 93.0409225, 27.2389887 ], [ 93.0404568, 27.2388162 ], [ 93.0402084, 27.2384262 ], [ 93.0403054, 27.2381467 ], [ 93.0406315, 27.2377671 ], [ 93.0415552, 27.2372081 ], [ 93.0420985, 27.236794 ], [ 93.0422537, 27.2363178 ], [ 93.041757, 27.2358554 ], [ 93.0413145, 27.2357588 ], [ 93.0407091, 27.2355655 ], [ 93.0400808, 27.2350464 ], [ 93.0398087, 27.2344613 ], [ 93.0393041, 27.2342611 ], [ 93.0385279, 27.2341645 ], [ 93.0376508, 27.2336745 ], [ 93.0369599, 27.2328532 ], [ 93.0364865, 27.2322734 ], [ 93.0366262, 27.2319352 ], [ 93.0371307, 27.2315902 ], [ 93.0379069, 27.2312727 ], [ 93.0380622, 27.2307826 ], [ 93.0380841, 27.2302243 ], [ 93.03773, 27.2300192 ], [ 93.0371989, 27.2302196 ], [ 93.0367376, 27.2302386 ], [ 93.0365177, 27.2298809 ], [ 93.0368073, 27.2289746 ], [ 93.0371625, 27.2277199 ], [ 93.0360681, 27.2263652 ], [ 93.0351618, 27.2255259 ], [ 93.0337293, 27.2257355 ], [ 93.0328689, 27.2262894 ], [ 93.0321363, 27.226518 ], [ 93.0312351, 27.2260601 ], [ 93.0299957, 27.225354 ], [ 93.0283383, 27.2251824 ], [ 93.0264766, 27.2253539 ], [ 93.0240518, 27.2255638 ], [ 93.0234939, 27.2249532 ], [ 93.0225018, 27.2234461 ], [ 93.021386, 27.2226828 ], [ 93.019653, 27.2223773 ], [ 93.0143315, 27.22253 ], [ 93.0127866, 27.2255829 ], [ 93.0114133, 27.2255829 ], [ 93.0096967, 27.2231406 ], [ 93.0076368, 27.22253 ], [ 93.0052335, 27.2229879 ], [ 93.0030019, 27.226804 ], [ 93.0019719, 27.2263461 ], [ 93.0019719, 27.2249723 ], [ 93.000427, 27.224667 ], [ 92.9987104, 27.2261935 ], [ 92.9981954, 27.2283304 ], [ 92.9952771, 27.2274146 ], [ 92.9927022, 27.2231406 ], [ 92.9899556, 27.2231406 ], [ 92.9861791, 27.226804 ], [ 92.9846341, 27.2274146 ], [ 92.9822309, 27.227262 ], [ 92.9787976, 27.2249723 ], [ 92.9755361, 27.2249723 ], [ 92.9712445, 27.2266514 ], [ 92.9698712, 27.2252776 ], [ 92.966953, 27.225125 ], [ 92.9650647, 27.2263461 ], [ 92.9626615, 27.2252776 ], [ 92.9602582, 27.2231406 ], [ 92.95631, 27.2234459 ], [ 92.9460103, 27.2228353 ], [ 92.9444654, 27.2214614 ], [ 92.9427488, 27.2214614 ], [ 92.9394872, 27.2196296 ], [ 92.935539, 27.2179505 ], [ 92.9315908, 27.2179505 ], [ 92.9298741, 27.2199349 ], [ 92.9284054, 27.2208296 ], [ 92.9277776, 27.2206187 ], [ 92.9268508, 27.2195781 ], [ 92.9262228, 27.2189386 ], [ 92.9256984, 27.2184292 ], [ 92.9246715, 27.2183429 ], [ 92.9242799, 27.2186358 ], [ 92.9237977, 27.2190478 ], [ 92.9233094, 27.2188311 ], [ 92.9221093, 27.2176275 ], [ 92.9215823, 27.2171016 ], [ 92.9207141, 27.2162938 ], [ 92.9200305, 27.2158851 ], [ 92.919323, 27.2155506 ], [ 92.9187134, 27.215378 ], [ 92.9183293, 27.2153784 ], [ 92.9180001, 27.215704 ], [ 92.9178909, 27.2163954 ], [ 92.9175379, 27.2168376 ], [ 92.9169954, 27.2171939 ], [ 92.9161696, 27.2171174 ], [ 92.9155922, 27.216819 ], [ 92.9153279, 27.2165939 ], [ 92.9150757, 27.2162876 ], [ 92.9146387, 27.2155818 ], [ 92.9143357, 27.2148111 ], [ 92.9134355, 27.2136934 ], [ 92.9128818, 27.213449 ], [ 92.9125562, 27.2130937 ], [ 92.9123708, 27.2128685 ], [ 92.9121204, 27.2125971 ], [ 92.9118063, 27.2124072 ], [ 92.9114177, 27.2123556 ], [ 92.9111631, 27.2126075 ], [ 92.9109528, 27.2135191 ], [ 92.9106451, 27.2139322 ], [ 92.9102855, 27.2142162 ], [ 92.9097857, 27.2150423 ], [ 92.9091031, 27.2159659 ], [ 92.9085292, 27.216432 ], [ 92.9078766, 27.2164266 ], [ 92.9072578, 27.21631 ], [ 92.906834, 27.2161556 ], [ 92.9063409, 27.2162287 ], [ 92.906055, 27.2164644 ], [ 92.9058244, 27.2168057 ], [ 92.905668, 27.2171849 ], [ 92.9054872, 27.2179977 ], [ 92.9051846, 27.2187454 ], [ 92.9046399, 27.219019 ], [ 92.9042303, 27.2191844 ], [ 92.9037096, 27.2191575 ], [ 92.9034228, 27.2189442 ], [ 92.9031944, 27.2187189 ], [ 92.9030343, 27.2182885 ], [ 92.90288, 27.21791 ], [ 92.9025715, 27.217647 ], [ 92.9022292, 27.2176304 ], [ 92.9018136, 27.2177063 ], [ 92.9015144, 27.217619 ], [ 92.9007696, 27.2171014 ] ] } },
{ "type": "Feature", "properties": { "osm_id": 132967732, "tags": { "alt_name:en": "Gorong Chu", "name": "Gorjo Chu", "name:en": "Gorjo Chu", "name:zh": "达旺河1", "source": "US AMS map NG 46-2", "waterway": "river" }, "inside_district": true }, "geometry": { "type": "LineString", "coordinates": [ [ 92.410619, 27.7010312 ], [ 92.4098516, 27.7003887 ], [ 92.4077536, 27.6987337 ], [ 92.4040342, 27.6964538 ], [ 92.4005629, 27.6941739 ], [ 92.3997236, 27.6933966 ], [ 92.3991323, 27.6910153 ], [ 92.3990751, 27.6878908 ], [ 92.398699, 27.6849288 ], [ 92.3977072, 27.6809089 ], [ 92.395857, 27.67748 ], [ 92.3922188, 27.6749337 ], [ 92.3908905, 27.6730376 ], [ 92.3889104, 27.6718548 ], [ 92.3793948, 27.6683761 ], [ 92.3739795, 27.6686298 ], [ 92.3724627, 27.6669196 ], [ 92.3684817, 27.6665516 ], [ 92.3669407, 27.6661089 ], [ 92.3655978, 27.6644846 ], [ 92.3639663, 27.664262 ], [ 92.3625185, 27.6632252 ], [ 92.3599139, 27.6628747 ], [ 92.3498159, 27.6634335 ], [ 92.3497798, 27.6633979 ], [ 92.3496334, 27.6633151 ], [ 92.3493326, 27.6632395 ], [ 92.3490521, 27.6632611 ], [ 92.3487838, 27.6633331 ], [ 92.3485195, 27.6632647 ], [ 92.3482715, 27.6632179 ], [ 92.347991, 27.6633187 ], [ 92.3477796, 27.6634483 ], [ 92.3477227, 27.6636031 ], [ 92.3476942, 27.6637472 ], [ 92.3472348, 27.6641756 ], [ 92.3470641, 27.6643269 ], [ 92.3468283, 27.6643341 ], [ 92.3466413, 27.6642549 ], [ 92.3465396, 27.6641468 ], [ 92.3463607, 27.6639416 ], [ 92.3461331, 27.6639416 ], [ 92.345816, 27.6638948 ], [ 92.3455273, 27.6640352 ], [ 92.3452468, 27.6640604 ], [ 92.3448728, 27.6639164 ], [ 92.344515, 27.663902 ], [ 92.344202, 27.663956 ], [ 92.3439418, 27.6641901 ], [ 92.3438645, 27.6643089 ], [ 92.343771, 27.6643269 ], [ 92.3436653, 27.6642693 ], [ 92.343584, 27.6641468 ], [ 92.3433848, 27.6640388 ], [ 92.3427384, 27.6639416 ], [ 92.3424132, 27.6638948 ], [ 92.342214, 27.663758 ], [ 92.3421042, 27.6635959 ], [ 92.3419253, 27.6634159 ], [ 92.3418359, 27.6632503 ], [ 92.3416123, 27.6632287 ], [ 92.3414293, 27.6633403 ], [ 92.3413074, 27.6635995 ], [ 92.3411773, 27.663758 ], [ 92.3410146, 27.6637256 ], [ 92.340913, 27.6635959 ], [ 92.3406975, 27.6634159 ], [ 92.3403357, 27.6632863 ], [ 92.3398966, 27.6632503 ], [ 92.3390836, 27.6634915 ], [ 92.3388315, 27.6637076 ], [ 92.3385388, 27.6638408 ], [ 92.3382379, 27.663758 ], [ 92.3379777, 27.6637688 ], [ 92.3377297, 27.6639632 ], [ 92.3376119, 27.6642405 ], [ 92.3374248, 27.6644421 ], [ 92.337063, 27.6645141 ], [ 92.3368313, 27.6645969 ], [ 92.3363759, 27.6646221 ], [ 92.335823, 27.6645321 ], [ 92.3353149, 27.6644745 ], [ 92.3349286, 27.6644853 ], [ 92.3345709, 27.6646257 ], [ 92.3339367, 27.6651118 ], [ 92.3336074, 27.6651586 ], [ 92.332965, 27.6651082 ], [ 92.3327577, 27.6649894 ], [ 92.3326845, 27.664777 ], [ 92.3325788, 27.6645033 ], [ 92.332465, 27.6643125 ], [ 92.3320991, 27.6641288 ], [ 92.331786, 27.663866 ], [ 92.3313754, 27.6636139 ], [ 92.3308591, 27.6633187 ], [ 92.3305745, 27.6631062 ], [ 92.3304404, 27.6629658 ], [ 92.3302574, 27.6628218 ], [ 92.3298712, 27.6627606 ], [ 92.3284971, 27.6622348 ], [ 92.327932, 27.6619936 ], [ 92.3276636, 27.6617703 ], [ 92.327436, 27.6615147 ], [ 92.3270457, 27.6613022 ], [ 92.3262082, 27.661097 ], [ 92.325887, 27.6609998 ], [ 92.3256512, 27.6608269 ], [ 92.3254968, 27.6606397 ], [ 92.3253748, 27.6604128 ], [ 92.3251349, 27.6602292 ], [ 92.3248016, 27.660078 ], [ 92.3243584, 27.6600023 ], [ 92.3239194, 27.6600131 ], [ 92.3236551, 27.6600671 ], [ 92.3235169, 27.6602364 ], [ 92.3232404, 27.6603552 ], [ 92.3229599, 27.660276 ], [ 92.3226265, 27.6600347 ], [ 92.3224151, 27.6597143 ], [ 92.322037, 27.6593938 ], [ 92.3216305, 27.6592029 ], [ 92.3211467, 27.6590481 ], [ 92.3208703, 27.6589977 ], [ 92.320671, 27.6590481 ], [ 92.3202604, 27.6590841 ], [ 92.3198132, 27.6589797 ], [ 92.3195368, 27.6588356 ], [ 92.3188456, 27.6587168 ], [ 92.3185123, 27.6585764 ], [ 92.3181911, 27.6584107 ], [ 92.3178699, 27.6583351 ], [ 92.317561, 27.6583891 ], [ 92.3170324, 27.6584035 ], [ 92.316821, 27.658472 ], [ 92.3166625, 27.6585512 ], [ 92.3165609, 27.6587096 ], [ 92.3163738, 27.6587744 ], [ 92.3161055, 27.6587384 ], [ 92.3159022, 27.6586016 ], [ 92.3155933, 27.6583999 ], [ 92.3152965, 27.6583063 ], [ 92.3149875, 27.6582703 ], [ 92.3146501, 27.6581119 ], [ 92.3138167, 27.6579318 ], [ 92.3131133, 27.6577446 ], [ 92.3120807, 27.6574673 ], [ 92.3117839, 27.6573629 ], [ 92.3113733, 27.6571684 ], [ 92.3111253, 27.6569596 ], [ 92.3105155, 27.6567003 ], [ 92.3102309, 27.6565094 ], [ 92.3100033, 27.656171 ], [ 92.3099138, 27.6560485 ], [ 92.3095886, 27.6560413 ], [ 92.3090804, 27.656207 ], [ 92.3087104, 27.6563186 ], [ 92.3084015, 27.6562718 ], [ 92.308064, 27.6560845 ], [ 92.3077998, 27.6560809 ], [ 92.3075152, 27.656189 ], [ 92.3071534, 27.6561818 ], [ 92.306511, 27.6560377 ], [ 92.306202, 27.6560881 ], [ 92.3059093, 27.6561854 ], [ 92.3056654, 27.6561602 ], [ 92.3054337, 27.6559693 ], [ 92.3052954, 27.655692 ], [ 92.3049458, 27.6555588 ], [ 92.3045962, 27.65544 ], [ 92.3041978, 27.655476 ], [ 92.3039376, 27.6554183 ], [ 92.3036693, 27.6554111 ], [ 92.3035392, 27.6553463 ], [ 92.3033643, 27.6551627 ], [ 92.3031692, 27.6550474 ], [ 92.3028277, 27.6550582 ], [ 92.3025025, 27.6551087 ], [ 92.3020431, 27.6549682 ], [ 92.3016447, 27.654835 ], [ 92.3012706, 27.6544929 ], [ 92.3010755, 27.6541364 ], [ 92.3009617, 27.6539383 ], [ 92.300799, 27.6538195 ], [ 92.3005836, 27.6537583 ], [ 92.3003803, 27.6537691 ], [ 92.2999656, 27.6539059 ], [ 92.2995062, 27.6542228 ], [ 92.2993436, 27.6542552 ], [ 92.2992257, 27.6542336 ], [ 92.2991241, 27.6541184 ], [ 92.2990021, 27.6539743 ], [ 92.2988557, 27.6539455 ], [ 92.298563, 27.6539779 ], [ 92.2980386, 27.6540536 ], [ 92.2977337, 27.6540391 ], [ 92.2975127, 27.653942 ], [ 92.297147, 27.6536229 ], [ 92.2967232, 27.6534756 ], [ 92.296514, 27.6534043 ], [ 92.2963048, 27.6532142 ], [ 92.2960258, 27.6531667 ], [ 92.2954518, 27.653105 ], [ 92.2942234, 27.6531477 ], [ 92.2939498, 27.6531097 ], [ 92.2935958, 27.653143 ], [ 92.2931505, 27.6528626 ], [ 92.2922868, 27.6528008 ], [ 92.2915626, 27.6525918 ], [ 92.2905005, 27.6523589 ], [ 92.2898943, 27.6522972 ], [ 92.2893418, 27.6524492 ], [ 92.2888912, 27.6523399 ], [ 92.2877164, 27.652416 ], [ 92.2870994, 27.6525918 ], [ 92.2866274, 27.6528199 ], [ 92.2864021, 27.6526345 ], [ 92.2859622, 27.652435 ], [ 92.2855813, 27.6526345 ], [ 92.2850341, 27.6527913 ], [ 92.2839827, 27.6528484 ], [ 92.2834355, 27.6526726 ], [ 92.2829045, 27.6528436 ], [ 92.2823627, 27.6530337 ], [ 92.2817136, 27.6530432 ], [ 92.2810967, 27.6526678 ], [ 92.2805978, 27.6523875 ], [ 92.2798521, 27.6523494 ], [ 92.2792996, 27.6523162 ], [ 92.2787631, 27.6524445 ], [ 92.2780121, 27.6526535 ], [ 92.2769929, 27.652644 ], [ 92.2765369, 27.6525348 ], [ 92.2762687, 27.6526868 ], [ 92.2759093, 27.6530812 ], [ 92.275641, 27.6532237 ], [ 92.2753299, 27.653238 ], [ 92.2749115, 27.6530574 ], [ 92.2744877, 27.6529529 ], [ 92.2742356, 27.6530527 ], [ 92.2742731, 27.6531762 ], [ 92.274359, 27.6534186 ], [ 92.2742356, 27.6535754 ], [ 92.27408, 27.6538747 ], [ 92.2741551, 27.6542311 ], [ 92.2741444, 27.6544687 ], [ 92.2739888, 27.6545304 ], [ 92.2732485, 27.6544117 ], [ 92.2728086, 27.6542121 ], [ 92.2721595, 27.6537892 ], [ 92.2718699, 27.6537179 ], [ 92.2717036, 27.6537797 ], [ 92.2716177, 27.6539507 ], [ 92.2715373, 27.6542216 ], [ 92.2713549, 27.6544307 ], [ 92.2711028, 27.6544829 ], [ 92.2706843, 27.6544022 ], [ 92.2701479, 27.6544544 ], [ 92.269767, 27.6546397 ], [ 92.2695202, 27.6549676 ], [ 92.2693003, 27.6550626 ], [ 92.2690428, 27.6551101 ], [ 92.2687049, 27.6552622 ], [ 92.268442, 27.6554665 ], [ 92.2680772, 27.6556471 ], [ 92.2677554, 27.6557516 ], [ 92.2675247, 27.6557944 ], [ 92.2674174, 27.6557944 ], [ 92.2673316, 27.6557516 ], [ 92.2673262, 27.6556376 ], [ 92.2674442, 27.655362 ], [ 92.2675891, 27.6551054 ], [ 92.2676373, 27.6548678 ], [ 92.267573, 27.6547348 ], [ 92.2674389, 27.6546207 ], [ 92.2671975, 27.6545257 ], [ 92.2668917, 27.6545209 ], [ 92.2665215, 27.6548013 ], [ 92.2662748, 27.6549153 ], [ 92.2660119, 27.6550484 ], [ 92.2658832, 27.6551862 ], [ 92.2658724, 27.6553382 ], [ 92.2659475, 27.6555188 ], [ 92.2660656, 27.6556661 ], [ 92.266087, 27.6557754 ], [ 92.2660548, 27.6559322 ], [ 92.2659636, 27.6560129 ], [ 92.2658349, 27.6560129 ], [ 92.2656418, 27.6559036 ], [ 92.2654916, 27.6557326 ], [ 92.2653199, 27.6556138 ], [ 92.2650195, 27.655552 ], [ 92.2645582, 27.655571 ], [ 92.2643758, 27.6556661 ], [ 92.2643758, 27.6558134 ], [ 92.2645421, 27.6559464 ], [ 92.2649176, 27.656146 ], [ 92.2651322, 27.6563123 ], [ 92.2651858, 27.6564501 ], [ 92.2651536, 27.6565974 ], [ 92.2650463, 27.6567494 ], [ 92.2648639, 27.6568777 ], [ 92.2645528, 27.6568777 ], [ 92.2642738, 27.6567542 ], [ 92.2640593, 27.6565451 ], [ 92.2638071, 27.6564833 ], [ 92.2635175, 27.6565784 ], [ 92.2633458, 27.6567304 ], [ 92.2631902, 27.6567257 ], [ 92.2629596, 27.6568064 ], [ 92.2626806, 27.6570678 ], [ 92.2622997, 27.6574051 ], [ 92.2620208, 27.6576807 ], [ 92.2616238, 27.6578185 ], [ 92.2611625, 27.6579135 ], [ 92.2610498, 27.6582319 ], [ 92.2608513, 27.6583697 ], [ 92.2605509, 27.6584837 ], [ 92.260272, 27.6584837 ], [ 92.2599984, 27.6586785 ], [ 92.2596658, 27.6587118 ], [ 92.2592688, 27.658669 ], [ 92.2590811, 27.658669 ], [ 92.2588719, 27.6588543 ], [ 92.2587592, 27.6591204 ], [ 92.2584964, 27.6593675 ], [ 92.2581423, 27.6595338 ], [ 92.2577346, 27.6598711 ], [ 92.2576112, 27.6601134 ], [ 92.2573484, 27.6603938 ], [ 92.2571123, 27.660484 ], [ 92.2569247, 27.6604424 ], [ 92.2489432, 27.6656245 ], [ 92.2468794, 27.6673255 ], [ 92.2399717, 27.6694586 ], [ 92.23567, 27.6699772 ], [ 92.2318642, 27.6713741 ], [ 92.2290413, 27.6712669 ], [ 92.2276953, 27.671556 ], [ 92.223028, 27.6713774 ], [ 92.2166258, 27.6702407 ], [ 92.2070726, 27.6741544 ], [ 92.20403, 27.6756735 ], [ 92.203575, 27.6759258 ], [ 92.2027893, 27.6756818 ], [ 92.2017841, 27.6753018 ], [ 92.2014694, 27.675114 ], [ 92.2011546, 27.6751876 ], [ 92.2006066, 27.6754324 ], [ 92.1978305, 27.6780144 ], [ 92.1969336, 27.6793126 ] ] } },
{ "type": "Feature", "properties": { "osm_id": 155294103, "tags": { "name": "Dirang", "name:zh": "河流STR", "waterway": "river" }, "inside_district": true }, "geometry": { "type": "LineString", "coordinates": [ [ 92.0546687, 27.3822853 ], [ 92.0550334, 27.3823997 ], [ 92.0557952, 27.3824759 ], [ 92.058692, 27.3826283 ], [ 92.0597434, 27.3827426 ], [ 92.061696, 27.3827426 ], [ 92.0628762, 27.3831428 ], [ 92.0638847, 27.383238 ], [ 92.0647001, 27.3834476 ], [ 92.0668244, 27.3840573 ], [ 92.0685196, 27.3849528 ], [ 92.0698714, 27.3856197 ], [ 92.0716738, 27.3858674 ], [ 92.0727896, 27.3861531 ], [ 92.0736909, 27.3864389 ], [ 92.07515, 27.386839 ], [ 92.0763731, 27.3872392 ], [ 92.0772099, 27.3876964 ], [ 92.0777035, 27.3883251 ], [ 92.0780682, 27.3888205 ], [ 92.0788407, 27.3893349 ], [ 92.0799994, 27.3903256 ], [ 92.0799458, 27.3918974 ], [ 92.0806539, 27.3926976 ], [ 92.0809114, 27.3931167 ], [ 92.0814907, 27.393393 ], [ 92.0821237, 27.3936978 ], [ 92.0828426, 27.3940788 ], [ 92.0831859, 27.3945075 ], [ 92.0836258, 27.3944694 ], [ 92.0843983, 27.3943646 ], [ 92.08516, 27.3944313 ], [ 92.0855999, 27.3941455 ], [ 92.0863294, 27.3937835 ], [ 92.0871985, 27.393955 ], [ 92.0882928, 27.394317 ], [ 92.0892048, 27.3946599 ], [ 92.0904279, 27.3950028 ], [ 92.0914471, 27.3953267 ], [ 92.0921123, 27.3957363 ], [ 92.0926273, 27.3961935 ], [ 92.0935607, 27.396384 ], [ 92.0947409, 27.396565 ], [ 92.0951807, 27.3962507 ], [ 92.0950949, 27.3956029 ], [ 92.0955562, 27.3950028 ], [ 92.0967257, 27.3948409 ], [ 92.0975196, 27.394879 ], [ 92.0986998, 27.3947361 ], [ 92.100631, 27.3944789 ], [ 92.1014357, 27.3944313 ], [ 92.1026051, 27.3943932 ], [ 92.1035385, 27.3946218 ], [ 92.104429, 27.3947742 ], [ 92.1051264, 27.394898 ], [ 92.1058452, 27.3952886 ], [ 92.1071112, 27.3959744 ], [ 92.1091926, 27.3964126 ], [ 92.1095681, 27.396546 ], [ 92.10989, 27.3970032 ], [ 92.110126, 27.3974509 ], [ 92.1109414, 27.3975461 ], [ 92.1115637, 27.397689 ], [ 92.1120357, 27.3980224 ], [ 92.112422, 27.3983844 ], [ 92.1129906, 27.3985463 ], [ 92.1137524, 27.3986035 ], [ 92.1142673, 27.398632 ], [ 92.1150184, 27.3986606 ], [ 92.1158981, 27.3986225 ], [ 92.1166277, 27.3998513 ], [ 92.1179688, 27.4004133 ], [ 92.1185696, 27.4008514 ], [ 92.1193957, 27.4010515 ], [ 92.1200502, 27.4013848 ], [ 92.1205437, 27.4018611 ], [ 92.1214235, 27.4020802 ], [ 92.1228182, 27.4022326 ], [ 92.1239233, 27.4024326 ], [ 92.1246099, 27.4028898 ], [ 92.1249318, 27.403366 ], [ 92.1251464, 27.4039471 ], [ 92.1252108, 27.4044233 ], [ 92.1254897, 27.4047471 ], [ 92.126348, 27.4046233 ], [ 92.1270883, 27.4047281 ], [ 92.1284294, 27.4050519 ], [ 92.1295017, 27.4051098 ] ] } },
{ "type": "Feature", "properties": { "osm_id": 155294104, "tags": { "alt_name": "Dirang River;Digien River", "name": "Dirang Chu", "name:en": "Dirang Chu", "name:zh": "科马河", "name:zh-Hans": "科马河", "name:zh-Hant": "科馬河", "name:zh-Latn-pinyin": "Dé zōng hé", "waterway": "river" }, "inside_district": true }, "geometry": { "type": "LineString", "coordinates": [ [ 92.2045894, 27.3936228 ], [ 92.2046413, 27.3935815 ], [ 92.2050279, 27.3932739 ], [ 92.2052479, 27.3925404 ], [ 92.2055912, 27.3920451 ], [ 92.2066642, 27.3905403 ], [ 92.2073723, 27.3888827 ], [ 92.2083165, 27.3882159 ], [ 92.2101833, 27.3881968 ], [ 92.2108699, 27.3875491 ], [ 92.2117712, 27.3873204 ], [ 92.2128655, 27.3879111 ], [ 92.2146678, 27.3874868 ], [ 92.2152471, 27.38682 ], [ 92.2167492, 27.3860579 ], [ 92.2188091, 27.3859245 ], [ 92.2208047, 27.3846099 ], [ 92.222178, 27.3840192 ], [ 92.2243452, 27.383581 ], [ 92.225893, 27.3824262 ], [ 92.2291517, 27.3819614 ], [ 92.2313647, 27.3810353 ], [ 92.2323502, 27.3793297 ], [ 92.2336163, 27.3778053 ], [ 92.2368698, 27.3766716 ], [ 92.2404919, 27.3756084 ], [ 92.2411694, 27.3740706 ], [ 92.2412552, 27.37247 ], [ 92.240389, 27.3708288 ], [ 92.2405303, 27.3670129 ], [ 92.2410192, 27.3641997 ], [ 92.2428726, 27.3628252 ], [ 92.2435699, 27.3613007 ], [ 92.2437362, 27.3588788 ], [ 92.2441015, 27.3582234 ], [ 92.2451645, 27.3569809 ], [ 92.2477458, 27.3550509 ], [ 92.2480948, 27.3548593 ], [ 92.2484834, 27.3545565 ], [ 92.249421, 27.3540851 ], [ 92.2503211, 27.353816 ], [ 92.2506768, 27.3536409 ], [ 92.2531684, 27.3523343 ], [ 92.2543915, 27.3520865 ], [ 92.2554269, 27.3511124 ], [ 92.2570366, 27.3509028 ], [ 92.2605625, 27.3503929 ], [ 92.2615496, 27.3497545 ], [ 92.2623936, 27.3486902 ], [ 92.2647569, 27.3481111 ], [ 92.2657965, 27.348142 ] ] } },
{ "type": "Feature", "properties": { "osm_id": 155294109, "tags": { "name": "Rama", "waterway": "river" }, "inside_district": true }, "geometry": { "type": "LineString", "coordinates": [ [ 92.1595001, 27.5516172 ], [ 92.1602726, 27.5458337 ], [ 92.1603584, 27.5441595 ], [ 92.1624612, 27.5390986 ], [ 92.1629762, 27.5350268 ], [ 92.1643924, 27.5328577 ], [ 92.1683401, 27.5311079 ], [ 92.1687692, 27.5301184 ], [ 92.1697563, 27.5294715 ], [ 92.1701854, 27.5289748 ], [ 92.1703571, 27.528482 ], [ 92.1707433, 27.5274906 ], [ 92.1708721, 27.5265773 ], [ 92.1708721, 27.5262366 ], [ 92.1716016, 27.5257419 ], [ 92.1723312, 27.52578 ], [ 92.1731466, 27.5250188 ], [ 92.1738332, 27.524446 ], [ 92.1740907, 27.5234965 ], [ 92.174434, 27.523192 ], [ 92.1747774, 27.5226592 ], [ 92.175464, 27.5222406 ], [ 92.1763223, 27.5220864 ], [ 92.1768373, 27.5217839 ], [ 92.1772665, 27.5215174 ], [ 92.1777814, 27.5214413 ], [ 92.1785968, 27.5215174 ], [ 92.1792406, 27.5213652 ], [ 92.1799272, 27.5212111 ], [ 92.1809143, 27.5204898 ], [ 92.1816009, 27.5199551 ], [ 92.1826309, 27.5195764 ], [ 92.1833175, 27.5194242 ], [ 92.1845191, 27.5191958 ], [ 92.1854633, 27.5192339 ], [ 92.1866649, 27.5190816 ], [ 92.1875661, 27.5189675 ], [ 92.1888107, 27.5188533 ], [ 92.1893686, 27.5188152 ], [ 92.1905702, 27.5185869 ], [ 92.1919435, 27.5190055 ], [ 92.1930593, 27.5194242 ], [ 92.1937459, 27.519957 ], [ 92.1944326, 27.5204137 ], [ 92.1955484, 27.5204499 ], [ 92.1966213, 27.5198809 ], [ 92.1979516, 27.518663 ], [ 92.1991962, 27.5181301 ], [ 92.2003978, 27.5179398 ], [ 92.201299, 27.5175973 ], [ 92.2018999, 27.516798 ], [ 92.2024578, 27.5155401 ], [ 92.2030157, 27.5143621 ], [ 92.2032785, 27.5132517 ], [ 92.2039169, 27.5128397 ], [ 92.2051614, 27.5121526 ], [ 92.2057676, 27.511596 ], [ 92.2059217, 27.5110765 ] ] } },
{ "type": "Feature", "properties": { "osm_id": 157600646, "tags": { "alt_name:zh": "帕罗里河", "alt_name:zh-Hans": "帕罗里河", "alt_name:zh-Hant": "帕羅里河", "boat": "no", "name": "Kameng River", "name:bn": "ভৰলী নদ", "name:en": "Kameng River", "name:zh": "卡门河", "name:zh-Hans": "卡门河", "name:zh-Hant": "卡門河", "old_name:en": "Bhareli River", "source": "Yahoo", "waterway": "river" }, "inside_district": true }, "geometry": { "type": "LineString", "coordinates": [ [ 92.8937806, 27.2625467 ], [ 92.8930577, 27.2610655 ], [ 92.8922982, 27.259911 ], [ 92.8912567, 27.258598 ], [ 92.8909472, 27.2576143 ], [ 92.8908399, 27.2564182 ], [ 92.8917593, 27.2555514 ], [ 92.8925501, 27.2547988 ], [ 92.8935099, 27.2541892 ], [ 92.8943962, 27.253743 ], [ 92.8949694, 27.2537477 ], [ 92.8959834, 27.2533278 ], [ 92.8965934, 27.2519927 ], [ 92.8968727, 27.2509515 ], [ 92.8969541, 27.2501464 ], [ 92.8967967, 27.2493413 ], [ 92.8964085, 27.2486458 ], [ 92.8954378, 27.248045 ], [ 92.8944672, 27.2474768 ], [ 92.8941565, 27.2466457 ], [ 92.8943419, 27.2443951 ], [ 92.894417, 27.2426671 ], [ 92.8946408, 27.241204 ], [ 92.8946474, 27.2397804 ], [ 92.8944639, 27.237874 ], [ 92.8948552, 27.235199 ], [ 92.8966417, 27.2323319 ], [ 92.8982885, 27.2304674 ], [ 92.8987806, 27.2296887 ], [ 92.8983001, 27.2280552 ], [ 92.8988034, 27.226804 ], [ 92.8991724, 27.2258666 ], [ 92.8991468, 27.225125 ], [ 92.9002095, 27.2210325 ], [ 92.9012256, 27.2193113 ], [ 92.9011612, 27.2181726 ], [ 92.9007696, 27.2171014 ] ] } },
{ "type": "Feature", "properties": { "osm_id": 157600647, "tags": { "alt_name:zh": "帕罗里河", "alt_name:zh-Hans": "帕罗里河", "alt_name:zh-Hant": "帕羅里河", "boat": "no", "name": "Kameng River", "name:bn": "ভৰলী নদ", "name:en": "Kameng River", "name:zh": "卡门河", "name:zh-Hans": "卡门河", "name:zh-Hant": "卡門河", "old_name:en": "Bhareli River", "source": "Yahoo", "waterway": "river" }, "inside_district": true }, "geometry": { "type": "LineString", "coordinates": [ [ 92.7906345, 27.178996 ], [ 92.7883932, 27.178735 ], [ 92.7858741, 27.178739 ], [ 92.7833605, 27.1785498 ], [ 92.7819855, 27.1792321 ], [ 92.7805618, 27.1799385 ], [ 92.7792414, 27.1816559 ], [ 92.7769554, 27.1846293 ], [ 92.7759149, 27.1855786 ], [ 92.7730286, 27.1873015 ], [ 92.7697992, 27.1904169 ], [ 92.7669991, 27.1926728 ], [ 92.7652394, 27.1933161 ], [ 92.7634319, 27.1936473 ], [ 92.760689, 27.1940955 ], [ 92.7588151, 27.1942979 ], [ 92.7569412, 27.1943269 ], [ 92.7563107, 27.1943887 ], [ 92.7534319, 27.1946068 ], [ 92.7512537, 27.194397 ], [ 92.7493183, 27.1937373 ], [ 92.7481377, 27.1932851 ], [ 92.7459853, 27.191664 ], [ 92.7457169, 27.1914547 ], [ 92.743906, 27.1900429 ], [ 92.7418983, 27.1893067 ], [ 92.7399028, 27.1888199 ], [ 92.7387596, 27.1887933 ], [ 92.7377869, 27.1881162 ], [ 92.7376037, 27.1869233 ], [ 92.7379567, 27.1848197 ], [ 92.7368766, 27.1838823 ], [ 92.7358968, 27.1834454 ], [ 92.7347792, 27.183341 ], [ 92.7329584, 27.1831008 ], [ 92.7315763, 27.1827088 ], [ 92.7287829, 27.1821575 ], [ 92.7282209, 27.1818305 ], [ 92.7274856, 27.1810445 ], [ 92.7272231, 27.1802603 ], [ 92.7257715, 27.1785741 ], [ 92.7231073, 27.1763154 ], [ 92.7221639, 27.1753519 ], [ 92.718559, 27.1729085 ], [ 92.7151258, 27.172603 ], [ 92.7108342, 27.1729085 ], [ 92.7071741, 27.1720387 ], [ 92.7017362, 27.1722976 ], [ 92.6952062, 27.1706716 ], [ 92.6935166, 27.1684828 ], [ 92.6924648, 27.1667893 ], [ 92.6909954, 27.1654552 ], [ 92.6897737, 27.1644279 ], [ 92.6881749, 27.1642034 ], [ 92.6859639, 27.1648081 ], [ 92.6828418, 27.1641253 ], [ 92.6799352, 27.1638979 ], [ 92.6775428, 27.1626491 ], [ 92.6766873, 27.1617976 ], [ 92.6741247, 27.1596939 ], [ 92.6726656, 27.1586612 ], [ 92.6718356, 27.1584683 ], [ 92.6704938, 27.1584355 ], [ 92.669178, 27.1589229 ], [ 92.668507, 27.1595783 ], [ 92.6676658, 27.1599142 ], [ 92.6662307, 27.1592281 ], [ 92.6657236, 27.1580941 ], [ 92.6653194, 27.1573055 ], [ 92.6643304, 27.1555457 ], [ 92.6608562, 27.1546831 ], [ 92.6577909, 27.1551921 ], [ 92.6565178, 27.1554942 ], [ 92.6552804, 27.1554385 ], [ 92.6537893, 27.1545792 ], [ 92.6527936, 27.1536447 ], [ 92.6524323, 27.1521934 ], [ 92.6517827, 27.1498461 ], [ 92.6505978, 27.1495288 ], [ 92.6480062, 27.1503043 ], [ 92.6439907, 27.150544 ], [ 92.6416867, 27.150538 ], [ 92.6393827, 27.1504241 ], [ 92.6377687, 27.1500618 ], [ 92.6362827, 27.1495256 ], [ 92.6343792, 27.1481644 ], [ 92.6327854, 27.1467553 ], [ 92.6317589, 27.1458777 ], [ 92.6307339, 27.1459328 ], [ 92.6303285, 27.1461677 ], [ 92.6291574, 27.1479457 ], [ 92.6272722, 27.1484333 ], [ 92.6265384, 27.1484014 ], [ 92.6259998, 27.1482437 ], [ 92.6236056, 27.1472745 ], [ 92.6193483, 27.1462047 ], [ 92.617692, 27.1458114 ], [ 92.6153146, 27.1446082 ], [ 92.6135804, 27.1441125 ], [ 92.6104663, 27.1425495 ], [ 92.6091703, 27.14137 ], [ 92.6083051, 27.140456 ], [ 92.6070594, 27.1391389 ], [ 92.6063487, 27.1376814 ], [ 92.6061335, 27.1363893 ], [ 92.6066863, 27.1345308 ] ] } },
{ "type": "Feature", "properties": { "osm_id": 157600703, "tags": { "waterway": "stream" }, "inside_district": true }, "geometry": { "type": "LineString", "coordinates": [ [ 92.8309795, 27.2325114 ], [ 92.8285655, 27.2327976 ], [ 92.8266343, 27.232893 ], [ 92.8251502, 27.2328135 ], [ 92.8243097, 27.2325591 ], [ 92.8235587, 27.2321139 ], [ 92.822611, 27.2318754 ], [ 92.821353, 27.2319681 ], [ 92.8194576, 27.2323974 ], [ 92.8177052, 27.232302 ], [ 92.8167933, 27.2318727 ], [ 92.8157447, 27.2313692 ], [ 92.8136525, 27.2304152 ], [ 92.8115246, 27.2294294 ], [ 92.809994, 27.2294831 ], [ 92.8031694, 27.2276544 ], [ 92.7993733, 27.2253173 ], [ 92.7936295, 27.2234465 ], [ 92.7909139, 27.2205411 ], [ 92.7882301, 27.21998 ], [ 92.7876278, 27.2174944 ], [ 92.7858664, 27.2159327 ], [ 92.7830559, 27.2146657 ], [ 92.7810944, 27.2129187 ], [ 92.7780482, 27.2127298 ], [ 92.7769489, 27.2077056 ], [ 92.7749507, 27.2061294 ], [ 92.7752768, 27.2047906 ], [ 92.7726556, 27.2017905 ], [ 92.7700268, 27.1989655 ], [ 92.7688277, 27.1988614 ], [ 92.7662892, 27.1963479 ], [ 92.7638752, 27.1946729 ], [ 92.7634319, 27.1936473 ] ] } },
{ "type": "Feature", "properties": { "osm_id": 159136140, "tags": { "waterway": "river" }, "inside_district": true }, "geometry": { "type": "LineString", "coordinates": [ [ 92.2613716, 26.943482 ], [ 92.2540518, 26.9308563 ], [ 92.2486414, 26.9180872 ], [ 92.247856, 26.9114728 ] ] } },
{ "type": "Feature", "properties": { "osm_id": 159136156, "tags": { "waterway": "stream" }, "inside_district": true }, "geometry": { "type": "LineString", "coordinates": [ [ 92.1605542, 26.9096964 ], [ 92.1642141, 26.8969249 ], [ 92.1712157, 26.8825908 ], [ 92.1718523, 26.8737907 ], [ 92.1713749, 26.8632865 ], [ 92.1735113, 26.8559938 ], [ 92.1759855, 26.8549459 ], [ 92.1768258, 26.8539008 ], [ 92.1770678, 26.852549 ], [ 92.1770678, 26.8512313 ], [ 92.1777553, 26.8495728 ], [ 92.1794487, 26.8479484 ], [ 92.1798052, 26.8473917 ], [ 92.1809002, 26.8448584 ], [ 92.1814222, 26.8434043 ], [ 92.181957, 26.8415867 ], [ 92.1822065, 26.8392885 ] ] } },
{ "type": "Feature", "properties": { "osm_id": 159136157, "tags": { "waterway": "stream" }, "inside_district": true }, "geometry": { "type": "LineString", "coordinates": [ [ 92.2068603, 26.9094126 ], [ 92.2054281, 26.9018918 ], [ 92.2073376, 26.8862809 ], [ 92.2057464, 26.8749262 ], [ 92.2018254, 26.8663816 ], [ 92.2016859, 26.8639358 ], [ 92.1996995, 26.8490901 ], [ 92.2048996, 26.8320831 ], [ 92.2069158, 26.8314589 ], [ 92.2087885, 26.8310733 ], [ 92.2100489, 26.8305591 ], [ 92.2108772, 26.8295951 ], [ 92.2117415, 26.8279561 ], [ 92.2125338, 26.8267992 ], [ 92.2140103, 26.8257387 ], [ 92.2151267, 26.8248389 ], [ 92.216171, 26.8236176 ], [ 92.2176835, 26.8213037 ], [ 92.2182597, 26.8200182 ], [ 92.2180797, 26.8187326 ], [ 92.2178276, 26.8177042 ], [ 92.2176613, 26.8164724 ] ] } },
{ "type": "Feature", "properties": { "osm_id": 170004413, "tags": { "waterway": "river" }, "inside_district": true }, "geometry": { "type": "LineString", "coordinates": [ [ 92.3648858, 26.9798911 ], [ 92.3651788, 26.9787673 ], [ 92.3659176, 26.978631 ], [ 92.365994, 26.9778364 ], [ 92.3671532, 26.9768714 ], [ 92.3674972, 26.975861 ], [ 92.3678157, 26.9753615 ], [ 92.3687456, 26.9739084 ], [ 92.369357, 26.973091 ], [ 92.3692169, 26.9726823 ], [ 92.3687074, 26.9722395 ], [ 92.3683634, 26.9706501 ], [ 92.3685035, 26.9698327 ], [ 92.3677265, 26.9695148 ], [ 92.3675991, 26.9690833 ], [ 92.3683507, 26.9679366 ], [ 92.3680322, 26.9670057 ], [ 92.3665418, 26.9663245 ], [ 92.3665291, 26.9658363 ], [ 92.3672552, 26.9652118 ], [ 92.3677392, 26.9646895 ], [ 92.3675736, 26.9635769 ], [ 92.3671787, 26.9631227 ], [ 92.3656246, 26.9632022 ], [ 92.3651915, 26.962941 ], [ 92.3651788, 26.9623279 ], [ 92.3659686, 26.9619305 ], [ 92.365994, 26.9615332 ], [ 92.3655227, 26.9608519 ], [ 92.3642361, 26.9601707 ], [ 92.3638794, 26.9593759 ], [ 92.3638794, 26.9578657 ], [ 92.3633826, 26.9572185 ], [ 92.362147, 26.9571391 ], [ 92.3619304, 26.9568325 ], [ 92.3623381, 26.9562988 ], [ 92.3625037, 26.9553564 ], [ 92.3619686, 26.954289 ], [ 92.361854, 26.953744 ], [ 92.3625546, 26.9525858 ], [ 92.3627839, 26.9516888 ], [ 92.3625546, 26.9511097 ], [ 92.3615101, 26.9506214 ], [ 92.3614464, 26.9501104 ], [ 92.3624272, 26.9484525 ], [ 92.3623763, 26.9478053 ], [ 92.3615483, 26.9475782 ], [ 92.3610769, 26.9470899 ], [ 92.3614081, 26.9459771 ], [ 92.3614336, 26.9449778 ], [ 92.3615865, 26.9436151 ], [ 92.3632807, 26.9422183 ], [ 92.3642489, 26.9403672 ], [ 92.364924, 26.9398903 ], [ 92.3654972, 26.9393565 ], [ 92.3661724, 26.9380733 ], [ 92.3661087, 26.9374373 ], [ 92.3650132, 26.9367673 ], [ 92.3649113, 26.9362562 ], [ 92.3653444, 26.935961 ], [ 92.3661342, 26.9362562 ], [ 92.3669749, 26.9362789 ], [ 92.3678666, 26.9356884 ], [ 92.3680577, 26.9342575 ], [ 92.3678029, 26.9334625 ], [ 92.3672679, 26.9329741 ], [ 92.3664908, 26.9328833 ], [ 92.3653826, 26.9331104 ], [ 92.3644017, 26.9328151 ], [ 92.3637775, 26.931952 ], [ 92.3630132, 26.9314069 ], [ 92.3619941, 26.9305437 ], [ 92.3610515, 26.9298737 ], [ 92.3603508, 26.9291809 ], [ 92.3602999, 26.9279088 ], [ 92.3599942, 26.9268185 ], [ 92.3592935, 26.9259553 ], [ 92.3579687, 26.9252739 ], [ 92.3575356, 26.9247855 ], [ 92.3573445, 26.9231727 ], [ 92.3566312, 26.9213213 ], [ 92.3555229, 26.9197766 ], [ 92.3532682, 26.9179593 ], [ 92.3525421, 26.9171756 ], [ 92.3521982, 26.9159488 ], [ 92.3516122, 26.9153355 ], [ 92.3512428, 26.9144608 ], [ 92.3510389, 26.9118483 ], [ 92.3506568, 26.9104284 ], [ 92.3491919, 26.9083156 ], [ 92.3488224, 26.9067707 ], [ 92.3489243, 26.9056006 ], [ 92.3496504, 26.9041466 ], [ 92.349625, 26.9034764 ], [ 92.3492301, 26.9027834 ], [ 92.3492301, 26.9021359 ], [ 92.3499689, 26.9009317 ], [ 92.3500199, 26.8999661 ], [ 92.3491536, 26.8987846 ], [ 92.3489498, 26.8979099 ], [ 92.348211, 26.8972055 ], [ 92.3480709, 26.8964217 ], [ 92.3484148, 26.895456 ], [ 92.3484021, 26.8949448 ], [ 92.3478925, 26.8946494 ], [ 92.3472811, 26.8944563 ], [ 92.3466059, 26.8941722 ], [ 92.3461473, 26.8933088 ], [ 92.3461346, 26.8922863 ], [ 92.3461219, 26.8910707 ], [ 92.3458416, 26.8904572 ], [ 92.3458416, 26.8894801 ], [ 92.3453321, 26.8885939 ], [ 92.3451919, 26.8880259 ], [ 92.3454085, 26.8872533 ], [ 92.345141, 26.8865716 ], [ 92.3440709, 26.8861171 ], [ 92.342848, 26.8857649 ], [ 92.3413449, 26.884856 ], [ 92.3407844, 26.8834471 ], [ 92.3414977, 26.8815383 ], [ 92.3408099, 26.8805839 ], [ 92.3397908, 26.8800158 ], [ 92.3397653, 26.8790159 ], [ 92.3412175, 26.8772206 ], [ 92.3428735, 26.8750163 ], [ 92.3432557, 26.8739027 ], [ 92.3427971, 26.8728801 ], [ 92.3418799, 26.8718347 ], [ 92.3419308, 26.8701984 ], [ 92.3413194, 26.8690166 ], [ 92.3399691, 26.8673348 ], [ 92.3398162, 26.8656757 ], [ 92.3402239, 26.8644257 ], [ 92.3394596, 26.8630393 ], [ 92.3381602, 26.8616529 ], [ 92.3381857, 26.8599256 ], [ 92.3377526, 26.8586755 ], [ 92.3377781, 26.8558344 ], [ 92.3390519, 26.8549252 ], [ 92.3393831, 26.8536296 ], [ 92.3386698, 26.8521749 ], [ 92.338415, 26.8509474 ], [ 92.3376762, 26.8495381 ], [ 92.3365042, 26.8487653 ], [ 92.3356889, 26.8473333 ], [ 92.3346699, 26.8461285 ], [ 92.3341603, 26.8452647 ], [ 92.3347208, 26.8441509 ], [ 92.3346189, 26.8428779 ], [ 92.3349501, 26.8417185 ], [ 92.3346699, 26.8409457 ], [ 92.3337017, 26.8406729 ], [ 92.3327591, 26.8402182 ], [ 92.3324024, 26.8390361 ], [ 92.3321476, 26.8376039 ], [ 92.3314597, 26.8369447 ], [ 92.3308738, 26.8351715 ], [ 92.3316126, 26.8333983 ], [ 92.3318674, 26.8322388 ], [ 92.3313833, 26.8310112 ], [ 92.3318674, 26.8295107 ], [ 92.3316636, 26.8283058 ], [ 92.3312814, 26.8269871 ], [ 92.3296763, 26.8254866 ], [ 92.3295489, 26.8244408 ], [ 92.3299311, 26.8234177 ], [ 92.3304916, 26.8220308 ], [ 92.3296509, 26.8203028 ], [ 92.3296254, 26.8194388 ], [ 92.3302114, 26.818643 ], [ 92.3317655, 26.8175289 ], [ 92.3323769, 26.816483 ], [ 92.3325807, 26.814664 ], [ 92.3330903, 26.8138455 ], [ 92.3327081, 26.8124812 ], [ 92.3319438, 26.8111169 ], [ 92.3318419, 26.809889 ], [ 92.3325553, 26.8092069 ], [ 92.3337527, 26.8083655 ], [ 92.3342367, 26.8074332 ], [ 92.3337527, 26.8065919 ], [ 92.3326062, 26.8064782 ], [ 92.3318419, 26.8061598 ], [ 92.3313069, 26.8053412 ], [ 92.3314597, 26.8044999 ], [ 92.3321986, 26.8030673 ], [ 92.3321986, 26.8018848 ], [ 92.33174, 26.8007705 ], [ 92.3308483, 26.7996335 ], [ 92.3303387, 26.7988375 ], [ 92.3305171, 26.797655 ], [ 92.3310521, 26.796336 ], [ 92.3325298, 26.7946077 ], [ 92.3358163, 26.7924245 ], [ 92.3366826, 26.7916057 ], [ 92.3373322, 26.790082 ], [ 92.3372813, 26.7891154 ], [ 92.3367335, 26.7885014 ], [ 92.3357144, 26.7879442 ], [ 92.3340839, 26.787694 ], [ 92.3324788, 26.7875234 ], [ 92.3316254, 26.7870913 ], [ 92.3308865, 26.7860792 ], [ 92.3308356, 26.7851468 ], [ 92.3311922, 26.7841915 ], [ 92.3326572, 26.7825198 ], [ 92.3335744, 26.7811211 ], [ 92.3341094, 26.7793925 ], [ 92.334759, 26.7780164 ], [ 92.3367208, 26.7761286 ], [ 92.3369373, 26.7756964 ], [ 92.3370902, 26.7749913 ], [ 92.3366953, 26.7742862 ], [ 92.3360711, 26.7739905 ], [ 92.3352558, 26.7740474 ], [ 92.333982, 26.7732058 ], [ 92.3326317, 26.7717273 ], [ 92.3317782, 26.7710108 ], [ 92.3298547, 26.7693503 ], [ 92.3293197, 26.7680992 ], [ 92.3293579, 26.7670187 ], [ 92.3298292, 26.7661429 ], [ 92.331791, 26.7651421 ], [ 92.3335489, 26.7643459 ], [ 92.3347208, 26.7633564 ], [ 92.3359055, 26.7613659 ], [ 92.3367335, 26.7589204 ], [ 92.3367845, 26.7574645 ], [ 92.3361475, 26.7559858 ], [ 92.3348737, 26.7544502 ], [ 92.3322113, 26.7523686 ], [ 92.3305171, 26.7511173 ], [ 92.3299693, 26.7500708 ], [ 92.3295872, 26.7491039 ], [ 92.329498, 26.7481484 ], [ 92.3295198, 26.747369 ] ] } },
{ "type": "Feature", "properties": { "osm_id": 206391593, "tags": { "name": "Dhansiri", "name:en": "Dhansiri", "waterway": "river" }, "inside_district": true }, "geometry": { "type": "LineString", "coordinates": [ [ 92.1159853, 26.893758 ], [ 92.116007, 26.8935334 ], [ 92.1162133, 26.8931163 ], [ 92.1180002, 26.8918053 ] ] } },
{ "type": "Feature", "properties": { "osm_id": 298001102, "tags": { "name": "Sangti Chu", "name:en": "Sangti Chu", "name:zh": "桑提曲", "name:zh-Hans": "桑提曲", "name:zh-Hant": "桑提曲", "waterway": "river" }, "inside_district": true }, "geometry": { "type": "LineString", "coordinates": [ [ 92.2729865, 27.3854214 ], [ 92.2727685, 27.3851029 ], [ 92.2724895, 27.384698 ], [ 92.2725163, 27.3844217 ], [ 92.2727846, 27.3835405 ], [ 92.2728597, 27.3831975 ], [ 92.272747, 27.3829832 ], [ 92.2726129, 27.3828165 ], [ 92.2722428, 27.3824687 ], [ 92.2718887, 27.3820067 ], [ 92.2711699, 27.3812064 ], [ 92.2710787, 27.3807634 ], [ 92.2709285, 27.3801918 ], [ 92.2705261, 27.3791724 ], [ 92.2702579, 27.378296 ], [ 92.2701345, 27.3776291 ], [ 92.2701506, 27.3768764 ], [ 92.2702794, 27.3755521 ], [ 92.2702472, 27.374828 ], [ 92.2701775, 27.3745136 ], [ 92.2696893, 27.3741706 ], [ 92.2690885, 27.3737181 ], [ 92.2688042, 27.3733275 ], [ 92.268831, 27.3730464 ], [ 92.269008, 27.3725557 ], [ 92.2689168, 27.3719984 ], [ 92.2690563, 27.3717602 ], [ 92.2694962, 27.3715506 ], [ 92.2699629, 27.370936 ], [ 92.2700326, 27.3704882 ], [ 92.2699146, 27.3701405 ], [ 92.2697859, 27.369645 ], [ 92.2696625, 27.3691829 ], [ 92.2696973, 27.3686684 ], [ 92.269869, 27.3680348 ], [ 92.2699817, 27.3669724 ], [ 92.2700675, 27.3657147 ], [ 92.2702874, 27.3652717 ], [ 92.2704591, 27.364881 ], [ 92.270448, 27.3647031 ], [ 92.2704691, 27.3641401 ], [ 92.270696, 27.3637451 ], [ 92.2709956, 27.363495 ], [ 92.2710143, 27.3629391 ], [ 92.2709444, 27.3625654 ], [ 92.2705631, 27.3615734 ], [ 92.2702167, 27.3608135 ], [ 92.2698908, 27.3602707 ], [ 92.2695241, 27.3596374 ], [ 92.2696259, 27.3592394 ], [ 92.269687, 27.3587327 ], [ 92.2695444, 27.3584251 ], [ 92.2696667, 27.3579728 ], [ 92.2700945, 27.3575023 ], [ 92.2705631, 27.3567062 ], [ 92.2704001, 27.3560186 ], [ 92.269687, 27.3550596 ], [ 92.2695241, 27.3543177 ], [ 92.2695241, 27.3536301 ], [ 92.2692185, 27.3530873 ], [ 92.2688721, 27.3526892 ], [ 92.2684647, 27.3520559 ], [ 92.2675072, 27.3504635 ], [ 92.2670182, 27.3496311 ], [ 92.2664885, 27.3491245 ], [ 92.2662237, 27.3485092 ], [ 92.2657965, 27.348142 ] ] } },
{ "type": "Feature", "properties": { "osm_id": 329482787, "tags": { "boat": "no", "name": "Dhansiri", "name:en": "Dhansiri", "waterway": "river" }, "inside_district": true }, "geometry": { "type": "LineString", "coordinates": [ [ 92.1180002, 26.8918053 ], [ 92.1186413, 26.8901758 ], [ 92.1198785, 26.8895119 ], [ 92.1215093, 26.8891865 ], [ 92.1219814, 26.889043 ], [ 92.1229792, 26.8880287 ], [ 92.1230543, 26.8873589 ], [ 92.123609, 26.8855932 ], [ 92.1254333, 26.8842666 ], [ 92.1279182, 26.8826927 ], [ 92.130367, 26.88144 ], [ 92.1349406, 26.8792879 ], [ 92.1392261, 26.8763969 ], [ 92.1425753, 26.874341 ], [ 92.1469328, 26.8710965 ], [ 92.150462, 26.868623 ], [ 92.1539192, 26.8659887 ], [ 92.1602934, 26.8605594 ], [ 92.1655873, 26.8557402 ], [ 92.1674599, 26.8543265 ], [ 92.1700888, 26.8518526 ], [ 92.1717094, 26.8503746 ], [ 92.1741582, 26.8469045 ], [ 92.1755627, 26.8452016 ], [ 92.1766791, 26.8435629 ], [ 92.1795601, 26.8407352 ], [ 92.1822065, 26.8392885 ], [ 92.1846739, 26.8379396 ], [ 92.1858263, 26.8372006 ], [ 92.1882751, 26.836108 ], [ 92.1897156, 26.8351119 ], [ 92.1915163, 26.8337622 ], [ 92.1920565, 26.8324768 ], [ 92.193677, 26.8306451 ], [ 92.1952256, 26.8292633 ], [ 92.1967021, 26.8264031 ], [ 92.199403, 26.8250855 ], [ 92.2025001, 26.8252462 ], [ 92.2041206, 26.8255676 ], [ 92.2056692, 26.8252783 ], [ 92.2071817, 26.8244106 ], [ 92.2102428, 26.8222896 ], [ 92.2119714, 26.8209719 ], [ 92.2131238, 26.8184972 ], [ 92.2142762, 26.8177259 ], [ 92.2159688, 26.8175652 ], [ 92.2176613, 26.8164724 ], [ 92.2173012, 26.8145762 ], [ 92.2162929, 26.8132584 ], [ 92.2151765, 26.8119728 ], [ 92.2119354, 26.81088 ], [ 92.2100987, 26.8108157 ], [ 92.2067856, 26.8113621 ], [ 92.2045528, 26.8085016 ], [ 92.2040126, 26.8053837 ], [ 92.205201, 26.8000158 ], [ 92.2032924, 26.7952262 ], [ 92.2029682, 26.7926224 ], [ 92.2028962, 26.7918187 ], [ 92.2039406, 26.7903078 ], [ 92.2045975, 26.7877696 ], [ 92.2042287, 26.7847462 ], [ 92.2034364, 26.7828495 ], [ 92.2028602, 26.7809848 ], [ 92.2025721, 26.7797631 ], [ 92.2020679, 26.7783485 ], [ 92.2001953, 26.7761623 ], [ 92.1986828, 26.7710823 ], [ 92.1984307, 26.7689924 ], [ 92.1982146, 26.7668059 ], [ 92.1987548, 26.7650375 ], [ 92.1983226, 26.7621757 ], [ 92.1981066, 26.7611789 ], [ 92.1979265, 26.7596998 ], [ 92.1984307, 26.7587029 ], [ 92.199403, 26.7580276 ], [ 92.2006995, 26.7569665 ], [ 92.2012396, 26.7560661 ], [ 92.2019599, 26.7546834 ], [ 92.2033687, 26.7539277 ], [ 92.2039035, 26.7533706 ], [ 92.2042855, 26.7526884 ], [ 92.2041327, 26.7506874 ], [ 92.2039544, 26.7500507 ], [ 92.203356, 26.749414 ], [ 92.2030886, 26.7487545 ], [ 92.2031523, 26.7481178 ], [ 92.2033178, 26.7475948 ], [ 92.2038526, 26.7469467 ], [ 92.2044001, 26.7457756 ], [ 92.204642, 26.744559 ], [ 92.2046802, 26.74407 ], [ 92.2046547, 26.7433764 ], [ 92.2044892, 26.7427397 ], [ 92.2045529, 26.7422394 ], [ 92.205024, 26.7419779 ], [ 92.2054823, 26.7418642 ], [ 92.2062081, 26.7419097 ], [ 92.2068065, 26.7418642 ], [ 92.2076977, 26.7419324 ], [ 92.2086145, 26.7420802 ], [ 92.2092761, 26.7420234 ], [ 92.210091, 26.7418926 ], [ 92.211396, 26.7418301 ], [ 92.2124528, 26.7418244 ], [ 92.2129876, 26.7418528 ], [ 92.2141396, 26.7417441 ], [ 92.2153367, 26.7413288 ], [ 92.2169357, 26.7407272 ] ] } },
{ "type": "Feature", "properties": { "osm_id": 329482790, "tags": { "boat": "no", "waterway": "river" }, "inside_district": true }, "geometry": { "type": "LineString", "coordinates": [ [ 92.247856, 26.9114728 ], [ 92.2479324, 26.9106894 ], [ 92.2485817, 26.9094973 ], [ 92.2490274, 26.9088274 ], [ 92.2491371, 26.906947 ], [ 92.248178, 26.9056252 ], [ 92.2475328, 26.9045522 ], [ 92.2471317, 26.9033548 ], [ 92.2467132, 26.9004934 ], [ 92.2466435, 26.8998713 ], [ 92.2465388, 26.8976319 ], [ 92.246504, 26.8963567 ], [ 92.2461901, 26.894957 ], [ 92.2461029, 26.8928263 ], [ 92.2451089, 26.8910378 ], [ 92.2423711, 26.8896069 ], [ 92.2416736, 26.8885494 ], [ 92.2408365, 26.8871651 ], [ 92.2406447, 26.884941 ], [ 92.2407668, 26.8824369 ], [ 92.2412027, 26.879746 ], [ 92.2411326, 26.8782444 ], [ 92.2413546, 26.8771556 ], [ 92.2412066, 26.8754508 ], [ 92.241034, 26.8740099 ], [ 92.2406147, 26.8720631 ], [ 92.2398995, 26.8699512 ], [ 92.2396159, 26.8678393 ], [ 92.2391227, 26.8658263 ], [ 92.2378896, 26.8629554 ], [ 92.2367922, 26.8611623 ], [ 92.2351276, 26.8585552 ], [ 92.2339192, 26.8563111 ], [ 92.2324271, 26.854386 ], [ 92.231638, 26.8531098 ], [ 92.2311448, 26.8517457 ], [ 92.2309228, 26.8502825 ], [ 92.2307255, 26.8488854 ], [ 92.2302939, 26.8468941 ], [ 92.2298675, 26.8452083 ], [ 92.2296931, 26.8442436 ], [ 92.2298675, 26.8431545 ], [ 92.2304255, 26.8423143 ], [ 92.2328494, 26.8409917 ], [ 92.2336864, 26.8397936 ], [ 92.2336341, 26.836775 ], [ 92.2340352, 26.8357169 ], [ 92.2349594, 26.8332895 ], [ 92.2359011, 26.8311733 ], [ 92.2358662, 26.8292593 ], [ 92.2343875, 26.8277116 ], [ 92.2338942, 26.8270734 ], [ 92.2331051, 26.8256429 ], [ 92.2335243, 26.8246306 ], [ 92.2345848, 26.8217035 ], [ 92.2340915, 26.8201409 ], [ 92.2321186, 26.8192386 ], [ 92.2300471, 26.8184463 ], [ 92.2291346, 26.8179841 ], [ 92.2277782, 26.8160913 ], [ 92.2279857, 26.8149413 ], [ 92.2280468, 26.8144744 ], [ 92.2272969, 26.8128869 ], [ 92.2269046, 26.8124901 ], [ 92.2260501, 26.8115329 ], [ 92.2256316, 26.811315 ], [ 92.2251956, 26.8110971 ], [ 92.223818, 26.8108715 ], [ 92.2235128, 26.8103579 ], [ 92.222981, 26.8095019 ], [ 92.2229984, 26.8088871 ], [ 92.223103, 26.8085525 ], [ 92.2233559, 26.8082256 ], [ 92.223757, 26.8079999 ], [ 92.2245853, 26.8075875 ], [ 92.2250474, 26.8069727 ], [ 92.2250125, 26.8065447 ], [ 92.2248207, 26.8062879 ], [ 92.2245155, 26.8059766 ], [ 92.2236, 26.8056731 ], [ 92.2219259, 26.805642 ], [ 92.2216033, 26.8055641 ], [ 92.2207227, 26.8046614 ], [ 92.2206965, 26.8045758 ], [ 92.2206791, 26.8042956 ], [ 92.2207925, 26.8036653 ], [ 92.2209843, 26.8026224 ], [ 92.2218213, 26.8023189 ], [ 92.2230856, 26.8020621 ], [ 92.2241232, 26.8015796 ], [ 92.2247422, 26.8008714 ], [ 92.2251171, 26.8003033 ], [ 92.2259716, 26.7985989 ], [ 92.2263204, 26.7976805 ], [ 92.2262332, 26.7965131 ], [ 92.2261547, 26.7949254 ], [ 92.2259629, 26.7941782 ], [ 92.2247858, 26.7927851 ], [ 92.2229722, 26.7910884 ], [ 92.2216731, 26.7896096 ], [ 92.2206442, 26.787329 ], [ 92.2200775, 26.7851496 ], [ 92.2199903, 26.784885 ], [ 92.2195282, 26.7840755 ], [ 92.2190486, 26.7838887 ], [ 92.217113, 26.7829469 ], [ 92.2163108, 26.782044 ], [ 92.2155087, 26.7815224 ], [ 92.214846, 26.7811488 ], [ 92.2141136, 26.7809931 ], [ 92.2125093, 26.780495 ], [ 92.2120646, 26.7800124 ], [ 92.2118379, 26.7797244 ], [ 92.2117507, 26.7794519 ], [ 92.2117333, 26.7789615 ], [ 92.2120472, 26.778331 ], [ 92.2124483, 26.7777394 ], [ 92.2128755, 26.7771712 ], [ 92.213355, 26.7767664 ], [ 92.2140875, 26.7765251 ], [ 92.2151599, 26.7759958 ], [ 92.2159969, 26.7756066 ], [ 92.2165026, 26.7752719 ], [ 92.2171479, 26.7744156 ], [ 92.2179849, 26.7734737 ], [ 92.2180198, 26.7724695 ], [ 92.2175577, 26.7715276 ], [ 92.2170781, 26.7700563 ], [ 92.2170781, 26.7696982 ], [ 92.2171391, 26.7691066 ], [ 92.2173048, 26.7686005 ], [ 92.2177146, 26.7670669 ], [ 92.2176449, 26.7658992 ], [ 92.2174966, 26.7649105 ], [ 92.2167206, 26.763338 ], [ 92.216058, 26.7624427 ], [ 92.2157441, 26.7609868 ], [ 92.2158138, 26.7595466 ], [ 92.216058, 26.7590639 ], [ 92.2161713, 26.7577403 ], [ 92.2162149, 26.7576469 ], [ 92.2160318, 26.7570708 ], [ 92.215343, 26.7556227 ], [ 92.2149506, 26.7544159 ], [ 92.214846, 26.7539565 ], [ 92.2149158, 26.7531313 ], [ 92.2149855, 26.7523527 ], [ 92.2151425, 26.7519867 ], [ 92.2160057, 26.7513249 ], [ 92.2173746, 26.7506554 ], [ 92.2175925, 26.7504685 ], [ 92.2181331, 26.7499079 ], [ 92.2181371, 26.748839 ], [ 92.2154737, 26.7467249 ], [ 92.2152764, 26.7428928 ], [ 92.2161859, 26.7413189 ], [ 92.2169357, 26.7407272 ] ] } },
{ "type": "Feature", "properties": { "osm_id": 338165585, "tags": { "alt_name": "登卡河", "boat": "no", "loc_ref": "STR18", "name": "Tenga River", "name:en": "Tenga River", "name:zh": "克奇列马河", "name:zh-Hans": "克奇列马河", "name:zh-Hant": "克奇列馬河", "waterway": "river" }, "inside_district": true }, "geometry": { "type": "LineString", "coordinates": [ [ 92.1252321, 27.2817698 ], [ 92.1254256, 27.2816369 ], [ 92.125962, 27.2815129 ], [ 92.1264019, 27.2814652 ], [ 92.1267689, 27.2816592 ], [ 92.1273532, 27.2818179 ], [ 92.1280291, 27.281713 ], [ 92.1284261, 27.2816081 ], [ 92.1288051, 27.2812555 ], [ 92.1290519, 27.2810361 ], [ 92.1292665, 27.2808645 ], [ 92.1296313, 27.2806357 ], [ 92.1301141, 27.2803877 ], [ 92.1307471, 27.2800349 ], [ 92.1313157, 27.2798442 ], [ 92.1318629, 27.279644 ], [ 92.1323242, 27.2794819 ], [ 92.1327104, 27.2793484 ], [ 92.1332147, 27.2791958 ], [ 92.1337726, 27.2788144 ], [ 92.1340945, 27.2784711 ], [ 92.134427, 27.2780992 ], [ 92.1352424, 27.2776415 ], [ 92.1357038, 27.2772314 ], [ 92.1360256, 27.2768023 ], [ 92.1363046, 27.2762969 ], [ 92.1364333, 27.275782 ], [ 92.1364548, 27.2754387 ], [ 92.1365084, 27.2751717 ], [ 92.1367337, 27.2751049 ], [ 92.1370127, 27.2751812 ], [ 92.1373989, 27.2753433 ], [ 92.1377959, 27.2753719 ], [ 92.1383109, 27.2750763 ], [ 92.1392014, 27.2742181 ], [ 92.1396627, 27.2737604 ], [ 92.1399309, 27.2734743 ], [ 92.140167, 27.2732835 ], [ 92.1406069, 27.2731214 ], [ 92.1409287, 27.2730642 ], [ 92.1413471, 27.2729689 ], [ 92.1420767, 27.272883 ], [ 92.1425595, 27.2728449 ], [ 92.1430208, 27.2726923 ], [ 92.1435787, 27.2723776 ], [ 92.1440294, 27.2719962 ], [ 92.1444692, 27.2716052 ], [ 92.1450808, 27.2712237 ], [ 92.1456387, 27.2709472 ], [ 92.1461322, 27.2708041 ], [ 92.1464755, 27.2707183 ], [ 92.146894, 27.2705371 ], [ 92.1471193, 27.2703368 ], [ 92.1474948, 27.2701557 ], [ 92.1479025, 27.270127 ], [ 92.1482565, 27.2701938 ], [ 92.1486106, 27.2702796 ], [ 92.1489753, 27.2703178 ], [ 92.1494045, 27.2702701 ], [ 92.1497907, 27.2702033 ], [ 92.1501448, 27.2701461 ], [ 92.1504237, 27.2699745 ], [ 92.150649, 27.2697647 ], [ 92.1508636, 27.2695263 ], [ 92.1513035, 27.2693355 ], [ 92.1515717, 27.2692115 ], [ 92.1517434, 27.2689922 ], [ 92.1518614, 27.2684772 ], [ 92.1520974, 27.2678001 ], [ 92.152312, 27.2676189 ], [ 92.1525481, 27.2675522 ], [ 92.1529772, 27.2675236 ], [ 92.1533205, 27.2674282 ], [ 92.153739, 27.2671898 ], [ 92.1540715, 27.2668369 ], [ 92.1543076, 27.2665032 ], [ 92.1547153, 27.2660549 ], [ 92.1549299, 27.2656449 ], [ 92.154962, 27.2653301 ], [ 92.1549406, 27.265025 ], [ 92.1547754, 27.2647269 ], [ 92.1546831, 27.2645863 ], [ 92.154608, 27.2643674 ], [ 92.1547045, 27.2641099 ], [ 92.1549942, 27.2639382 ], [ 92.1554663, 27.2638238 ], [ 92.155992, 27.2638238 ], [ 92.1563782, 27.2639001 ], [ 92.1567967, 27.264129 ], [ 92.1575262, 27.2643483 ], [ 92.1580627, 27.2644051 ], [ 92.1585562, 27.2643292 ], [ 92.1590283, 27.2639764 ], [ 92.1594145, 27.2637189 ], [ 92.1598329, 27.2636044 ], [ 92.1602728, 27.2634709 ], [ 92.1607771, 27.2632706 ], [ 92.1610667, 27.263099 ], [ 92.1613135, 27.2627747 ], [ 92.1614487, 27.2623522 ], [ 92.1613993, 27.2620308 ], [ 92.1612277, 27.2617638 ], [ 92.1609702, 27.2614491 ], [ 92.1608951, 27.2609722 ], [ 92.1609595, 27.2606003 ], [ 92.161217, 27.2602951 ], [ 92.1618392, 27.2598373 ], [ 92.1621396, 27.2595607 ], [ 92.1624079, 27.2593032 ], [ 92.1626975, 27.2589026 ], [ 92.1629872, 27.2586356 ], [ 92.1632447, 27.2584067 ], [ 92.1634271, 27.257987 ], [ 92.1634915, 27.2574911 ], [ 92.1635773, 27.2571 ], [ 92.1638133, 27.2569665 ], [ 92.1644249, 27.2568902 ], [ 92.1649399, 27.2568044 ], [ 92.1654012, 27.2566327 ], [ 92.1658089, 27.2562989 ], [ 92.1661844, 27.2558506 ], [ 92.1665814, 27.2551162 ], [ 92.1669998, 27.2545535 ], [ 92.1674504, 27.2541529 ], [ 92.1678903, 27.2537905 ], [ 92.168298, 27.2535425 ], [ 92.1685233, 27.253285 ], [ 92.168652, 27.2529225 ], [ 92.1687057, 27.2519878 ], [ 92.1688666, 27.2515968 ], [ 92.1691348, 27.2512629 ], [ 92.1694245, 27.2510913 ], [ 92.1697464, 27.2510149 ], [ 92.1702292, 27.251034 ], [ 92.1707227, 27.251158 ], [ 92.1710768, 27.2511866 ], [ 92.1713879, 27.2511676 ], [ 92.1716454, 27.251034 ], [ 92.1717634, 27.250786 ], [ 92.1717098, 27.2504331 ], [ 92.1716025, 27.250023 ], [ 92.1716347, 27.2496796 ], [ 92.1717741, 27.249403 ], [ 92.1722569, 27.2491741 ], [ 92.1731796, 27.2489929 ], [ 92.173598, 27.2489452 ], [ 92.1741237, 27.2489547 ], [ 92.1746065, 27.2488689 ], [ 92.1750142, 27.2486972 ], [ 92.175497, 27.2484206 ], [ 92.1760871, 27.2480009 ], [ 92.1765914, 27.2478197 ], [ 92.1772136, 27.2477147 ], [ 92.1776857, 27.2477338 ], [ 92.1782222, 27.247772 ], [ 92.1788552, 27.2477624 ], [ 92.1798208, 27.2476098 ], [ 92.1805718, 27.247524 ], [ 92.1813121, 27.2472951 ], [ 92.1816554, 27.2471138 ], [ 92.18187, 27.2469612 ], [ 92.1819987, 27.2465511 ], [ 92.1819665, 27.2461791 ], [ 92.18187, 27.245788 ], [ 92.1817627, 27.2453206 ], [ 92.1817627, 27.2449581 ], [ 92.181827, 27.2446243 ], [ 92.1820416, 27.2443286 ], [ 92.1823957, 27.2443 ], [ 92.1828356, 27.2445289 ], [ 92.1831789, 27.2444717 ], [ 92.1835329, 27.2442809 ], [ 92.1838763, 27.244071 ], [ 92.1840157, 27.2436513 ], [ 92.1840908, 27.243079 ], [ 92.1841874, 27.2428024 ], [ 92.1843912, 27.2426402 ], [ 92.1848526, 27.2425258 ], [ 92.1855285, 27.2424399 ], [ 92.1862366, 27.2423159 ], [ 92.1869125, 27.2421824 ], [ 92.1873309, 27.2420775 ], [ 92.1878888, 27.2418962 ], [ 92.1882643, 27.2417245 ], [ 92.1885326, 27.2414956 ], [ 92.1888866, 27.2410473 ], [ 92.1891656, 27.240866 ], [ 92.1895303, 27.2407897 ], [ 92.1900453, 27.2408183 ], [ 92.190571, 27.2410377 ], [ 92.1911933, 27.2413525 ], [ 92.191719, 27.2417054 ], [ 92.1922662, 27.241963 ], [ 92.1928777, 27.2419821 ], [ 92.1933069, 27.2418485 ], [ 92.1934464, 27.2416101 ], [ 92.1934356, 27.241362 ], [ 92.1933176, 27.2410091 ], [ 92.1931996, 27.2407229 ], [ 92.1933284, 27.2405131 ], [ 92.1936073, 27.2404558 ], [ 92.1939077, 27.2405226 ], [ 92.1943047, 27.2407992 ], [ 92.1947875, 27.2412094 ], [ 92.1951737, 27.2418008 ], [ 92.1954634, 27.2424018 ], [ 92.195678, 27.2427166 ], [ 92.1960428, 27.2429646 ], [ 92.1966221, 27.2432412 ], [ 92.1971156, 27.2434701 ], [ 92.197416, 27.2438517 ], [ 92.1975984, 27.2442332 ], [ 92.1976092, 27.2444621 ], [ 92.197416, 27.2448246 ], [ 92.1969547, 27.2450821 ], [ 92.196783, 27.2453683 ], [ 92.1968474, 27.2455591 ], [ 92.1970513, 27.2458452 ], [ 92.1976735, 27.2462268 ], [ 92.19821, 27.2465701 ], [ 92.1986177, 27.2468658 ], [ 92.1990361, 27.2473141 ], [ 92.1995725, 27.2478769 ], [ 92.1998622, 27.2481535 ], [ 92.2002806, 27.2483443 ], [ 92.2008707, 27.2484301 ], [ 92.201375, 27.2483633 ], [ 92.201772, 27.2482775 ], [ 92.2022869, 27.2481058 ], [ 92.2028234, 27.2479723 ], [ 92.2035208, 27.2480009 ], [ 92.2043898, 27.2481249 ], [ 92.2051086, 27.2483443 ], [ 92.2057523, 27.2485255 ], [ 92.2063102, 27.2486781 ], [ 92.2068467, 27.2488689 ], [ 92.2072973, 27.2491646 ], [ 92.2078337, 27.2493839 ], [ 92.208456, 27.2495365 ], [ 92.2089281, 27.2496605 ], [ 92.2092929, 27.2496987 ], [ 92.2097327, 27.2498322 ], [ 92.2101404, 27.2499848 ], [ 92.210634, 27.2499371 ], [ 92.2109451, 27.2497464 ], [ 92.2113313, 27.2493267 ], [ 92.2119214, 27.2490215 ], [ 92.2123828, 27.2490215 ], [ 92.2126617, 27.2491646 ], [ 92.2129621, 27.2496224 ], [ 92.2130909, 27.250023 ], [ 92.2131123, 27.2504522 ], [ 92.2130801, 27.25091 ], [ 92.213166, 27.2512152 ], [ 92.2134342, 27.2514155 ], [ 92.2137131, 27.2515014 ], [ 92.2140457, 27.2514346 ], [ 92.2142603, 27.2511103 ], [ 92.2143998, 27.2508242 ], [ 92.2147002, 27.2505571 ], [ 92.2151615, 27.2504999 ], [ 92.2155156, 27.2502233 ], [ 92.2157302, 27.2498799 ], [ 92.2158267, 27.2495842 ], [ 92.2160198, 27.2492695 ], [ 92.216331, 27.2491741 ], [ 92.2165348, 27.2491932 ], [ 92.2167387, 27.2493553 ], [ 92.2168996, 27.2497655 ], [ 92.2170927, 27.2501565 ], [ 92.2173931, 27.2507288 ], [ 92.2177365, 27.2510531 ], [ 92.2181978, 27.2512343 ], [ 92.2185733, 27.2512534 ], [ 92.2190776, 27.2511771 ], [ 92.2194102, 27.2509291 ], [ 92.2195711, 27.2506048 ], [ 92.2196676, 27.250271 ], [ 92.2196247, 27.2499944 ], [ 92.2194595, 27.2496577 ], [ 92.219099, 27.2492695 ], [ 92.2189703, 27.2490501 ], [ 92.2188201, 27.24864 ], [ 92.2187128, 27.2482203 ], [ 92.2185519, 27.247896 ], [ 92.218348, 27.247524 ], [ 92.2176785, 27.2468153 ], [ 92.2173781, 27.2464814 ], [ 92.2169854, 27.2459692 ], [ 92.2168095, 27.245499 ], [ 92.2166958, 27.245044 ], [ 92.2166958, 27.244672 ], [ 92.2167065, 27.2442904 ], [ 92.2169318, 27.2438707 ], [ 92.2172858, 27.2435464 ], [ 92.2176184, 27.2434033 ], [ 92.2179296, 27.2433652 ], [ 92.21823, 27.2434129 ], [ 92.2186055, 27.2435273 ], [ 92.2189166, 27.243575 ], [ 92.2193243, 27.2435083 ], [ 92.2197106, 27.2433747 ], [ 92.2200002, 27.2431363 ], [ 92.2201397, 27.2428024 ], [ 92.2201719, 27.2424113 ], [ 92.2197857, 27.2413716 ], [ 92.2196848, 27.2411589 ], [ 92.2196569, 27.2409519 ], [ 92.2198071, 27.2407325 ], [ 92.2201719, 27.2405417 ], [ 92.2206869, 27.2403032 ], [ 92.2209229, 27.2401029 ], [ 92.2210517, 27.2397404 ], [ 92.2210731, 27.2392253 ], [ 92.2209122, 27.2376609 ], [ 92.2209337, 27.2373366 ], [ 92.2210302, 27.2371553 ], [ 92.2211911, 27.2370599 ], [ 92.2214486, 27.2371076 ], [ 92.2217705, 27.2372984 ], [ 92.2220173, 27.2374701 ], [ 92.2223069, 27.2375274 ], [ 92.2226288, 27.2374606 ], [ 92.2230258, 27.2370313 ], [ 92.2233155, 27.236707 ], [ 92.2236695, 27.2361823 ], [ 92.2240772, 27.2354669 ], [ 92.2242274, 27.2351807 ], [ 92.2245064, 27.235009 ], [ 92.224796, 27.235009 ], [ 92.2249784, 27.2350567 ], [ 92.2253647, 27.2352284 ], [ 92.2258582, 27.235505 ], [ 92.2263946, 27.2358866 ], [ 92.2267058, 27.235982 ], [ 92.2270813, 27.2359152 ], [ 92.2273924, 27.2356767 ], [ 92.2275963, 27.2352188 ], [ 92.2279932, 27.2348659 ], [ 92.22824, 27.2345511 ], [ 92.2285297, 27.2339501 ], [ 92.2287979, 27.2336067 ], [ 92.229109, 27.2335113 ], [ 92.2295167, 27.2335399 ], [ 92.2297742, 27.2336925 ], [ 92.2299566, 27.2339406 ], [ 92.2300639, 27.2343508 ], [ 92.2301712, 27.2346846 ], [ 92.2303428, 27.2348468 ], [ 92.2306754, 27.2349517 ], [ 92.2308793, 27.2349422 ], [ 92.2311904, 27.2347896 ], [ 92.2314586, 27.2344843 ], [ 92.2318556, 27.2337879 ], [ 92.2323706, 27.2329961 ], [ 92.2325959, 27.23271 ], [ 92.2328534, 27.2325573 ], [ 92.2332396, 27.2325669 ], [ 92.233701, 27.2328054 ], [ 92.2340657, 27.2329294 ], [ 92.2345271, 27.2329294 ], [ 92.2350206, 27.2328721 ], [ 92.2354712, 27.2327577 ], [ 92.2358682, 27.2325287 ], [ 92.2360184, 27.2322139 ], [ 92.2362866, 27.2318896 ], [ 92.2365763, 27.2317369 ], [ 92.2368874, 27.2317274 ], [ 92.2371449, 27.2318609 ], [ 92.2373166, 27.232128 ], [ 92.2374131, 27.2322616 ], [ 92.2376599, 27.2323665 ], [ 92.2381642, 27.2323856 ], [ 92.2391298, 27.2324333 ], [ 92.240267, 27.2325287 ], [ 92.240782, 27.2324715 ], [ 92.2411468, 27.2323093 ], [ 92.2413077, 27.2320326 ], [ 92.2414365, 27.2316224 ], [ 92.2414472, 27.2312885 ], [ 92.2413506, 27.231031 ], [ 92.2410567, 27.230885 ], [ 92.2408314, 27.2307419 ], [ 92.2407284, 27.230554 ], [ 92.2407069, 27.2301724 ], [ 92.2408464, 27.2295428 ], [ 92.2410288, 27.2292566 ], [ 92.2413077, 27.2290658 ], [ 92.2417154, 27.2289036 ], [ 92.2422626, 27.22877 ], [ 92.2428741, 27.22877 ], [ 92.2434213, 27.2288177 ], [ 92.2439041, 27.2287796 ], [ 92.2441289, 27.2286842 ], [ 92.2443397, 27.2284428 ], [ 92.2444185, 27.228169 ], [ 92.2443971, 27.2279114 ], [ 92.2442753, 27.2275556 ], [ 92.2441503, 27.227339 ], [ 92.2438891, 27.2271549 ], [ 92.2436316, 27.2270595 ], [ 92.2435565, 27.2269546 ], [ 92.2435715, 27.2267094 ], [ 92.2437539, 27.2261084 ], [ 92.2440323, 27.2256504 ], [ 92.2446438, 27.2249349 ], [ 92.2448477, 27.224725 ], [ 92.2449657, 27.224353 ], [ 92.2449941, 27.2240162 ], [ 92.2451374, 27.2235611 ], [ 92.2453841, 27.2232081 ], [ 92.2456845, 27.2228933 ], [ 92.2460922, 27.2226357 ], [ 92.2464785, 27.2225307 ], [ 92.2470042, 27.2225498 ], [ 92.2479912, 27.2225403 ], [ 92.2484419, 27.2224544 ], [ 92.2487852, 27.2222541 ], [ 92.2489676, 27.2220156 ], [ 92.249107, 27.2216912 ], [ 92.2491929, 27.2213573 ], [ 92.2493538, 27.2210806 ], [ 92.249622, 27.220947 ], [ 92.2499653, 27.2209279 ], [ 92.2505018, 27.2210138 ], [ 92.2509417, 27.2211187 ], [ 92.2512099, 27.2212905 ], [ 92.2513065, 27.2215385 ], [ 92.2515747, 27.2217961 ], [ 92.2519073, 27.2219392 ], [ 92.2523471, 27.2219297 ], [ 92.2535488, 27.2216435 ], [ 92.253935, 27.2216149 ], [ 92.254332, 27.2217866 ], [ 92.2548577, 27.2219679 ], [ 92.2553512, 27.2219679 ], [ 92.2559413, 27.2219106 ], [ 92.2564134, 27.2218057 ], [ 92.2567782, 27.2217866 ], [ 92.2571644, 27.2219488 ], [ 92.2575721, 27.222235 ], [ 92.2577008, 27.2224735 ], [ 92.2576043, 27.2226929 ], [ 92.2574755, 27.2228933 ], [ 92.2575292, 27.2230364 ], [ 92.257733, 27.2230555 ], [ 92.2580334, 27.2229887 ], [ 92.2583875, 27.2229791 ], [ 92.258645, 27.2230555 ], [ 92.259117, 27.2234275 ], [ 92.2600397, 27.2241431 ], [ 92.2607371, 27.2246869 ], [ 92.2611019, 27.2248586 ], [ 92.2613486, 27.2248872 ], [ 92.2617456, 27.2248109 ], [ 92.2621104, 27.2246964 ], [ 92.2623105, 27.2245314 ], [ 92.2624285, 27.2241497 ], [ 92.2624108, 27.2237233 ], [ 92.2623641, 27.2233579 ], [ 92.2624108, 27.2229696 ], [ 92.2626146, 27.2225498 ], [ 92.2628185, 27.2222159 ], [ 92.2629687, 27.221777 ], [ 92.2631902, 27.2211731 ], [ 92.2633726, 27.2205721 ], [ 92.2635695, 27.219659 ], [ 92.2637696, 27.2188357 ], [ 92.2639021, 27.2180657 ], [ 92.2641167, 27.2175028 ], [ 92.2643527, 27.2171689 ], [ 92.2647068, 27.2168826 ], [ 92.2651037, 27.2166727 ], [ 92.2653398, 27.216377 ], [ 92.2655543, 27.2158713 ], [ 92.2655399, 27.2153055 ], [ 92.2654685, 27.21465 ], [ 92.2651788, 27.2136577 ], [ 92.2651574, 27.2131711 ], [ 92.2652647, 27.2126941 ], [ 92.265372, 27.2124078 ], [ 92.2657045, 27.2122266 ], [ 92.2662517, 27.2120453 ], [ 92.2666487, 27.2118735 ], [ 92.2669276, 27.2116254 ], [ 92.2670457, 27.2113106 ], [ 92.267228, 27.2109194 ], [ 92.267507, 27.2106427 ], [ 92.2679147, 27.2104996 ], [ 92.2684297, 27.2104328 ], [ 92.2688588, 27.21049 ], [ 92.2693309, 27.2107572 ], [ 92.2700068, 27.2111197 ], [ 92.2702965, 27.2113583 ], [ 92.2705003, 27.2113965 ], [ 92.2706935, 27.2113583 ], [ 92.2708544, 27.2111579 ], [ 92.2710368, 27.2110434 ], [ 92.2713586, 27.2109575 ], [ 92.2716912, 27.2109671 ], [ 92.2720775, 27.2110911 ], [ 92.2726354, 27.2112533 ], [ 92.2731396, 27.211282 ], [ 92.2735366, 27.2112247 ], [ 92.2740087, 27.211053 ], [ 92.2745451, 27.210948 ], [ 92.2748562, 27.2110243 ], [ 92.2751137, 27.2113106 ], [ 92.2751567, 27.2118544 ], [ 92.2751567, 27.2123315 ], [ 92.2752961, 27.2128086 ], [ 92.2755322, 27.2133143 ], [ 92.2760579, 27.2140108 ], [ 92.276251, 27.2141253 ], [ 92.2765407, 27.2141062 ], [ 92.2768625, 27.2138867 ], [ 92.2773883, 27.213362 ], [ 92.2780105, 27.2128086 ], [ 92.2789976, 27.2121216 ], [ 92.279298, 27.2116827 ], [ 92.2793624, 27.2112629 ], [ 92.2792191, 27.2107543 ], [ 92.2792406, 27.2103917 ] ] } },
{ "type": "Feature", "properties": { "osm_id": 338305059, "tags": { "boat": "no", "name": "Tenga River", "name:en": "Tenga River", "name:zh": "坦加帕尼河", "name:zh-Hans": "坦加帕尼河", "name:zh-Hant": "坦加帕尼河", "source": "Yahoo", "waterway": "river" }, "inside_district": true }, "geometry": { "type": "LineString", "coordinates": [ [ 92.4528504, 27.2144383 ], [ 92.4560665, 27.2114709 ], [ 92.4572683, 27.2107761 ], [ 92.4586605, 27.2108887 ], [ 92.4602616, 27.2116634 ], [ 92.4617046, 27.2124323 ], [ 92.4622679, 27.2127082 ], [ 92.4633542, 27.2127917 ], [ 92.4642543, 27.2123722 ], [ 92.4650574, 27.2116682 ], [ 92.4660659, 27.2112054 ], [ 92.4673641, 27.2098839 ], [ 92.4677564, 27.2098693 ], [ 92.4680857, 27.2100908 ], [ 92.470137, 27.2114709 ], [ 92.4711206, 27.2116963 ], [ 92.4720004, 27.211391 ], [ 92.4722755, 27.2102174 ], [ 92.4724081, 27.20829 ], [ 92.4730196, 27.2081183 ], [ 92.4743205, 27.2067417 ], [ 92.4756589, 27.206582 ], [ 92.4776702, 27.2071853 ], [ 92.478781, 27.2078225 ], [ 92.4805835, 27.20704 ], [ 92.4828168, 27.2067965 ], [ 92.4856797, 27.2069446 ], [ 92.4865272, 27.2068587 ], [ 92.4867311, 27.2063435 ], [ 92.4861517, 27.2050935 ], [ 92.4862268, 27.2044733 ], [ 92.4864843, 27.203624 ], [ 92.4872461, 27.203395 ], [ 92.4880615, 27.2035477 ], [ 92.489112, 27.2026398 ], [ 92.4901858, 27.2014675 ], [ 92.4913445, 27.2012003 ], [ 92.4922879, 27.2019962 ], [ 92.4929121, 27.2034922 ], [ 92.493019, 27.2056776 ], [ 92.4943784, 27.2083247 ], [ 92.4949601, 27.210456 ], [ 92.494298, 27.2126507 ], [ 92.4933508, 27.2150453 ], [ 92.4937079, 27.2177598 ], [ 92.4944773, 27.2188617 ], [ 92.4965158, 27.2191193 ], [ 92.4984979, 27.2185046 ], [ 92.5001207, 27.2173733 ], [ 92.5008019, 27.2166545 ], [ 92.5014511, 27.2152648 ], [ 92.5019768, 27.2135951 ], [ 92.5024059, 27.2107136 ], [ 92.5028336, 27.2103608 ], [ 92.5031905, 27.2100663 ], [ 92.504777, 27.2099121 ], [ 92.5061468, 27.2098153 ], [ 92.5079956, 27.2085095 ], [ 92.5083292, 27.2082327 ], [ 92.5092724, 27.2074503 ], [ 92.5096767, 27.2074403 ], [ 92.5108066, 27.2074122 ], [ 92.512987, 27.2079981 ], [ 92.5137248, 27.207937 ], [ 92.5141218, 27.2065916 ], [ 92.5145458, 27.204532 ], [ 92.5148353, 27.2030944 ], [ 92.5157472, 27.2026078 ], [ 92.5172659, 27.2026899 ], [ 92.5200388, 27.2033425 ], [ 92.5208498, 27.2041747 ], [ 92.5214764, 27.2068349 ], [ 92.5227317, 27.2082852 ], [ 92.524047, 27.2084319 ], [ 92.5257105, 27.2076527 ], [ 92.5269589, 27.2056899 ], [ 92.5280961, 27.2049456 ], [ 92.52889, 27.203791 ], [ 92.5289917, 27.2032476 ], [ 92.5295552, 27.2014055 ], [ 92.5304417, 27.2005991 ], [ 92.5330406, 27.2002609 ], [ 92.5355205, 27.2009188 ], [ 92.5376154, 27.2027308 ], [ 92.5377843, 27.2046307 ], [ 92.5378702, 27.2056155 ], [ 92.5389215, 27.2060429 ], [ 92.5402948, 27.2061097 ], [ 92.5409493, 27.2057948 ], [ 92.5410119, 27.2052856 ], [ 92.5417968, 27.2040105 ], [ 92.5424298, 27.2034857 ], [ 92.5438879, 27.2033715 ], [ 92.5475475, 27.2033902 ], [ 92.5491675, 27.2028845 ], [ 92.5502642, 27.2033122 ], [ 92.5535046, 27.205811 ], [ 92.555165, 27.2064341 ], [ 92.5566241, 27.2065486 ], [ 92.5579367, 27.206108 ], [ 92.5601324, 27.2051364 ], [ 92.5610935, 27.2043249 ], [ 92.5612268, 27.2029895 ], [ 92.5609264, 27.2019494 ], [ 92.5614735, 27.2013959 ], [ 92.5622138, 27.20131 ], [ 92.5628011, 27.2014599 ], [ 92.5659099, 27.2029038 ], [ 92.567428, 27.2047643 ], [ 92.5687584, 27.2052032 ], [ 92.5697133, 27.204917 ], [ 92.5702895, 27.204461 ], [ 92.5703463, 27.2037624 ], [ 92.5702283, 27.2024933 ], [ 92.5690052, 27.2005276 ], [ 92.5685722, 27.1973771 ], [ 92.5688174, 27.1952362 ], [ 92.5692251, 27.1945014 ], [ 92.5696755, 27.1943443 ], [ 92.5721326, 27.194301 ], [ 92.5735773, 27.1939095 ], [ 92.5761902, 27.1932619 ], [ 92.5769928, 27.1929268 ], [ 92.576956, 27.1941085 ], [ 92.5770311, 27.1948624 ], [ 92.5773852, 27.1951964 ], [ 92.5780826, 27.1950724 ], [ 92.5791018, 27.1944235 ], [ 92.5806146, 27.1935455 ], [ 92.5822668, 27.1925339 ], [ 92.5831466, 27.1923431 ], [ 92.5840049, 27.192658 ], [ 92.5854218, 27.193189 ], [ 92.5875347, 27.1939845 ], [ 92.5881978, 27.1938868 ], [ 92.5891118, 27.19366 ], [ 92.5896375, 27.1928584 ], [ 92.5897448, 27.1922286 ], [ 92.5891869, 27.1911884 ], [ 92.5870822, 27.1896638 ], [ 92.5869339, 27.1889362 ], [ 92.5876205, 27.1884304 ], [ 92.5882857, 27.1885353 ], [ 92.5900139, 27.1908106 ], [ 92.5926845, 27.1939845 ], [ 92.5937842, 27.1962205 ], [ 92.5953913, 27.1981329 ], [ 92.5974512, 27.1988772 ], [ 92.5994468, 27.199965 ], [ 92.6020217, 27.1998314 ], [ 92.6034593, 27.2004421 ], [ 92.6036116, 27.2016418 ], [ 92.6044249, 27.2036865 ], [ 92.6035881, 27.2052705 ], [ 92.6024413, 27.2065656 ], [ 92.601614, 27.2074651 ], [ 92.6015925, 27.2085719 ], [ 92.6021504, 27.2092589 ], [ 92.6034967, 27.2098415 ], [ 92.6065063, 27.2089154 ], [ 92.6095962, 27.2090872 ], [ 92.6117849, 27.2082475 ], [ 92.6140134, 27.2081789 ], [ 92.6147354, 27.2078849 ], [ 92.615186, 27.2071693 ], [ 92.6153791, 27.2059957 ], [ 92.6156151, 27.2049365 ], [ 92.615819, 27.2044403 ], [ 92.6166665, 27.2043354 ], [ 92.6176, 27.2044594 ], [ 92.6185763, 27.204822 ], [ 92.6192522, 27.2051751 ], [ 92.6197994, 27.2053182 ], [ 92.6203787, 27.2053468 ], [ 92.6212048, 27.2050701 ], [ 92.6213658, 27.204259 ], [ 92.62187, 27.2032476 ], [ 92.6227283, 27.2029518 ], [ 92.623651, 27.2030281 ], [ 92.6244986, 27.2031044 ], [ 92.6256788, 27.2032666 ], [ 92.6266014, 27.2036102 ], [ 92.6278567, 27.2037342 ], [ 92.6291013, 27.2044976 ], [ 92.6290905, 27.2053659 ], [ 92.6295519, 27.206177 ], [ 92.6301312, 27.2068735 ], [ 92.6310539, 27.2075223 ], [ 92.6313865, 27.2081712 ], [ 92.6313329, 27.2085433 ], [ 92.630775, 27.2088773 ], [ 92.6298845, 27.2098601 ], [ 92.6297128, 27.2106711 ], [ 92.6299381, 27.2117779 ], [ 92.6304424, 27.2127893 ], [ 92.630732, 27.2135621 ], [ 92.6310432, 27.2140773 ], [ 92.6318908, 27.2141155 ], [ 92.6327491, 27.2136671 ], [ 92.6336288, 27.212732 ], [ 92.6343369, 27.2121786 ], [ 92.6351952, 27.2118447 ], [ 92.6360536, 27.2115584 ], [ 92.6363003, 27.2117874 ], [ 92.636354, 27.2123122 ], [ 92.636354, 27.2128084 ], [ 92.6362789, 27.2136766 ], [ 92.6366007, 27.2143636 ], [ 92.636472, 27.2149933 ], [ 92.6361823, 27.2156421 ], [ 92.6356351, 27.2165771 ], [ 92.6354098, 27.2174453 ], [ 92.6350772, 27.2191627 ], [ 92.6353347, 27.2200023 ], [ 92.6358712, 27.2210517 ], [ 92.6364398, 27.2216623 ], [ 92.6372445, 27.2219676 ], [ 92.6384032, 27.2220249 ], [ 92.6395726, 27.2219963 ], [ 92.6409352, 27.2217387 ], [ 92.6419651, 27.2216528 ], [ 92.6425874, 27.2218245 ], [ 92.6428985, 27.2220821 ], [ 92.6434994, 27.2223683 ], [ 92.6438641, 27.222397 ], [ 92.6444006, 27.2222348 ], [ 92.6447654, 27.2219199 ], [ 92.6449585, 27.2213093 ], [ 92.6450658, 27.2210231 ], [ 92.6452911, 27.2204125 ], [ 92.6463854, 27.2197351 ], [ 92.6464927, 27.2186761 ], [ 92.6461708, 27.2177602 ], [ 92.6457953, 27.2168538 ], [ 92.6456666, 27.2163577 ], [ 92.6457524, 27.2155371 ], [ 92.6461923, 27.2147643 ], [ 92.6467824, 27.2140583 ], [ 92.6472437, 27.2137816 ], [ 92.6479411, 27.2136671 ], [ 92.648617, 27.2138197 ], [ 92.6495075, 27.2142395 ], [ 92.6502585, 27.2148597 ], [ 92.6509881, 27.2156039 ], [ 92.6523936, 27.2165676 ], [ 92.6540995, 27.2178842 ], [ 92.6550329, 27.2185139 ], [ 92.6558912, 27.2187715 ], [ 92.6564475, 27.2188634 ], [ 92.6568316, 27.2184012 ], [ 92.6573455, 27.2183283 ], [ 92.6575971, 27.2185616 ], [ 92.6584768, 27.2189814 ], [ 92.6588631, 27.2195062 ], [ 92.6592278, 27.2197733 ], [ 92.6594746, 27.2203267 ], [ 92.6592171, 27.2206224 ], [ 92.6586036, 27.2207485 ], [ 92.6579613, 27.2207067 ], [ 92.6574419, 27.2205555 ], [ 92.6568814, 27.2205649 ], [ 92.656191, 27.2205301 ], [ 92.6558697, 27.2208037 ], [ 92.6557123, 27.2214603 ], [ 92.6560548, 27.222649 ], [ 92.6570928, 27.2231888 ], [ 92.6577794, 27.2238376 ], [ 92.6586699, 27.2243623 ], [ 92.6593029, 27.2246962 ], [ 92.6600754, 27.2246676 ], [ 92.6606011, 27.2244768 ], [ 92.6614702, 27.2237135 ], [ 92.6624894, 27.2227786 ], [ 92.6633263, 27.2226259 ], [ 92.6642704, 27.2230171 ], [ 92.6643991, 27.2237135 ], [ 92.6652896, 27.226423 ], [ 92.6657617, 27.2273007 ], [ 92.6659977, 27.2277586 ], [ 92.6657724, 27.2282547 ], [ 92.6651287, 27.2287412 ], [ 92.6648283, 27.2298097 ], [ 92.6652467, 27.2304011 ], [ 92.6660943, 27.2305824 ], [ 92.6664269, 27.2302294 ], [ 92.6670492, 27.2300195 ], [ 92.6679289, 27.2300672 ], [ 92.6684224, 27.2302103 ], [ 92.6688301, 27.2305538 ], [ 92.6690555, 27.2309449 ], [ 92.6691949, 27.2315364 ], [ 92.6692486, 27.2318512 ], [ 92.6690125, 27.232061 ], [ 92.6685727, 27.232061 ], [ 92.6682186, 27.232166 ], [ 92.6675427, 27.2324617 ], [ 92.6672423, 27.233368 ], [ 92.6675427, 27.2342838 ], [ 92.6676607, 27.2356479 ], [ 92.6674569, 27.2366591 ], [ 92.6678967, 27.237365 ], [ 92.6684546, 27.2382426 ], [ 92.6683688, 27.2386146 ], [ 92.6676178, 27.2386814 ], [ 92.6672745, 27.2388149 ], [ 92.6668775, 27.2390629 ], [ 92.6667166, 27.2394159 ], [ 92.667135, 27.2401981 ], [ 92.6681542, 27.2413332 ], [ 92.6684654, 27.2417148 ], [ 92.6680469, 27.2426209 ], [ 92.6680791, 27.2433364 ], [ 92.6681864, 27.2442902 ], [ 92.6696777, 27.2456065 ], [ 92.6705038, 27.2466653 ], [ 92.6711476, 27.2471422 ], [ 92.6720166, 27.247457 ], [ 92.6733041, 27.2477336 ], [ 92.6746988, 27.247581 ], [ 92.6769733, 27.2478767 ], [ 92.678647, 27.2481151 ], [ 92.6796126, 27.2484585 ], [ 92.6805782, 27.2488496 ], [ 92.6811039, 27.2499465 ], [ 92.6814794, 27.251463 ], [ 92.6815116, 27.2530177 ], [ 92.6817262, 27.2542004 ], [ 92.6818228, 27.2548776 ], [ 92.6816833, 27.2554021 ], [ 92.6817262, 27.2557836 ], [ 92.6822519, 27.2560221 ], [ 92.683078, 27.2560125 ], [ 92.6837432, 27.2557932 ], [ 92.6841187, 27.2555452 ], [ 92.6847088, 27.2551923 ], [ 92.6850951, 27.2548394 ], [ 92.6855135, 27.2547154 ], [ 92.686125, 27.2548108 ], [ 92.6867366, 27.2551446 ], [ 92.687155, 27.2555547 ], [ 92.6876271, 27.2556597 ], [ 92.6883781, 27.2555261 ], [ 92.6887321, 27.2554212 ], [ 92.6891398, 27.2552972 ], [ 92.6902556, 27.2547345 ], [ 92.6909959, 27.2543911 ], [ 92.6918864, 27.2542862 ], [ 92.6923799, 27.254744 ], [ 92.6927769, 27.2550779 ], [ 92.6931202, 27.2555929 ], [ 92.6933992, 27.2558695 ], [ 92.6942468, 27.2558218 ], [ 92.6945686, 27.2555643 ], [ 92.6948368, 27.2551542 ], [ 92.6951051, 27.2548203 ], [ 92.6961028, 27.2545724 ], [ 92.6969826, 27.2545247 ], [ 92.6973796, 27.2540192 ], [ 92.6984739, 27.2526743 ], [ 92.6994824, 27.2527316 ], [ 92.700566, 27.2528651 ], [ 92.7011239, 27.2532943 ], [ 92.7013492, 27.2537521 ], [ 92.7013171, 27.254229 ], [ 92.7012527, 27.2546487 ], [ 92.7016175, 27.2566134 ], [ 92.7022827, 27.2576721 ], [ 92.7028298, 27.2583683 ], [ 92.7036238, 27.2586163 ], [ 92.7046001, 27.2587593 ], [ 92.7064884, 27.2594746 ], [ 92.7083123, 27.260085 ], [ 92.7095353, 27.2606096 ], [ 92.7102327, 27.2609148 ], [ 92.7109086, 27.2619543 ], [ 92.7110267, 27.2634993 ], [ 92.7115416, 27.2645674 ], [ 92.7120459, 27.2650538 ], [ 92.7122819, 27.2654067 ], [ 92.7121746, 27.2662078 ], [ 92.7128291, 27.2673331 ], [ 92.7136767, 27.2676669 ], [ 92.7141273, 27.2675811 ], [ 92.7145886, 27.2673045 ], [ 92.7148998, 27.2670947 ], [ 92.7153396, 27.2668372 ], [ 92.7157688, 27.2667037 ], [ 92.7163052, 27.266656 ], [ 92.7163911, 27.2667704 ], [ 92.7163267, 27.2673808 ], [ 92.716949, 27.2681056 ], [ 92.7174854, 27.268611 ], [ 92.7179038, 27.269126 ], [ 92.7182472, 27.2696696 ], [ 92.7184403, 27.2700129 ], [ 92.7181721, 27.2705374 ], [ 92.7174103, 27.2726735 ], [ 92.7167666, 27.2737129 ], [ 92.7159083, 27.274514 ], [ 92.7152324, 27.275315 ], [ 92.7150178, 27.2759444 ], [ 92.7155757, 27.2766595 ], [ 92.7162409, 27.2773843 ], [ 92.7167344, 27.2782043 ], [ 92.7172708, 27.2788051 ], [ 92.7178824, 27.279587 ], [ 92.7189124, 27.2800447 ], [ 92.7195454, 27.280245 ], [ 92.7202749, 27.2802926 ], [ 92.7205109, 27.2803022 ], [ 92.7217491, 27.2802764 ] ] } },
{ "type": "Feature", "properties": { "osm_id": 338305067, "tags": { "name": "河流1", "name:zh": "河流1", "name:zh-Hans": "河流1", "name:zh-Hant": "河流1", "waterway": "river" }, "inside_district": true }, "geometry": { "type": "LineString", "coordinates": [ [ 92.2633208, 27.1304202 ], [ 92.2634414, 27.1306084 ], [ 92.2635487, 27.1309807 ], [ 92.2636238, 27.1312672 ], [ 92.2637311, 27.1315345 ], [ 92.2638598, 27.1318019 ], [ 92.2639457, 27.132031 ], [ 92.2640637, 27.1322984 ], [ 92.2644392, 27.1330432 ], [ 92.2648576, 27.1339789 ], [ 92.2650293, 27.1343703 ], [ 92.2651795, 27.1347332 ], [ 92.2653833, 27.1351246 ], [ 92.265673, 27.1355829 ], [ 92.2666815, 27.1368528 ], [ 92.2668961, 27.1371297 ], [ 92.2671107, 27.1374352 ], [ 92.2671965, 27.1377025 ], [ 92.267218, 27.1380749 ], [ 92.2672287, 27.1383804 ], [ 92.2672565, 27.1387069 ], [ 92.2673204, 27.1389619 ], [ 92.2674925, 27.1393108 ], [ 92.2676338, 27.1395297 ], [ 92.2678617, 27.1398317 ], [ 92.268087, 27.1401849 ], [ 92.2683552, 27.1404523 ], [ 92.2689346, 27.1408532 ], [ 92.2694174, 27.1411397 ], [ 92.2697821, 27.1413115 ], [ 92.2701147, 27.1415311 ], [ 92.2704903, 27.1418557 ], [ 92.2708336, 27.142209 ], [ 92.271134, 27.1424858 ], [ 92.2714237, 27.1426768 ], [ 92.2719923, 27.1429823 ], [ 92.2724429, 27.143116 ], [ 92.2728935, 27.1433165 ], [ 92.2733012, 27.1435361 ], [ 92.2736123, 27.1438225 ], [ 92.2738269, 27.1441375 ], [ 92.2739128, 27.1444621 ], [ 92.27402, 27.1453405 ], [ 92.2741595, 27.1458274 ], [ 92.2743634, 27.1464002 ], [ 92.2745028, 27.1468202 ], [ 92.2745136, 27.1471448 ], [ 92.2744707, 27.1474981 ], [ 92.2744707, 27.1478513 ], [ 92.2745994, 27.14809 ], [ 92.2748462, 27.1482045 ], [ 92.2751788, 27.1482905 ], [ 92.2754255, 27.1482714 ], [ 92.2757152, 27.1482045 ], [ 92.2759298, 27.1481377 ], [ 92.2761873, 27.1481568 ], [ 92.2763697, 27.1483382 ], [ 92.2763911, 27.1485673 ], [ 92.2763482, 27.1488633 ], [ 92.2761443, 27.1492451 ], [ 92.275962, 27.1496843 ], [ 92.275962, 27.1499898 ], [ 92.2759834, 27.150343 ], [ 92.2761014, 27.1507153 ], [ 92.2761122, 27.1510686 ], [ 92.2760692, 27.1514409 ], [ 92.2761229, 27.1516795 ], [ 92.2762516, 27.15188 ], [ 92.2764769, 27.1519946 ], [ 92.2767237, 27.1520232 ], [ 92.2773138, 27.1518896 ], [ 92.2778824, 27.1517368 ], [ 92.2783116, 27.1516604 ], [ 92.2787193, 27.1516604 ], [ 92.2790626, 27.1517559 ], [ 92.2793201, 27.1519564 ], [ 92.2795239, 27.1523573 ], [ 92.2797058, 27.1526342 ], [ 92.2800813, 27.1529874 ], [ 92.2805963, 27.1532643 ], [ 92.2812507, 27.1535793 ], [ 92.281755, 27.1539611 ], [ 92.281991, 27.1542475 ], [ 92.2821627, 27.1545912 ], [ 92.2822592, 27.1550971 ], [ 92.2822807, 27.155584 ], [ 92.28227, 27.1561281 ], [ 92.2822914, 27.1565291 ], [ 92.2824095, 27.1569205 ], [ 92.2825811, 27.15714 ], [ 92.2826562, 27.1573882 ], [ 92.2826777, 27.1577796 ], [ 92.2826133, 27.1586865 ], [ 92.282624, 27.1593929 ], [ 92.2826991, 27.1597365 ], [ 92.2829459, 27.1600515 ], [ 92.2832248, 27.1602425 ], [ 92.2835467, 27.160357 ], [ 92.283772, 27.1603379 ], [ 92.2843085, 27.1602138 ], [ 92.2847376, 27.1601565 ], [ 92.285156, 27.1601661 ], [ 92.2856174, 27.1602806 ], [ 92.2858212, 27.1603666 ], [ 92.2862504, 27.1604716 ], [ 92.2864864, 27.1604334 ], [ 92.2869263, 27.1603761 ], [ 92.2872589, 27.1604429 ], [ 92.2876451, 27.1605861 ], [ 92.2880314, 27.1608152 ], [ 92.288364, 27.1612257 ], [ 92.2884927, 27.1614834 ], [ 92.2886107, 27.1617984 ], [ 92.2888253, 27.1620561 ], [ 92.289115, 27.1623139 ], [ 92.2892974, 27.1625143 ], [ 92.2893403, 27.1627339 ], [ 92.2893296, 27.1629534 ], [ 92.2893081, 27.1632016 ], [ 92.2893832, 27.1634403 ], [ 92.2896836, 27.1638889 ], [ 92.2898767, 27.1645953 ], [ 92.289984, 27.1652253 ], [ 92.2900591, 27.1656739 ], [ 92.2899626, 27.1661702 ], [ 92.2899626, 27.1664757 ], [ 92.2899947, 27.1667048 ], [ 92.2902093, 27.1669148 ], [ 92.2905848, 27.167058 ], [ 92.2908852, 27.1671439 ], [ 92.2912178, 27.1673061 ], [ 92.291883, 27.1676211 ], [ 92.2923014, 27.1678311 ], [ 92.2927842, 27.1680125 ], [ 92.2932027, 27.1683084 ], [ 92.2934816, 27.1685374 ], [ 92.2937713, 27.1686997 ], [ 92.294061, 27.1688047 ], [ 92.2943399, 27.1688715 ], [ 92.2947691, 27.168862 ], [ 92.2950695, 27.1688906 ], [ 92.2953162, 27.1690624 ], [ 92.2955952, 27.1695015 ], [ 92.2958098, 27.1700169 ], [ 92.2958849, 27.1705324 ], [ 92.29596, 27.1708378 ], [ 92.2959707, 27.1712959 ], [ 92.2960887, 27.1716968 ], [ 92.296196, 27.1719832 ], [ 92.2964428, 27.1722409 ], [ 92.2967217, 27.1724795 ], [ 92.2970329, 27.1727658 ], [ 92.297344, 27.1731954 ], [ 92.2976659, 27.1736249 ], [ 92.2983847, 27.1740926 ], [ 92.298492, 27.174293 ], [ 92.2985134, 27.1745125 ], [ 92.2984276, 27.1747225 ], [ 92.2982452, 27.1749516 ], [ 92.2980414, 27.1753715 ], [ 92.2979663, 27.1756388 ], [ 92.2979555, 27.1758488 ], [ 92.2980414, 27.176221 ], [ 92.298213, 27.1766123 ], [ 92.298198, 27.1768309 ], [ 92.2980628, 27.1770418 ], [ 92.297859, 27.1772327 ], [ 92.2977731, 27.1774045 ], [ 92.2977839, 27.1775858 ], [ 92.2979985, 27.1777958 ], [ 92.2983847, 27.177939 ], [ 92.298964, 27.1781299 ], [ 92.2994254, 27.1782444 ], [ 92.2999726, 27.1784448 ], [ 92.3007021, 27.1788266 ], [ 92.3012922, 27.1791034 ], [ 92.3017321, 27.1793611 ], [ 92.3023651, 27.1796665 ], [ 92.3030946, 27.1799242 ], [ 92.3037706, 27.1802391 ], [ 92.304425, 27.1807163 ], [ 92.3047683, 27.1810504 ], [ 92.3051975, 27.1813271 ], [ 92.3064635, 27.1818711 ], [ 92.3069785, 27.1820143 ], [ 92.3075149, 27.1820334 ], [ 92.3079119, 27.1819857 ], [ 92.3082123, 27.1818807 ], [ 92.3083947, 27.1816803 ], [ 92.3085556, 27.1813367 ], [ 92.308738, 27.1810026 ], [ 92.3090277, 27.1808595 ], [ 92.3094676, 27.1808213 ], [ 92.3098431, 27.180869 ], [ 92.3103473, 27.1809358 ], [ 92.3107336, 27.1809358 ], [ 92.3111198, 27.1808595 ], [ 92.3116455, 27.1807927 ], [ 92.3122893, 27.1809072 ], [ 92.3129115, 27.1812412 ], [ 92.3136518, 27.1817471 ], [ 92.3142205, 27.1822338 ], [ 92.3146775, 27.1826337 ], [ 92.3152397, 27.1828637 ], [ 92.3155401, 27.1829496 ], [ 92.3161302, 27.1829782 ], [ 92.3168812, 27.1829496 ], [ 92.3171709, 27.1828828 ], [ 92.317482, 27.1826156 ], [ 92.317761, 27.1824438 ], [ 92.318115, 27.1823579 ], [ 92.3184798, 27.1823483 ], [ 92.3190484, 27.1824915 ], [ 92.3198853, 27.1828446 ], [ 92.3205612, 27.18315 ], [ 92.3210976, 27.1834554 ], [ 92.3213766, 27.1836749 ], [ 92.3215268, 27.1839517 ], [ 92.3215268, 27.1840767 ], [ 92.3215268, 27.1844671 ], [ 92.3214946, 27.184782 ], [ 92.3215375, 27.1852783 ], [ 92.3216233, 27.1857173 ], [ 92.3217199, 27.1859941 ], [ 92.3219238, 27.1862422 ], [ 92.3223422, 27.186538 ], [ 92.3228035, 27.1868339 ], [ 92.3232649, 27.187082 ], [ 92.323694, 27.1873015 ], [ 92.3239622, 27.1873874 ], [ 92.3246811, 27.1875306 ], [ 92.3253677, 27.1876451 ], [ 92.3260436, 27.1876165 ], [ 92.3265264, 27.1875687 ], [ 92.3268483, 27.187397 ], [ 92.3274062, 27.1869484 ], [ 92.3276916, 27.1867176 ], [ 92.3282323, 27.1862804 ], [ 92.32864, 27.1859654 ], [ 92.3289726, 27.1858509 ], [ 92.3292408, 27.18587 ], [ 92.329552, 27.1859845 ], [ 92.3300884, 27.1863281 ], [ 92.3301553, 27.1863876 ], [ 92.3309789, 27.1871202 ], [ 92.3320303, 27.1881318 ], [ 92.332556, 27.1887235 ], [ 92.3331139, 27.1894202 ], [ 92.3335645, 27.1899737 ], [ 92.3340366, 27.1906703 ], [ 92.3344765, 27.1911475 ], [ 92.3349486, 27.1915483 ], [ 92.3351953, 27.1917105 ], [ 92.3354957, 27.1917869 ], [ 92.3361287, 27.19193 ], [ 92.3365686, 27.1920636 ], [ 92.3368368, 27.1921591 ], [ 92.3370407, 27.1923117 ], [ 92.3372231, 27.1925217 ], [ 92.3374806, 27.192932 ], [ 92.3378132, 27.193371 ], [ 92.3380063, 27.1936764 ], [ 92.3382101, 27.1940295 ], [ 92.3384462, 27.1942681 ], [ 92.3386715, 27.1945257 ], [ 92.338768, 27.1947929 ], [ 92.3389933, 27.1951269 ], [ 92.3392723, 27.1954991 ], [ 92.3396263, 27.1958617 ], [ 92.3398838, 27.1961289 ], [ 92.340152, 27.1962625 ], [ 92.3404203, 27.1963293 ], [ 92.3407099, 27.1963007 ], [ 92.3409996, 27.1962816 ], [ 92.3412035, 27.1962911 ], [ 92.3414181, 27.1964247 ], [ 92.3414824, 27.1966347 ], [ 92.3414824, 27.197045 ], [ 92.3414073, 27.1972931 ], [ 92.3412893, 27.197713 ], [ 92.3412893, 27.1979516 ], [ 92.3413429, 27.198171 ], [ 92.3413966, 27.198381 ], [ 92.3415361, 27.198505 ], [ 92.3417077, 27.1985623 ], [ 92.3419438, 27.1985146 ], [ 92.3422549, 27.1985241 ], [ 92.342566, 27.1985909 ], [ 92.3428128, 27.1987436 ], [ 92.3430488, 27.1990489 ], [ 92.3431239, 27.1993734 ], [ 92.3432098, 27.1997551 ], [ 92.3432634, 27.1999459 ], [ 92.3434136, 27.2000604 ], [ 92.343714, 27.2000986 ], [ 92.3443363, 27.2001559 ], [ 92.3446689, 27.2002036 ], [ 92.3449478, 27.2003753 ], [ 92.3451624, 27.2004898 ], [ 92.3453448, 27.2007189 ], [ 92.3456023, 27.2009765 ], [ 92.3458061, 27.2011864 ], [ 92.3460422, 27.2014155 ], [ 92.3462675, 27.2016158 ], [ 92.3466537, 27.2018353 ], [ 92.3470721, 27.2020262 ], [ 92.3475764, 27.2022552 ], [ 92.3479519, 27.2024842 ], [ 92.3482523, 27.2027895 ], [ 92.3484454, 27.2031044 ], [ 92.3485313, 27.2033525 ], [ 92.3486815, 27.203572 ], [ 92.3490248, 27.2038201 ], [ 92.3494861, 27.2038964 ], [ 92.349808, 27.2039728 ], [ 92.3502157, 27.2042113 ], [ 92.3506663, 27.2044499 ], [ 92.3509453, 27.2045739 ], [ 92.3511813, 27.204698 ], [ 92.3514066, 27.2047266 ], [ 92.3516748, 27.204717 ], [ 92.3519109, 27.2046312 ], [ 92.3520611, 27.2044689 ], [ 92.3521898, 27.2042399 ], [ 92.3523293, 27.2040968 ], [ 92.3525653, 27.2040109 ], [ 92.3528013, 27.2039155 ], [ 92.3530159, 27.2036865 ], [ 92.3534022, 27.2031903 ], [ 92.3538742, 27.2028372 ], [ 92.3540566, 27.2028182 ], [ 92.3544536, 27.2029327 ], [ 92.3548398, 27.2030949 ], [ 92.3553119, 27.2031235 ], [ 92.3557518, 27.2030567 ], [ 92.3562131, 27.2027514 ], [ 92.356535, 27.2025224 ], [ 92.3567817, 27.2024269 ], [ 92.3570929, 27.2024746 ], [ 92.3575328, 27.2027037 ], [ 92.3580477, 27.2029518 ], [ 92.3584554, 27.203009 ], [ 92.3587451, 27.2029422 ], [ 92.3590884, 27.2028659 ], [ 92.3595391, 27.202675 ], [ 92.3599682, 27.2025033 ], [ 92.3603652, 27.2022838 ], [ 92.3608372, 27.2021025 ], [ 92.3611377, 27.2020452 ], [ 92.3615024, 27.2020166 ], [ 92.361835, 27.2020548 ], [ 92.3620925, 27.2020452 ], [ 92.3621419, 27.2018916 ], [ 92.3620818, 27.2017399 ], [ 92.3622427, 27.2015109 ], [ 92.3624251, 27.2013868 ], [ 92.3626397, 27.2011387 ], [ 92.3628221, 27.2008047 ], [ 92.3630045, 27.2004231 ], [ 92.3632083, 27.2001368 ], [ 92.3634444, 27.1999459 ], [ 92.3637662, 27.199841 ], [ 92.3640881, 27.1998123 ], [ 92.3644207, 27.1997646 ], [ 92.3647855, 27.1996119 ], [ 92.3653326, 27.1992875 ], [ 92.3656867, 27.1990489 ], [ 92.3661266, 27.1988772 ], [ 92.3665557, 27.198734 ], [ 92.3669527, 27.1986577 ], [ 92.3673926, 27.1986291 ], [ 92.3677144, 27.1984955 ], [ 92.3679719, 27.1982951 ], [ 92.3681329, 27.1980279 ], [ 92.3681329, 27.1977416 ], [ 92.3680685, 27.1974553 ], [ 92.3678432, 27.1970832 ], [ 92.3674569, 27.1966156 ], [ 92.3670235, 27.1961948 ], [ 92.3666952, 27.1957663 ], [ 92.3665879, 27.1955182 ], [ 92.366545, 27.1952796 ], [ 92.3666952, 27.1950219 ], [ 92.3669098, 27.1947452 ], [ 92.3672638, 27.1945734 ], [ 92.3676393, 27.1944875 ], [ 92.3680041, 27.1943253 ], [ 92.368444, 27.1941249 ], [ 92.3689912, 27.19381 ], [ 92.369474, 27.1935714 ], [ 92.3700211, 27.1934665 ], [ 92.3703215, 27.1934855 ], [ 92.3706219, 27.1936287 ], [ 92.3709009, 27.1939436 ], [ 92.3711262, 27.1940677 ], [ 92.3713622, 27.194039 ], [ 92.3719416, 27.1937527 ], [ 92.3724566, 27.1936287 ], [ 92.372757, 27.1936573 ], [ 92.3731003, 27.1937909 ], [ 92.3736367, 27.194144 ], [ 92.3741303, 27.1945639 ], [ 92.3746774, 27.1950792 ], [ 92.3750422, 27.1952891 ], [ 92.375525, 27.1954705 ], [ 92.3758898, 27.1956231 ], [ 92.3761258, 27.1957949 ], [ 92.3764155, 27.1961289 ], [ 92.3765872, 27.1965297 ], [ 92.3767267, 27.1971118 ], [ 92.3767803, 27.1976271 ], [ 92.3768232, 27.1980947 ], [ 92.376791, 27.1989249 ], [ 92.376673, 27.1992875 ], [ 92.3766086, 27.1995833 ], [ 92.3765979, 27.199841 ], [ 92.3767481, 27.2001463 ], [ 92.3768983, 27.2004326 ], [ 92.3772094, 27.2007189 ], [ 92.377542, 27.2009574 ], [ 92.3781107, 27.2011292 ], [ 92.3784433, 27.2011387 ], [ 92.3786471, 27.2010051 ], [ 92.3787973, 27.2007666 ], [ 92.378969, 27.2005566 ], [ 92.379323, 27.200299 ], [ 92.3795805, 27.2002513 ], [ 92.3798595, 27.2002704 ], [ 92.3800955, 27.200404 ], [ 92.3801813, 27.2006998 ], [ 92.3801384, 27.2010815 ], [ 92.3800419, 27.2013391 ], [ 92.3797629, 27.2016826 ], [ 92.3794196, 27.2019689 ], [ 92.3790076, 27.202197 ], [ 92.3785613, 27.2023888 ], [ 92.378336, 27.2026559 ], [ 92.3782716, 27.2028945 ], [ 92.3782931, 27.2031426 ], [ 92.378454, 27.2033144 ], [ 92.3788831, 27.2035052 ], [ 92.3792908, 27.2035624 ], [ 92.3796664, 27.2036006 ], [ 92.3799668, 27.2035052 ], [ 92.3802886, 27.2034002 ], [ 92.3805676, 27.2034098 ], [ 92.3809538, 27.2035243 ], [ 92.38134, 27.203801 ], [ 92.381619, 27.2040109 ], [ 92.3819838, 27.2042876 ], [ 92.3824344, 27.2044212 ], [ 92.3829172, 27.204488 ], [ 92.3833678, 27.2046025 ], [ 92.3837862, 27.2047075 ], [ 92.3842368, 27.2047934 ], [ 92.3847196, 27.2047743 ], [ 92.3854385, 27.2048506 ] ] } },
{ "type": "Feature", "properties": { "osm_id": 338318942, "tags": { "source": "Bing", "waterway": "river" }, "inside_district": true }, "geometry": { "type": "LineString", "coordinates": [ [ 92.1864619, 27.1687123 ], [ 92.1866979, 27.1688426 ], [ 92.186891, 27.1688522 ], [ 92.187052, 27.1688078 ], [ 92.1872344, 27.1686899 ], [ 92.1874871, 27.1685556 ], [ 92.1876741, 27.1685136 ], [ 92.1879048, 27.1685231 ], [ 92.1880826, 27.1685794 ], [ 92.1883286, 27.1686997 ], [ 92.1885761, 27.1689088 ], [ 92.1889785, 27.1693335 ], [ 92.1891877, 27.1695005 ], [ 92.1893647, 27.1695721 ], [ 92.1895624, 27.1695826 ], [ 92.1897295, 27.1695578 ], [ 92.190013, 27.169449 ], [ 92.1901846, 27.1693345 ], [ 92.1904582, 27.1690767 ], [ 92.1907648, 27.1688801 ], [ 92.1908659, 27.1688477 ], [ 92.1910277, 27.1688515 ], [ 92.1911671, 27.1689231 ], [ 92.1912253, 27.1690481 ], [ 92.191194, 27.1692285 ], [ 92.1912039, 27.1693679 ], [ 92.1912583, 27.1694719 ], [ 92.1913549, 27.169534 ], [ 92.1914614, 27.1695445 ], [ 92.1915856, 27.1695149 ], [ 92.1917081, 27.1694729 ], [ 92.1918538, 27.1694719 ], [ 92.1919933, 27.1695292 ], [ 92.1921113, 27.1696246 ], [ 92.1923197, 27.1697735 ], [ 92.1925772, 27.1698976 ], [ 92.1928408, 27.1700207 ], [ 92.1930983, 27.1701162 ], [ 92.193414, 27.1702556 ], [ 92.1936662, 27.1703558 ], [ 92.1938593, 27.1704751 ], [ 92.1940317, 27.1705839 ], [ 92.1942026, 27.1707567 ], [ 92.1943268, 27.1709609 ], [ 92.1944225, 27.1711385 ], [ 92.194562, 27.1713246 ], [ 92.1947667, 27.1715241 ], [ 92.1949973, 27.1716386 ], [ 92.1951583, 27.1716959 ], [ 92.1953728, 27.1717197 ], [ 92.1955705, 27.1717064 ], [ 92.19571, 27.1716873 ], [ 92.1959031, 27.1716252 ], [ 92.196156, 27.1715336 ], [ 92.1963698, 27.1715107 ], [ 92.1965308, 27.171525 ], [ 92.1966917, 27.1716109 ], [ 92.196858, 27.1717684 ], [ 92.1969929, 27.1719202 ], [ 92.1971798, 27.1720548 ], [ 92.1972764, 27.1721645 ], [ 92.1973086, 27.1722266 ], [ 92.1974695, 27.1722743 ], [ 92.1976358, 27.1722838 ], [ 92.1978029, 27.1722877 ], [ 92.197904, 27.1723411 ], [ 92.1979791, 27.172427 ], [ 92.1980926, 27.1724642 ], [ 92.1982589, 27.1725024 ], [ 92.1984091, 27.1725406 ], [ 92.1986076, 27.1725597 ], [ 92.1987784, 27.1725129 ], [ 92.1989233, 27.1724127 ], [ 92.199111, 27.1722647 ], [ 92.1992191, 27.1721349 ], [ 92.1993149, 27.1720739 ], [ 92.1994329, 27.1720595 ], [ 92.1996376, 27.172092 ], [ 92.1999433, 27.1720968 ], [ 92.2001364, 27.1721349 ], [ 92.2003073, 27.1721741 ], [ 92.2004897, 27.1722027 ], [ 92.2007257, 27.1722027 ], [ 92.2008875, 27.1722018 ], [ 92.2010744, 27.1721311 ], [ 92.2012522, 27.1720681 ], [ 92.2014016, 27.1720786 ], [ 92.201525, 27.1721407 ], [ 92.2016967, 27.1723029 ], [ 92.2018638, 27.1724213 ], [ 92.2020247, 27.1725263 ], [ 92.2022447, 27.1726026 ], [ 92.2024163, 27.1726456 ], [ 92.2026577, 27.1726838 ], [ 92.2028508, 27.1727363 ], [ 92.2029841, 27.172804 ], [ 92.2031244, 27.1728794 ], [ 92.2033068, 27.1729892 ], [ 92.2034777, 27.1730236 ], [ 92.2036448, 27.1729796 ], [ 92.2037781, 27.1729138 ], [ 92.2039873, 27.1727849 ], [ 92.2042394, 27.1726847 ], [ 92.2045138, 27.1726313 ], [ 92.2047705, 27.172594 ], [ 92.2050602, 27.1725606 ], [ 92.2053981, 27.1725272 ], [ 92.2057744, 27.1725454 ], [ 92.2058863, 27.1725415 ], [ 92.2059944, 27.1724881 ], [ 92.2060802, 27.1723736 ], [ 92.2062243, 27.172155 ], [ 92.2063745, 27.171883 ], [ 92.2064235, 27.1718247 ], [ 92.2064817, 27.1717875 ], [ 92.2065783, 27.1717541 ], [ 92.2068312, 27.1717245 ], [ 92.2070673, 27.1717388 ], [ 92.2073401, 27.1717971 ], [ 92.2075501, 27.1718247 ], [ 92.2077003, 27.17182 ], [ 92.2078719, 27.1717675 ], [ 92.2079953, 27.1716911 ], [ 92.2080911, 27.1715871 ], [ 92.2082367, 27.1714573 ], [ 92.2083333, 27.1714095 ], [ 92.2084459, 27.1714 ], [ 92.2085739, 27.1714391 ], [ 92.2087463, 27.1715098 ], [ 92.2089172, 27.1715441 ], [ 92.2091049, 27.171568 ], [ 92.2093257, 27.1716147 ], [ 92.2095295, 27.1716959 ], [ 92.2097326, 27.1718066 ], [ 92.2098568, 27.1719059 ], [ 92.2099579, 27.172007 ], [ 92.2100545, 27.1720786 ], [ 92.2101518, 27.1721158 ], [ 92.2102859, 27.1721254 ], [ 92.2104139, 27.172112 ], [ 92.2106016, 27.1721025 ], [ 92.2109128, 27.1720739 ], [ 92.2111442, 27.172049 ], [ 92.2113205, 27.1720357 ], [ 92.2114393, 27.1720586 ], [ 92.2115779, 27.172112 ], [ 92.2117174, 27.1721407 ], [ 92.2119159, 27.1720977 ], [ 92.212024, 27.1720109 ], [ 92.2121635, 27.1717675 ], [ 92.2123512, 27.1715002 ], [ 92.2124631, 27.1713484 ], [ 92.2126025, 27.1712053 ], [ 92.2127367, 27.1711623 ], [ 92.2128823, 27.17119 ], [ 92.2130532, 27.1713103 ], [ 92.2132095, 27.1714668 ], [ 92.2134662, 27.1715727 ], [ 92.2136816, 27.1716338 ], [ 92.2139597, 27.1716682 ], [ 92.2142556, 27.1716816 ], [ 92.2144702, 27.1717245 ], [ 92.2146464, 27.1717446 ], [ 92.2148341, 27.1717064 ], [ 92.2149951, 27.1716252 ], [ 92.2151453, 27.1715298 ], [ 92.2152426, 27.1715098 ], [ 92.2153438, 27.1715489 ], [ 92.2153813, 27.1716157 ], [ 92.2154993, 27.1718448 ], [ 92.2156013, 27.1720309 ], [ 92.2157523, 27.1721922 ], [ 92.2160036, 27.1723125 ], [ 92.2161224, 27.1723449 ], [ 92.2163209, 27.1723592 ], [ 92.2165623, 27.1723831 ], [ 92.216878, 27.17247 ], [ 92.2171738, 27.1725692 ], [ 92.2173286, 27.1726513 ], [ 92.2174796, 27.1727506 ], [ 92.2177202, 27.172952 ], [ 92.218085, 27.1732479 ], [ 92.2182996, 27.173434 ], [ 92.2184774, 27.173643 ], [ 92.2185195, 27.1737108 ], [ 92.2186053, 27.1738826 ], [ 92.218751, 27.1740152 ], [ 92.2190514, 27.1742061 ], [ 92.2193035, 27.1743684 ], [ 92.2195226, 27.1744553 ], [ 92.2196889, 27.1744791 ], [ 92.2198292, 27.1744782 ], [ 92.2199633, 27.174502 ], [ 92.2201181, 27.1745889 ], [ 92.2202576, 27.1747464 ], [ 92.220338, 27.1749277 ], [ 92.2204078, 27.1750995 ], [ 92.2205151, 27.1752713 ], [ 92.2206492, 27.1754383 ], [ 92.2207565, 27.1756101 ], [ 92.2208485, 27.1757237 ], [ 92.2209764, 27.175801 ], [ 92.2211113, 27.175843 ], [ 92.2212615, 27.1758812 ], [ 92.2214117, 27.1759289 ], [ 92.2215834, 27.1760196 ], [ 92.2218033, 27.1761532 ], [ 92.2220823, 27.1763441 ], [ 92.2224095, 27.1764968 ], [ 92.222575, 27.1765503 ], [ 92.2227198, 27.1765789 ], [ 92.2229728, 27.176597 ], [ 92.2231705, 27.1766171 ], [ 92.2233099, 27.1766553 ], [ 92.2234556, 27.1767307 ], [ 92.223605, 27.17687 ], [ 92.2236908, 27.1769798 ], [ 92.2237238, 27.1771029 ], [ 92.2237284, 27.1772613 ], [ 92.2237659, 27.1774093 ], [ 92.2238472, 27.1775372 ], [ 92.2239644, 27.1776526 ], [ 92.2240939, 27.1778139 ], [ 92.2242227, 27.1778903 ], [ 92.2243399, 27.1779581 ], [ 92.2244525, 27.1780058 ], [ 92.2245437, 27.1780821 ], [ 92.2245759, 27.1781871 ], [ 92.2245491, 27.1783541 ], [ 92.2244794, 27.1785593 ], [ 92.2244418, 27.1787216 ], [ 92.2244418, 27.1788695 ], [ 92.2243989, 27.1790079 ], [ 92.2243614, 27.1790795 ], [ 92.2242541, 27.1792227 ], [ 92.2241682, 27.1793801 ], [ 92.2241468, 27.1795567 ], [ 92.2241575, 27.1797047 ], [ 92.2242165, 27.1798526 ], [ 92.224356, 27.1800673 ], [ 92.2244365, 27.1802773 ], [ 92.2244802, 27.1804052 ], [ 92.2245598, 27.1805207 ], [ 92.2247261, 27.1806877 ], [ 92.2249139, 27.1807784 ], [ 92.2251392, 27.180807 ], [ 92.2253216, 27.1808499 ], [ 92.2254986, 27.1809072 ], [ 92.2256603, 27.1809969 ], [ 92.2257883, 27.1811124 ], [ 92.2259554, 27.1811973 ], [ 92.2261378, 27.1812737 ], [ 92.2262182, 27.1813644 ], [ 92.2262393, 27.1814144 ], [ 92.2262872, 27.1815276 ], [ 92.2262925, 27.1816707 ], [ 92.2262711, 27.1818139 ], [ 92.2261853, 27.1819666 ], [ 92.2260619, 27.1821479 ], [ 92.2259546, 27.1822959 ], [ 92.225858, 27.1824867 ], [ 92.2258159, 27.1826337 ], [ 92.2258366, 27.1827683 ], [ 92.2259447, 27.182963 ], [ 92.2261692, 27.1832216 ], [ 92.2263623, 27.1834698 ], [ 92.226583, 27.1836978 ], [ 92.2268512, 27.1839317 ], [ 92.2270918, 27.1841283 ], [ 92.227285, 27.1842094 ], [ 92.2274306, 27.1842323 ], [ 92.2275854, 27.1841999 ], [ 92.2277042, 27.1841273 ], [ 92.2278697, 27.1840758 ], [ 92.2281548, 27.1840271 ], [ 92.2284069, 27.1839842 ], [ 92.2287663, 27.1839174 ], [ 92.2290981, 27.183842 ], [ 92.2294522, 27.1837799 ], [ 92.2297419, 27.1837131 ], [ 92.2300154, 27.1836893 ], [ 92.2303051, 27.1836988 ], [ 92.2306117, 27.1837503 ], [ 92.2309228, 27.183841 ], [ 92.23126, 27.1839088 ], [ 92.2315237, 27.1839221 ], [ 92.2316999, 27.1839231 ], [ 92.2320118, 27.1838935 ], [ 92.2322318, 27.1838935 ], [ 92.2324455, 27.1839183 ], [ 92.2326877, 27.1839794 ], [ 92.2329399, 27.1840939 ], [ 92.2331697, 27.1843239 ], [ 92.2333905, 27.1846665 ], [ 92.2335399, 27.1848106 ], [ 92.2336793, 27.184887 ], [ 92.2338296, 27.184887 ], [ 92.2340503, 27.1848431 ], [ 92.2342694, 27.1848584 ], [ 92.2345162, 27.1849156 ], [ 92.234855, 27.1849433 ], [ 92.2352627, 27.1849338 ], [ 92.2356964, 27.184992 ], [ 92.2358849, 27.1850626 ], [ 92.2361853, 27.1852105 ], [ 92.2365279, 27.1852831 ], [ 92.2369034, 27.1853499 ], [ 92.2372797, 27.1854014 ], [ 92.2377188, 27.1853976 ], [ 92.2382069, 27.185369 ], [ 92.2384545, 27.1852726 ], [ 92.238712, 27.1851199 ], [ 92.2388783, 27.1849719 ], [ 92.2389257, 27.1848822 ], [ 92.2389051, 27.1847763 ], [ 92.2388992, 27.1846802 ], [ 92.238974, 27.184615 ], [ 92.2391403, 27.1845291 ], [ 92.2393871, 27.1844957 ], [ 92.2396829, 27.1845043 ], [ 92.2399235, 27.1845911 ], [ 92.2401435, 27.1846532 ], [ 92.2403312, 27.1846579 ], [ 92.2405895, 27.1845711 ], [ 92.2409168, 27.1844709 ], [ 92.2411742, 27.1844136 ], [ 92.2414693, 27.1843421 ], [ 92.2417689, 27.1843001 ], [ 92.2421023, 27.18428 ], [ 92.2424341, 27.184281 ], [ 92.2428587, 27.1845425 ], [ 92.2431376, 27.1847047 ], [ 92.2433897, 27.1848956 ], [ 92.243776, 27.1851103 ], [ 92.2441668, 27.1852878 ], [ 92.2445155, 27.1853451 ], [ 92.2447622, 27.1853165 ], [ 92.2450197, 27.1852306 ], [ 92.2452611, 27.1850445 ], [ 92.2455562, 27.1849443 ], [ 92.2458413, 27.1848956 ], [ 92.2461632, 27.1849433 ], [ 92.2465118, 27.1849672 ], [ 92.2468391, 27.1849672 ], [ 92.2471762, 27.1848965 ], [ 92.2474345, 27.1848145 ], [ 92.2476697, 27.1846723 ], [ 92.24803, 27.1844613 ], [ 92.2481909, 27.1843993 ], [ 92.2484315, 27.1843907 ], [ 92.248663, 27.1843898 ], [ 92.2489848, 27.1843468 ], [ 92.2493335, 27.1843564 ], [ 92.2496286, 27.1844375 ], [ 92.2499075, 27.1845902 ], [ 92.2502447, 27.1848393 ], [ 92.2504807, 27.1850779 ], [ 92.2505727, 27.1852582 ], [ 92.2507175, 27.1854014 ], [ 92.2508999, 27.185473 ], [ 92.251077, 27.1855446 ], [ 92.2512264, 27.1856934 ], [ 92.2513766, 27.1858175 ], [ 92.2515866, 27.1858404 ], [ 92.2517743, 27.1857879 ], [ 92.2518701, 27.1857364 ], [ 92.2519988, 27.1856219 ], [ 92.2522027, 27.1855264 ], [ 92.252369, 27.1855503 ], [ 92.2526533, 27.1857173 ], [ 92.2530457, 27.185912 ], [ 92.2533346, 27.1860609 ], [ 92.2535982, 27.186141 ], [ 92.2539086, 27.1862422 ], [ 92.254081, 27.1863033 ], [ 92.254209, 27.1864378 ], [ 92.2544236, 27.1867194 ], [ 92.2547087, 27.187 ], [ 92.2549063, 27.1871488 ], [ 92.2551164, 27.1872385 ], [ 92.2553945, 27.1872872 ], [ 92.255685, 27.1872529 ], [ 92.2559639, 27.1871526 ], [ 92.2561463, 27.1870858 ], [ 92.2563011, 27.1870963 ], [ 92.2564677, 27.1872538 ], [ 92.2567895, 27.1875115 ], [ 92.2569934, 27.187731 ], [ 92.2570792, 27.1879409 ], [ 92.2571221, 27.1882463 ], [ 92.2571972, 27.1886472 ], [ 92.2574333, 27.1889621 ], [ 92.2579912, 27.1897733 ], [ 92.2583345, 27.1903936 ], [ 92.2586242, 27.1906608 ], [ 92.258946, 27.1910711 ], [ 92.2592679, 27.1916819 ], [ 92.2599116, 27.1925217 ], [ 92.2602335, 27.193266 ], [ 92.2602764, 27.1940199 ], [ 92.2602764, 27.1942013 ], [ 92.2602335, 27.1944971 ], [ 92.2602979, 27.1947738 ], [ 92.2604159, 27.1950506 ], [ 92.2604481, 27.1952796 ], [ 92.2604373, 27.1954705 ], [ 92.2603622, 27.1956518 ], [ 92.2604373, 27.1958426 ], [ 92.2607914, 27.1960048 ], [ 92.2612205, 27.1961003 ], [ 92.261639, 27.1961862 ], [ 92.2619608, 27.1961957 ], [ 92.2624436, 27.1961289 ], [ 92.262862, 27.1960907 ], [ 92.2632912, 27.1961194 ], [ 92.2636882, 27.1962816 ], [ 92.2639457, 27.196587 ], [ 92.2641602, 27.1967683 ], [ 92.2645036, 27.1968542 ], [ 92.2648683, 27.1967492 ], [ 92.2652331, 27.1965011 ], [ 92.2655013, 27.196253 ], [ 92.265791, 27.1961194 ], [ 92.2661773, 27.1961098 ], [ 92.2665313, 27.1963007 ], [ 92.2669068, 27.196482 ], [ 92.2674003, 27.1965011 ], [ 92.2677437, 27.1965583 ], [ 92.2680441, 27.1966633 ], [ 92.2681943, 27.1968828 ], [ 92.2682157, 27.1972454 ], [ 92.268205, 27.1978657 ], [ 92.2682694, 27.1983046 ], [ 92.2683874, 27.198505 ], [ 92.2687629, 27.198839 ], [ 92.2692672, 27.1992112 ], [ 92.2698143, 27.1995738 ], [ 92.2702542, 27.1998314 ], [ 92.2708121, 27.2000414 ], [ 92.2711984, 27.2002227 ], [ 92.2716168, 27.2004135 ], [ 92.2719279, 27.2007093 ], [ 92.2723785, 27.2009574 ], [ 92.2727326, 27.2012342 ], [ 92.2729686, 27.2015681 ], [ 92.273151, 27.2018926 ], [ 92.2733978, 27.2021884 ], [ 92.2736982, 27.2023983 ], [ 92.2741166, 27.2026273 ], [ 92.2745243, 27.20278 ], [ 92.2749964, 27.2030472 ], [ 92.2752968, 27.2032762 ], [ 92.2755757, 27.2037247 ], [ 92.2757045, 27.2040396 ], [ 92.2758654, 27.2044403 ], [ 92.2760585, 27.2047934 ], [ 92.2762946, 27.2050701 ], [ 92.2764233, 27.2053277 ], [ 92.2763804, 27.2056617 ], [ 92.2763053, 27.2059479 ], [ 92.2760478, 27.2064441 ], [ 92.2756616, 27.2069594 ], [ 92.2752109, 27.2073124 ], [ 92.2747711, 27.2075033 ], [ 92.2743526, 27.2077704 ], [ 92.274181, 27.2080758 ], [ 92.2741166, 27.2083525 ], [ 92.2741381, 27.2085338 ], [ 92.2742883, 27.2087628 ], [ 92.2746209, 27.2090395 ], [ 92.2751466, 27.2094879 ], [ 92.2758225, 27.2099555 ], [ 92.2762195, 27.2101558 ], [ 92.2765842, 27.2102035 ], [ 92.2771207, 27.2101558 ], [ 92.2778073, 27.2100604 ], [ 92.2783974, 27.2101177 ], [ 92.2788802, 27.2102131 ], [ 92.2792406, 27.2103917 ] ] } },
{ "type": "Feature", "properties": { "osm_id": 338329178, "tags": { "waterway": "river" }, "inside_district": true }, "geometry": { "type": "LineString", "coordinates": [ [ 92.3717446, 27.1396177 ], [ 92.3727192, 27.140469 ], [ 92.3730665, 27.1407175 ], [ 92.3742556, 27.1414574 ], [ 92.3752838, 27.1420064 ], [ 92.3759901, 27.1423962 ], [ 92.3767679, 27.1426747 ], [ 92.3773133, 27.143343 ], [ 92.3775636, 27.1440193 ], [ 92.3778026, 27.1442142 ], [ 92.3778702, 27.1442673 ], [ 92.3780633, 27.1443724 ], [ 92.3783578, 27.1445003 ], [ 92.3786207, 27.144548 ], [ 92.3788942, 27.1445624 ], [ 92.3792107, 27.1445528 ], [ 92.3793883, 27.1445681 ], [ 92.3795546, 27.1446206 ], [ 92.3798277, 27.1447724 ], [ 92.3800637, 27.1448726 ], [ 92.3805148, 27.1450263 ], [ 92.3808093, 27.1452307 ], [ 92.3812439, 27.1455027 ], [ 92.3814263, 27.145603 ], [ 92.381614, 27.1457605 ], [ 92.3818559, 27.1460336 ], [ 92.3819144, 27.1461615 ], [ 92.381931, 27.1463438 ], [ 92.3818774, 27.1465396 ], [ 92.3818452, 27.1467114 ], [ 92.3818661, 27.1469062 ], [ 92.3819037, 27.1470875 ], [ 92.3819954, 27.1472317 ], [ 92.3821022, 27.1473835 ], [ 92.3823436, 27.1476174 ], [ 92.3825206, 27.1477176 ], [ 92.3827679, 27.1478188 ], [ 92.3830248, 27.1479324 ], [ 92.3832287, 27.1480375 ], [ 92.3833312, 27.1482055 ], [ 92.3833843, 27.1484098 ], [ 92.3833741, 27.1486685 ], [ 92.3834277, 27.1489597 ], [ 92.3834867, 27.1490838 ], [ 92.3835559, 27.1492547 ], [ 92.3835672, 27.1493988 ], [ 92.3835404, 27.1495325 ], [ 92.3834433, 27.1496843 ], [ 92.3833414, 27.1498275 ], [ 92.3833258, 27.1500003 ], [ 92.3833628, 27.1501139 ], [ 92.3834647, 27.1501807 ], [ 92.3835881, 27.1501998 ], [ 92.3837866, 27.1501903 ], [ 92.3839636, 27.1501712 ], [ 92.3841573, 27.1501721 ], [ 92.3844196, 27.1502666 ], [ 92.3848756, 27.1503764 ], [ 92.385015, 27.1504051 ], [ 92.3851813, 27.150386 ], [ 92.3853745, 27.1503144 ], [ 92.3855944, 27.1502284 ], [ 92.3858202, 27.1501673 ], [ 92.3860938, 27.1500337 ], [ 92.3863996, 27.1499239 ], [ 92.3867585, 27.1498418 ], [ 92.3869999, 27.1497988 ], [ 92.3872466, 27.1498084 ], [ 92.3874129, 27.1498418 ], [ 92.387569, 27.1499478 ], [ 92.387649, 27.1501139 ], [ 92.3876758, 27.1503 ], [ 92.3876973, 27.150448 ], [ 92.3878158, 27.1505874 ], [ 92.3878963, 27.1507115 ], [ 92.3879548, 27.1508585 ], [ 92.3880197, 27.1510409 ], [ 92.3880948, 27.1512032 ], [ 92.3882391, 27.1513931 ], [ 92.3883571, 27.1515793 ], [ 92.38854, 27.1520814 ], [ 92.3886038, 27.1522857 ], [ 92.3886473, 27.1524967 ], [ 92.3887755, 27.1526724 ], [ 92.3888774, 27.1528108 ], [ 92.389092, 27.1528872 ], [ 92.3892905, 27.1529206 ], [ 92.3894407, 27.1529253 ], [ 92.3896714, 27.1528872 ], [ 92.3899503, 27.1528442 ], [ 92.3901327, 27.152849 ], [ 92.3903693, 27.1530027 ], [ 92.3904444, 27.1531888 ], [ 92.3904277, 27.1533454 ], [ 92.3902829, 27.1535315 ], [ 92.3899718, 27.1537893 ], [ 92.3896982, 27.1538895 ], [ 92.3894729, 27.1538609 ], [ 92.3892476, 27.1538036 ], [ 92.3889584, 27.1536518 ], [ 92.3886575, 27.1534552 ], [ 92.3883415, 27.1532938 ], [ 92.3881269, 27.1532318 ], [ 92.3878957, 27.1532881 ], [ 92.3876597, 27.1533645 ], [ 92.3874773, 27.1535459 ], [ 92.3873217, 27.1537893 ], [ 92.3872413, 27.153942 ], [ 92.3872198, 27.1541473 ], [ 92.387252, 27.1543287 ], [ 92.3873169, 27.1544824 ], [ 92.3873759, 27.1546494 ], [ 92.3874773, 27.1547773 ], [ 92.3876222, 27.1548823 ], [ 92.3878099, 27.1549587 ], [ 92.3879816, 27.1550112 ], [ 92.388121, 27.1550685 ], [ 92.3882176, 27.155164 ], [ 92.3882498, 27.1553071 ], [ 92.3882015, 27.1554933 ], [ 92.3881913, 27.1556565 ], [ 92.3882503, 27.1557806 ], [ 92.3883946, 27.1558704 ], [ 92.3885609, 27.1558847 ], [ 92.3887331, 27.1558666 ], [ 92.3888404, 27.1559047 ], [ 92.3889418, 27.1560136 ], [ 92.3890872, 27.1562007 ], [ 92.3892481, 27.1564489 ], [ 92.3893495, 27.1565577 ], [ 92.3895807, 27.1568069 ], [ 92.3896767, 27.1569395 ], [ 92.389747, 27.1571314 ], [ 92.3898001, 27.1573453 ], [ 92.3898538, 27.1575696 ], [ 92.3898543, 27.1577567 ], [ 92.3898806, 27.1579323 ], [ 92.3899879, 27.1580946 ], [ 92.3901595, 27.1582473 ], [ 92.3904176, 27.1584726 ], [ 92.3907121, 27.1587056 ], [ 92.3910666, 27.1589117 ], [ 92.3912753, 27.1590253 ], [ 92.3914797, 27.1591981 ], [ 92.3916455, 27.1593738 ], [ 92.3917957, 27.159474 ], [ 92.3919405, 27.159517 ], [ 92.3920371, 27.1594931 ], [ 92.3921229, 27.1594883 ], [ 92.3921765, 27.1595695 ], [ 92.3921664, 27.1597947 ], [ 92.3921497, 27.1599847 ], [ 92.39222, 27.1602052 ], [ 92.3923487, 27.1604964 ], [ 92.3924668, 27.1608305 ], [ 92.3925306, 27.1610347 ], [ 92.3925419, 27.1612171 ], [ 92.3925199, 27.1614309 ], [ 92.3925413, 27.1616743 ], [ 92.3925848, 27.1618948 ], [ 92.3926384, 27.1620619 ], [ 92.3927189, 27.1622671 ], [ 92.3927269, 27.1623759 ], [ 92.3926643, 27.1625729 ], [ 92.3925986, 27.1627923 ], [ 92.3925543, 27.1629144 ], [ 92.3925368, 27.1630797 ], [ 92.392623, 27.1631885 ], [ 92.392785, 27.1632389 ], [ 92.3929699, 27.1633132 ], [ 92.3930769, 27.1633785 ], [ 92.3931388, 27.1635389 ], [ 92.3932526, 27.1637528 ], [ 92.3934331, 27.1639642 ], [ 92.3935512, 27.1641062 ], [ 92.3937359, 27.164236 ], [ 92.3939262, 27.1642856 ], [ 92.3941469, 27.1642536 ], [ 92.39429, 27.1642193 ], [ 92.3947586, 27.1641328 ], [ 92.3949231, 27.164118 ], [ 92.395068, 27.164118 ], [ 92.3952772, 27.1640893 ], [ 92.3954488, 27.1640893 ], [ 92.3955937, 27.1641227 ], [ 92.3956532, 27.1642287 ], [ 92.3956473, 27.1643327 ], [ 92.3955084, 27.164496 ], [ 92.3954649, 27.1646334 ], [ 92.3953885, 27.1647664 ], [ 92.3953877, 27.164872 ], [ 92.3955841, 27.1651018 ], [ 92.3956001, 27.1652853 ], [ 92.3956037, 27.1653368 ], [ 92.3955762, 27.1655048 ], [ 92.3954673, 27.1656677 ], [ 92.3954432, 27.1658441 ], [ 92.3955318, 27.1660205 ], [ 92.3955089, 27.1663629 ], [ 92.395564, 27.1665963 ], [ 92.3955196, 27.1667656 ], [ 92.3954434, 27.1669652 ], [ 92.3953391, 27.1672589 ], [ 92.3952992, 27.1675505 ], [ 92.3952825, 27.1676641 ], [ 92.395267, 27.1679275 ], [ 92.395208, 27.1681375 ], [ 92.3950572, 27.168442 ], [ 92.3949607, 27.1686138 ], [ 92.3948963, 27.1687713 ], [ 92.3948748, 27.1689717 ], [ 92.394907, 27.1691197 ], [ 92.3950036, 27.1692819 ], [ 92.3951329, 27.1693879 ], [ 92.3952718, 27.1694585 ], [ 92.3954274, 27.1696303 ], [ 92.3956103, 27.1698222 ], [ 92.39576, 27.1699453 ], [ 92.3959161, 27.170037 ], [ 92.3961087, 27.1700837 ], [ 92.3963452, 27.1701133 ], [ 92.3966349, 27.1701992 ], [ 92.3968919, 27.170308 ], [ 92.3971601, 27.1704178 ], [ 92.3973586, 27.1705562 ], [ 92.3974712, 27.1706517 ], [ 92.3975892, 27.1707901 ], [ 92.3976863, 27.1709199 ], [ 92.3977502, 27.1710859 ], [ 92.3977502, 27.1712148 ], [ 92.3977078, 27.1714162 ], [ 92.3975254, 27.1719889 ], [ 92.3974825, 27.1721846 ], [ 92.3974718, 27.1722848 ], [ 92.3975034, 27.1724174 ], [ 92.3975946, 27.1725893 ], [ 92.3977663, 27.1727849 ], [ 92.3978956, 27.1729052 ], [ 92.3979594, 27.1730044 ], [ 92.3980082, 27.1731295 ], [ 92.3981101, 27.1732631 ], [ 92.3982979, 27.1733967 ], [ 92.3985071, 27.1735065 ], [ 92.3986836, 27.1735867 ], [ 92.398807, 27.1737251 ], [ 92.3988874, 27.1738539 ], [ 92.3989202, 27.1740028 ], [ 92.3989786, 27.1741355 ], [ 92.3990752, 27.1742548 ], [ 92.3992259, 27.1743655 ], [ 92.3994882, 27.1745125 ], [ 92.3999823, 27.1746805 ], [ 92.4001373, 27.1747082 ], [ 92.4003471, 27.1746805 ], [ 92.4004699, 27.174627 ], [ 92.4005719, 27.174503 ], [ 92.4006631, 27.174355 ], [ 92.4008079, 27.1742834 ], [ 92.4010659, 27.1741889 ], [ 92.4013336, 27.1740448 ], [ 92.4015428, 27.1739971 ], [ 92.401693, 27.1740066 ], [ 92.4018432, 27.1741212 ], [ 92.401913, 27.1742739 ], [ 92.4019452, 27.1744552 ], [ 92.4019773, 27.1746938 ], [ 92.4019934, 27.1749945 ], [ 92.4020315, 27.1752198 ], [ 92.4020954, 27.1755051 ], [ 92.4020954, 27.1756722 ], [ 92.4020691, 27.175802 ], [ 92.401972, 27.1759633 ], [ 92.4017842, 27.1761637 ], [ 92.4016823, 27.1763021 ], [ 92.4015375, 27.1766552 ], [ 92.4014784, 27.1768557 ], [ 92.4014736, 27.1770189 ], [ 92.4014999, 27.1772136 ], [ 92.4015916, 27.1774627 ], [ 92.4017091, 27.1776765 ], [ 92.4018647, 27.1778292 ], [ 92.4020149, 27.1780201 ], [ 92.4020798, 27.1781451 ], [ 92.4020739, 27.1782682 ], [ 92.4020101, 27.1783885 ], [ 92.4017789, 27.1786166 ], [ 92.4015267, 27.1788218 ], [ 92.4013395, 27.1790232 ], [ 92.4012478, 27.1791558 ], [ 92.4011839, 27.1793191 ], [ 92.4011298, 27.179509 ], [ 92.4010016, 27.1797676 ], [ 92.4009045, 27.1800053 ], [ 92.4008669, 27.1803823 ], [ 92.4008513, 27.1807029 ], [ 92.4008454, 27.1809024 ], [ 92.400824, 27.1810313 ], [ 92.4007065, 27.181142 ], [ 92.4005831, 27.181204 ], [ 92.4004329, 27.1812422 ], [ 92.4001486, 27.181247 ], [ 92.3999126, 27.1812851 ], [ 92.3997243, 27.181351 ], [ 92.3994941, 27.1814522 ], [ 92.3992206, 27.1816192 ], [ 92.398984, 27.18179 ], [ 92.3989041, 27.1819198 ], [ 92.3988499, 27.1820716 ], [ 92.3988767, 27.1821813 ], [ 92.3989625, 27.1823102 ], [ 92.3991562, 27.1824829 ], [ 92.3992957, 27.1825879 ], [ 92.3994507, 27.1827205 ], [ 92.3995634, 27.1829257 ], [ 92.3996814, 27.1831643 ], [ 92.3999448, 27.1836186 ], [ 92.4000622, 27.1837895 ], [ 92.4001218, 27.1839049 ], [ 92.4001642, 27.1840376 ], [ 92.4001749, 27.1842237 ], [ 92.4002178, 27.1845768 ], [ 92.4002715, 27.1849347 ], [ 92.4002554, 27.1850826 ], [ 92.4002076, 27.1851886 ], [ 92.399971, 27.1853642 ], [ 92.3997409, 27.1854701 ], [ 92.3995634, 27.1855503 ], [ 92.399462, 27.1856705 ], [ 92.3993976, 27.1857994 ], [ 92.3993649, 27.1859511 ], [ 92.3993279, 27.1860523 ], [ 92.3992361, 27.186142 ], [ 92.3991079, 27.186267 ], [ 92.3990006, 27.186434 ], [ 92.3989303, 27.186643 ], [ 92.3989041, 27.186811 ], [ 92.3989309, 27.1871402 ], [ 92.3989786, 27.1874828 ], [ 92.3990215, 27.1877214 ], [ 92.3990972, 27.1879037 ], [ 92.3992045, 27.1881184 ], [ 92.3992951, 27.1883751 ], [ 92.3993493, 27.1885908 ], [ 92.3994292, 27.1887903 ], [ 92.3994453, 27.1889573 ], [ 92.399403, 27.1892398 ], [ 92.3993595, 27.1893772 ], [ 92.3992688, 27.1895261 ], [ 92.3991235, 27.1896778 ], [ 92.3989625, 27.1898305 ], [ 92.3988826, 27.1899174 ], [ 92.3987914, 27.1900939 ], [ 92.3987217, 27.1902609 ], [ 92.3986246, 27.1904174 ], [ 92.3984958, 27.190594 ], [ 92.3983885, 27.1907801 ], [ 92.3982759, 27.1909614 ], [ 92.3980667, 27.1911522 ], [ 92.3978897, 27.1912524 ], [ 92.3977126, 27.1913813 ], [ 92.3974771, 27.1915731 ], [ 92.3971923, 27.1917535 ], [ 92.3971016, 27.1919023 ], [ 92.3970748, 27.1920216 ], [ 92.3971338, 27.1921695 ], [ 92.3973157, 27.192474 ], [ 92.3974283, 27.1926219 ], [ 92.3975892, 27.1927173 ], [ 92.3977824, 27.1927269 ], [ 92.3979326, 27.1926648 ], [ 92.3980291, 27.1925789 ], [ 92.3981954, 27.1925312 ], [ 92.3983778, 27.1925121 ], [ 92.3986573, 27.1924463 ], [ 92.3988874, 27.1923833 ], [ 92.3990913, 27.1923642 ], [ 92.3993059, 27.1923928 ], [ 92.3995204, 27.1924835 ], [ 92.3997726, 27.1925026 ], [ 92.4001052, 27.1925742 ], [ 92.4004592, 27.1926362 ], [ 92.4008186, 27.192703 ], [ 92.4012429, 27.1928137 ], [ 92.4015058, 27.1929091 ], [ 92.401634, 27.193037 ], [ 92.4017038, 27.1932374 ], [ 92.4016989, 27.1935771 ], [ 92.4016608, 27.1939197 ], [ 92.4016292, 27.1942976 ], [ 92.4015648, 27.1946221 ], [ 92.4015267, 27.1948168 ], [ 92.4014248, 27.1950076 ], [ 92.40128, 27.1951508 ], [ 92.4010606, 27.1952949 ], [ 92.4007441, 27.195438 ], [ 92.4004705, 27.1956288 ], [ 92.4003036, 27.195814 ], [ 92.4002178, 27.1960096 ], [ 92.4001754, 27.1962348 ], [ 92.4001642, 27.1965106 ], [ 92.4001534, 27.1967587 ], [ 92.4001105, 27.1970164 ], [ 92.400036, 27.197275 ], [ 92.399875, 27.1975708 ], [ 92.3997034, 27.1978428 ], [ 92.399617, 27.1980899 ], [ 92.3995365, 27.1983857 ], [ 92.3994405, 27.1985537 ], [ 92.3991991, 27.1989258 ], [ 92.3991186, 27.1991882 ], [ 92.399102, 27.1994211 ], [ 92.3991347, 27.1996845 ], [ 92.3991771, 27.1999507 ], [ 92.3992898, 27.2001511 ], [ 92.3994292, 27.2003228 ], [ 92.3996224, 27.2005519 ], [ 92.3998262, 27.2009097 ], [ 92.399955, 27.2011673 ], [ 92.4001266, 27.2013868 ], [ 92.4004485, 27.2016874 ], [ 92.4007977, 27.2019698 ], [ 92.4009366, 27.2021454 ], [ 92.4011137, 27.2024031 ], [ 92.4012746, 27.2026941 ], [ 92.401457, 27.2029947 ], [ 92.4016662, 27.2032428 ], [ 92.401913, 27.2035052 ], [ 92.4021383, 27.2037628 ], [ 92.4023475, 27.2042208 ], [ 92.4025197, 27.2047466 ], [ 92.4028201, 27.205238 ], [ 92.4030883, 27.205758 ], [ 92.4034096, 27.2062151 ], [ 92.4037315, 27.2065586 ], [ 92.4039514, 27.2067876 ], [ 92.4043055, 27.2071788 ], [ 92.4045737, 27.2074699 ], [ 92.4049546, 27.2076893 ], [ 92.4053414, 27.2080099 ], [ 92.4056681, 27.208238 ], [ 92.4058022, 27.2082857 ], [ 92.4060221, 27.2083381 ], [ 92.406333, 27.2083933 ] ] } },
{ "type": "Feature", "properties": { "osm_id": 338358787, "tags": { "waterway": "stream" }, "inside_district": true }, "geometry": { "type": "LineString", "coordinates": [ [ 92.3312098, 27.1542762 ], [ 92.3312259, 27.1544384 ], [ 92.3312313, 27.154584 ], [ 92.3311964, 27.1547487 ], [ 92.3310676, 27.1549563 ], [ 92.3309469, 27.1551449 ], [ 92.3309174, 27.1552761 ], [ 92.330896, 27.1554098 ], [ 92.3308933, 27.1555959 ], [ 92.3309013, 27.1557391 ], [ 92.3308799, 27.155868 ], [ 92.3308906, 27.1559682 ], [ 92.330896, 27.1560494 ], [ 92.3308799, 27.1561257 ], [ 92.3308316, 27.1562021 ], [ 92.3307646, 27.1562665 ], [ 92.3306841, 27.1563262 ], [ 92.3305694, 27.1563677 ], [ 92.3304561, 27.1563883 ], [ 92.3303307, 27.156425 ], [ 92.3301691, 27.156467 ], [ 92.3299599, 27.1565314 ], [ 92.3297614, 27.1566603 ], [ 92.3295576, 27.156782 ], [ 92.3293537, 27.1569419 ], [ 92.3291284, 27.1571233 ], [ 92.3289782, 27.1572593 ], [ 92.32882, 27.1574049 ], [ 92.3286349, 27.157529 ], [ 92.3284793, 27.1576292 ], [ 92.3283023, 27.1577366 ], [ 92.3281816, 27.1578488 ], [ 92.3280394, 27.1579896 ], [ 92.3279134, 27.1581161 ], [ 92.3278148, 27.1581648 ], [ 92.3277015, 27.1581805 ], [ 92.327554, 27.1581829 ], [ 92.3273293, 27.1581481 ], [ 92.3271974, 27.1581471 ], [ 92.3271062, 27.1582283 ], [ 92.3270847, 27.1583619 ], [ 92.3271008, 27.1584908 ], [ 92.327133, 27.1586769 ], [ 92.3271276, 27.1588678 ], [ 92.3270901, 27.1590301 ], [ 92.3269887, 27.1592697 ], [ 92.3268009, 27.1595991 ], [ 92.3266824, 27.1598177 ], [ 92.3265488, 27.160062 ], [ 92.3263927, 27.1602424 ], [ 92.3262586, 27.1603665 ], [ 92.3260655, 27.1605193 ], [ 92.325926, 27.1606815 ], [ 92.3258402, 27.1608486 ], [ 92.325749, 27.1610586 ], [ 92.3255666, 27.1612352 ], [ 92.32547, 27.1613641 ], [ 92.3254271, 27.1615025 ], [ 92.3253895, 27.1616648 ], [ 92.3253574, 27.1618461 ], [ 92.3253734, 27.1619511 ], [ 92.3254705, 27.1620905 ], [ 92.3256261, 27.1621955 ], [ 92.3258777, 27.1623282 ], [ 92.3260816, 27.1624236 ], [ 92.3262371, 27.1625239 ], [ 92.3263069, 27.1626575 ], [ 92.3263069, 27.1628007 ], [ 92.3262693, 27.1629057 ], [ 92.3261191, 27.1631539 ], [ 92.3260655, 27.1633018 ], [ 92.3259796, 27.1634355 ], [ 92.3258455, 27.1635882 ], [ 92.3257227, 27.1637562 ], [ 92.3256578, 27.1638793 ], [ 92.3256256, 27.1640034 ], [ 92.3256202, 27.1641371 ], [ 92.3256524, 27.164285 ], [ 92.3257543, 27.1644234 ], [ 92.3258509, 27.1645714 ], [ 92.3258562, 27.1647002 ], [ 92.3258884, 27.164853 ], [ 92.3259367, 27.1650391 ], [ 92.3260279, 27.1652109 ], [ 92.3261518, 27.1654171 ], [ 92.3261513, 27.1655689 ], [ 92.3261513, 27.1657359 ], [ 92.3262264, 27.1659459 ], [ 92.3262586, 27.1662323 ], [ 92.3263551, 27.1664614 ], [ 92.3264732, 27.1667048 ], [ 92.32664, 27.1669396 ], [ 92.3267521, 27.1671868 ], [ 92.3268057, 27.1674111 ], [ 92.3268057, 27.1675638 ], [ 92.3268004, 27.1676927 ], [ 92.3267199, 27.1679313 ], [ 92.3266507, 27.1681804 ], [ 92.3266126, 27.1683704 ], [ 92.3265483, 27.1686758 ], [ 92.3264839, 27.1688906 ], [ 92.3264308, 27.1690825 ], [ 92.3263015, 27.1693201 ], [ 92.3261942, 27.1694394 ], [ 92.3261196, 27.1696027 ], [ 92.3261137, 27.1697497 ], [ 92.3261459, 27.1698594 ], [ 92.3261727, 27.1699835 ], [ 92.3261835, 27.1700885 ], [ 92.326162, 27.1701983 ], [ 92.326103, 27.1703558 ], [ 92.3260869, 27.1704703 ], [ 92.3260976, 27.1706135 ], [ 92.3261298, 27.1708044 ], [ 92.3261567, 27.1709571 ], [ 92.3261567, 27.1710955 ], [ 92.3261089, 27.171211 ], [ 92.3260708, 27.1713532 ], [ 92.3260177, 27.1715451 ], [ 92.3259582, 27.1716873 ], [ 92.3258294, 27.1718591 ], [ 92.3256202, 27.1720452 ], [ 92.3254325, 27.1722027 ], [ 92.3253252, 27.1723459 ], [ 92.3252506, 27.1724948 ], [ 92.3251964, 27.1726704 ], [ 92.3250843, 27.1731438 ], [ 92.3249979, 27.1736105 ], [ 92.3248907, 27.1739351 ], [ 92.3247785, 27.1741508 ], [ 92.3246278, 27.1743121 ], [ 92.3245473, 27.1744027 ], [ 92.3245312, 27.1744934 ], [ 92.324542, 27.1745936 ], [ 92.3246176, 27.1747234 ], [ 92.3247303, 27.1748475 ], [ 92.3248805, 27.1749621 ], [ 92.3249556, 27.1750575 ], [ 92.3249872, 27.1751902 ], [ 92.3249497, 27.1754431 ], [ 92.3249443, 27.1755576 ], [ 92.3249818, 27.1756578 ], [ 92.325073, 27.1757581 ], [ 92.325175, 27.1758965 ], [ 92.3252399, 27.1760454 ], [ 92.3252769, 27.1762401 ], [ 92.3252876, 27.1765693 ], [ 92.3252608, 27.1768414 ], [ 92.3251964, 27.1771706 ], [ 92.3250891, 27.1774951 ], [ 92.3249604, 27.1777958 ], [ 92.3248531, 27.1779151 ], [ 92.3247303, 27.1780067 ], [ 92.3245902, 27.1781203 ], [ 92.3244942, 27.1782358 ], [ 92.3243864, 27.178378 ], [ 92.324263, 27.1784782 ], [ 92.3241182, 27.1785832 ], [ 92.3240109, 27.1786786 ], [ 92.3239519, 27.1787789 ], [ 92.3238982, 27.1788982 ], [ 92.3238183, 27.1789993 ], [ 92.3237051, 27.1791034 ], [ 92.323571, 27.1792179 ], [ 92.3233892, 27.1792904 ], [ 92.3232438, 27.1793181 ], [ 92.3230667, 27.1793563 ], [ 92.322879, 27.1794374 ], [ 92.3227073, 27.1795424 ], [ 92.3225035, 27.1796808 ], [ 92.3222299, 27.179991 ], [ 92.3221607, 27.1801208 ], [ 92.3221172, 27.1802773 ], [ 92.3221226, 27.1804109 ], [ 92.3222031, 27.1805254 ], [ 92.3223324, 27.1806552 ], [ 92.3224123, 27.1808117 ], [ 92.322541, 27.1810026 ], [ 92.3226269, 27.1811267 ], [ 92.3227663, 27.1813844 ], [ 92.3228254, 27.1815466 ], [ 92.3228736, 27.1817852 ], [ 92.3229005, 27.1820286 ], [ 92.3229326, 27.1822099 ], [ 92.3230029, 27.182397 ], [ 92.3230077, 27.1825297 ], [ 92.3230507, 27.1826681 ], [ 92.3231794, 27.182816 ], [ 92.3233564, 27.1829448 ], [ 92.323593, 27.1831462 ], [ 92.3238934, 27.1834039 ], [ 92.3239792, 27.1835423 ], [ 92.3239841, 27.1836749 ], [ 92.3239519, 27.1838085 ], [ 92.3238982, 27.1838706 ], [ 92.3237695, 27.1838897 ], [ 92.3235871, 27.183861 ], [ 92.323394, 27.1838181 ], [ 92.3231472, 27.1837942 ], [ 92.3229434, 27.1837942 ], [ 92.3227025, 27.1838286 ], [ 92.3224391, 27.1838801 ], [ 92.3221017, 27.183967 ], [ 92.3218442, 27.1840195 ], [ 92.3215268, 27.1840767 ] ] } },
{ "type": "Feature", "properties": { "osm_id": 338366224, "tags": { "waterway": "river" }, "inside_district": true }, "geometry": { "type": "LineString", "coordinates": [ [ 92.2752322, 27.1108606 ], [ 92.2753395, 27.1109848 ], [ 92.2755434, 27.1111376 ], [ 92.2758711, 27.1113152 ], [ 92.2761013, 27.1114336 ], [ 92.2762461, 27.111553 ], [ 92.2763695, 27.1117249 ], [ 92.2764446, 27.1119207 ], [ 92.2764827, 27.1120649 ], [ 92.2764875, 27.1122836 ], [ 92.2764875, 27.1124507 ], [ 92.276429, 27.1126092 ], [ 92.2762788, 27.1127047 ], [ 92.2760857, 27.1127573 ], [ 92.2759462, 27.1127668 ], [ 92.2757097, 27.1127277 ], [ 92.2755493, 27.1126904 ], [ 92.275361, 27.1125844 ], [ 92.2751684, 27.1125137 ], [ 92.2750498, 27.1124603 ], [ 92.2748835, 27.1124507 ], [ 92.2747441, 27.1124698 ], [ 92.2745998, 27.1125519 ], [ 92.2745032, 27.1126809 ], [ 92.2744442, 27.112805 ], [ 92.2743954, 27.1130141 ], [ 92.2744007, 27.1132577 ], [ 92.2743739, 27.1134248 ], [ 92.2743262, 27.1136167 ], [ 92.2742666, 27.1137495 ], [ 92.2741969, 27.113845 ], [ 92.2740687, 27.1139462 ], [ 92.2739072, 27.1140789 ], [ 92.2737897, 27.1142088 ], [ 92.273602, 27.1143139 ], [ 92.2733332, 27.1143989 ], [ 92.273065, 27.1144514 ], [ 92.2727592, 27.1145087 ], [ 92.272336, 27.1145669 ], [ 92.2719868, 27.1145899 ], [ 92.2717674, 27.1146433 ], [ 92.271585, 27.1147054 ], [ 92.2714235, 27.1148047 ], [ 92.2712787, 27.1149384 ], [ 92.2710963, 27.115096 ], [ 92.2709353, 27.115244 ], [ 92.2707857, 27.1153978 ], [ 92.2705443, 27.1156031 ], [ 92.2702278, 27.1158466 ], [ 92.2701473, 27.1159851 ], [ 92.2700937, 27.116157 ], [ 92.2701044, 27.1162715 ], [ 92.2701521, 27.1163852 ], [ 92.2702331, 27.1164816 ], [ 92.2703989, 27.1165428 ], [ 92.2706408, 27.1165819 ], [ 92.270812, 27.1166287 ], [ 92.2709407, 27.1167051 ], [ 92.2710587, 27.1168149 ], [ 92.2711445, 27.1169677 ], [ 92.2712041, 27.1171262 ], [ 92.2712143, 27.1173019 ], [ 92.2711875, 27.1175216 ], [ 92.2711392, 27.1177269 ], [ 92.2710802, 27.117851 ], [ 92.270989, 27.1179274 ], [ 92.2708924, 27.1179656 ], [ 92.2708179, 27.1179952 ], [ 92.2707267, 27.1180525 ], [ 92.2706403, 27.1181518 ], [ 92.2705496, 27.1182292 ], [ 92.2704423, 27.1182435 ], [ 92.2703351, 27.1182244 ], [ 92.2702117, 27.1181814 ], [ 92.2701205, 27.118148 ], [ 92.2700132, 27.1181337 ], [ 92.2698732, 27.1181375 ], [ 92.2696591, 27.1181432 ], [ 92.2694172, 27.118128 ], [ 92.2690417, 27.1180945 ], [ 92.2687252, 27.1180659 ], [ 92.2685165, 27.1180669 ], [ 92.2683931, 27.118105 ], [ 92.2682858, 27.1181767 ], [ 92.2682107, 27.1183008 ], [ 92.2681517, 27.1184918 ], [ 92.2681088, 27.1187258 ], [ 92.2680976, 27.1188824 ], [ 92.2680439, 27.1190065 ], [ 92.2679795, 27.1191211 ], [ 92.2678723, 27.1193073 ], [ 92.2677977, 27.119504 ], [ 92.2677435, 27.1196559 ], [ 92.2676904, 27.1198764 ], [ 92.2676791, 27.1199949 ], [ 92.2676958, 27.1201438 ], [ 92.2677387, 27.1202966 ], [ 92.2677655, 27.1204733 ], [ 92.267824, 27.1206203 ], [ 92.2678996, 27.1207502 ], [ 92.2679956, 27.1209259 ], [ 92.2680713, 27.1211035 ], [ 92.2681196, 27.1212754 ], [ 92.2681249, 27.121433 ], [ 92.2681029, 27.1216087 ], [ 92.2680391, 27.1218102 ], [ 92.2679474, 27.1220527 ], [ 92.2678508, 27.1222819 ], [ 92.2676309, 27.1226065 ], [ 92.2674973, 27.1228224 ], [ 92.2673846, 27.1230372 ], [ 92.2673578, 27.1231518 ], [ 92.2673739, 27.1232473 ], [ 92.2674275, 27.1233571 ], [ 92.2674866, 27.123486 ], [ 92.2675187, 27.1236245 ], [ 92.2675075, 27.1238193 ], [ 92.2674806, 27.1240102 ], [ 92.2674485, 27.1241773 ], [ 92.2673895, 27.124354 ], [ 92.2672988, 27.1245221 ], [ 92.2671856, 27.1246643 ], [ 92.2670789, 27.1247512 ], [ 92.2669174, 27.1248219 ], [ 92.2667565, 27.1249126 ], [ 92.2665746, 27.1250663 ], [ 92.2663868, 27.1252621 ], [ 92.2662415, 27.125433 ], [ 92.2661235, 27.1256144 ], [ 92.2660162, 27.1257099 ], [ 92.2658933, 27.1258064 ], [ 92.2658021, 27.125921 ], [ 92.2657592, 27.1260355 ], [ 92.2657104, 27.1262112 ], [ 92.265668, 27.1263554 ], [ 92.2655983, 27.1264605 ], [ 92.2654583, 27.1266409 ], [ 92.2653515, 27.1267803 ], [ 92.265271, 27.1269188 ], [ 92.2651799, 27.1270811 ], [ 92.2650618, 27.1272005 ], [ 92.2649009, 27.1273342 ], [ 92.26474, 27.127444 ], [ 92.2645951, 27.1275395 ], [ 92.2645088, 27.1276531 ], [ 92.2644819, 27.127739 ], [ 92.2645034, 27.1278297 ], [ 92.2645463, 27.1279539 ], [ 92.2645361, 27.1281362 ], [ 92.2645093, 27.1283081 ], [ 92.2644342, 27.1285134 ], [ 92.2643854, 27.1287225 ], [ 92.2643639, 27.1288132 ], [ 92.2643484, 27.1290147 ], [ 92.2642298, 27.1293861 ], [ 92.2641118, 27.1297347 ], [ 92.2640372, 27.1299266 ], [ 92.2638763, 27.130065 ], [ 92.2637202, 27.13015 ], [ 92.2634901, 27.1302369 ], [ 92.263372, 27.1303037 ], [ 92.2633208, 27.1304202 ] ] } },
{ "type": "Feature", "properties": { "osm_id": 338366229, "tags": { "waterway": "river" }, "inside_district": true }, "geometry": { "type": "LineString", "coordinates": [ [ 92.2434963, 27.1020504 ], [ 92.2435881, 27.1022328 ], [ 92.2436546, 27.1023716 ], [ 92.2436751, 27.1024802 ], [ 92.2436412, 27.1026692 ], [ 92.2435756, 27.1028151 ], [ 92.2435178, 27.1029052 ], [ 92.243461, 27.1029816 ], [ 92.2433927, 27.1030815 ], [ 92.2433738, 27.1032049 ], [ 92.2434008, 27.1033702 ], [ 92.2435616, 27.1035897 ], [ 92.2438571, 27.1038388 ], [ 92.2440538, 27.1039999 ], [ 92.2442506, 27.1041612 ], [ 92.2442693, 27.104248 ], [ 92.2442742, 27.1043951 ], [ 92.2442372, 27.1045918 ], [ 92.2442094, 27.1047651 ], [ 92.2441472, 27.1049247 ], [ 92.2440954, 27.1050232 ], [ 92.2440815, 27.1051102 ], [ 92.2441172, 27.1052288 ], [ 92.244124, 27.1053931 ], [ 92.2441186, 27.1054934 ], [ 92.2440596, 27.1055889 ], [ 92.2440387, 27.1056901 ], [ 92.2440489, 27.1057704 ], [ 92.2440977, 27.1058573 ], [ 92.2441728, 27.1059098 ], [ 92.2442313, 27.1059279 ], [ 92.2443445, 27.1059289 ], [ 92.2444571, 27.1059575 ], [ 92.2445853, 27.1060234 ], [ 92.2447999, 27.1061428 ], [ 92.2450467, 27.1062527 ], [ 92.2452564, 27.1063014 ], [ 92.2454383, 27.1063434 ], [ 92.2456206, 27.1064389 ], [ 92.2457977, 27.1065439 ], [ 92.2459318, 27.1065965 ], [ 92.2460605, 27.1066585 ], [ 92.246222, 27.106755 ], [ 92.2463985, 27.1068591 ], [ 92.2465707, 27.1070129 ], [ 92.2467525, 27.107222 ], [ 92.2468706, 27.1073748 ], [ 92.2469296, 27.1075181 ], [ 92.2469403, 27.1076613 ], [ 92.2469403, 27.1078141 ], [ 92.2469403, 27.1079335 ], [ 92.2469676, 27.1080597 ], [ 92.2470118, 27.108199 ], [ 92.2471227, 27.1083613 ], [ 92.2472407, 27.1085304 ], [ 92.2472729, 27.1086641 ], [ 92.2472836, 27.1088026 ], [ 92.2472836, 27.1089267 ], [ 92.2472514, 27.1091989 ], [ 92.2472675, 27.109495 ], [ 92.2472407, 27.1097719 ], [ 92.2472085, 27.1099916 ], [ 92.2471225, 27.110302 ], [ 92.247093, 27.1104404 ], [ 92.2470823, 27.1105646 ], [ 92.247077, 27.1106959 ], [ 92.2470637, 27.1108389 ], [ 92.2470369, 27.1110039 ], [ 92.2469993, 27.111128 ], [ 92.2469725, 27.1112761 ], [ 92.2469671, 27.111405 ], [ 92.2469832, 27.1115339 ], [ 92.2470476, 27.1116581 ], [ 92.2471661, 27.1117736 ], [ 92.2473426, 27.1119064 ], [ 92.2475631, 27.112041 ], [ 92.2477133, 27.112189 ], [ 92.247826, 27.1123609 ], [ 92.2479273, 27.1125414 ], [ 92.2479917, 27.1127133 ], [ 92.2480024, 27.112847 ], [ 92.2480239, 27.1130237 ], [ 92.2480615, 27.113186 ], [ 92.2481741, 27.1133723 ], [ 92.2483082, 27.1135394 ], [ 92.2484643, 27.1137552 ], [ 92.2485443, 27.1138832 ], [ 92.2486092, 27.113994 ], [ 92.2486515, 27.1141267 ], [ 92.2487106, 27.1144848 ], [ 92.2487803, 27.1148477 ], [ 92.2487857, 27.1149862 ], [ 92.2487588, 27.1151103 ], [ 92.248673, 27.1152345 ], [ 92.248555, 27.1153156 ], [ 92.2484316, 27.1154207 ], [ 92.248378, 27.1155257 ], [ 92.2483619, 27.1156642 ], [ 92.2483672, 27.1157692 ], [ 92.2484101, 27.11586 ], [ 92.2485233, 27.1159612 ], [ 92.2486735, 27.1160185 ], [ 92.2488178, 27.1160414 ], [ 92.2490431, 27.1160796 ], [ 92.2491826, 27.1161178 ], [ 92.2492744, 27.1161808 ], [ 92.2493382, 27.1162801 ], [ 92.2494079, 27.1164425 ], [ 92.2494567, 27.1165771 ], [ 92.2495259, 27.1166717 ], [ 92.2496177, 27.1167633 ], [ 92.2497357, 27.1168302 ], [ 92.2498376, 27.1168684 ], [ 92.249939, 27.1169295 ], [ 92.2500141, 27.1170202 ], [ 92.2500463, 27.1171253 ], [ 92.2500517, 27.117259 ], [ 92.2500409, 27.1174165 ], [ 92.2500409, 27.1175502 ], [ 92.2500892, 27.1177317 ], [ 92.2501648, 27.1178615 ], [ 92.2502721, 27.1179857 ], [ 92.2504599, 27.1180812 ], [ 92.2506149, 27.1181757 ], [ 92.2507222, 27.1182903 ], [ 92.2507764, 27.1184202 ], [ 92.2507973, 27.1185338 ], [ 92.2507759, 27.1187057 ], [ 92.2507812, 27.1188346 ], [ 92.2508295, 27.1189635 ], [ 92.2509427, 27.1191555 ], [ 92.2510977, 27.1193598 ], [ 92.2513021, 27.1195422 ], [ 92.2515328, 27.1196664 ], [ 92.2518332, 27.119781 ], [ 92.2520955, 27.1199041 ], [ 92.2523482, 27.120034 ], [ 92.2526915, 27.1202966 ], [ 92.2529699, 27.1205248 ], [ 92.2531308, 27.120649 ], [ 92.2532971, 27.1207301 ], [ 92.2535063, 27.1207636 ], [ 92.2537156, 27.1207683 ], [ 92.2539575, 27.1207311 ], [ 92.2543759, 27.1206261 ], [ 92.254708, 27.1205726 ], [ 92.2550406, 27.1205439 ], [ 92.2552337, 27.1205392 ], [ 92.2554214, 27.120563 ], [ 92.2556097, 27.1206165 ], [ 92.2558238, 27.1207301 ], [ 92.2560389, 27.1208314 ], [ 92.2562374, 27.1208839 ], [ 92.2564675, 27.1208829 ], [ 92.2565968, 27.1208505 ], [ 92.2567301, 27.1207934 ], [ 92.2568709, 27.1207303 ], [ 92.2570012, 27.1206723 ], [ 92.2571455, 27.1206135 ], [ 92.2573961, 27.1205191 ], [ 92.2576153, 27.1204412 ], [ 92.2577814, 27.1204172 ], [ 92.2579377, 27.1204282 ], [ 92.2581367, 27.1204353 ], [ 92.2583076, 27.1204458 ], [ 92.258439, 27.1204623 ], [ 92.2585286, 27.120476 ], [ 92.258603, 27.1205127 ], [ 92.2586927, 27.1205897 ], [ 92.2588152, 27.1207451 ], [ 92.2592718, 27.1210219 ], [ 92.2596857, 27.121244 ], [ 92.2598703, 27.1213984 ], [ 92.2601266, 27.1216048 ], [ 92.2602172, 27.1217519 ], [ 92.2602601, 27.121919 ], [ 92.2603358, 27.1220871 ], [ 92.2604533, 27.1222485 ], [ 92.2606147, 27.1224404 ], [ 92.2608186, 27.1226218 ], [ 92.2610219, 27.1227498 ], [ 92.2612906, 27.1228415 ], [ 92.2615106, 27.1229226 ], [ 92.2616823, 27.1230086 ], [ 92.2618378, 27.1231422 ], [ 92.2619177, 27.123275 ], [ 92.2619392, 27.1234182 ], [ 92.2619231, 27.1235471 ], [ 92.2618319, 27.1236951 ], [ 92.2616978, 27.1238909 ], [ 92.2615964, 27.1240494 ], [ 92.2615047, 27.1242251 ], [ 92.2614516, 27.1243979 ], [ 92.2614189, 27.1245689 ], [ 92.2614081, 27.1247455 ], [ 92.2614135, 27.1249508 ], [ 92.2614618, 27.125137 ], [ 92.2615165, 27.1254039 ], [ 92.2616817, 27.1259152 ], [ 92.2617622, 27.1262876 ], [ 92.2618266, 27.1265407 ], [ 92.2618534, 27.1267651 ], [ 92.2618534, 27.1270038 ], [ 92.2618534, 27.1272473 ], [ 92.2618856, 27.127634 ], [ 92.2619338, 27.1279491 ], [ 92.2620792, 27.1284561 ], [ 92.2621967, 27.1288992 ], [ 92.2622992, 27.1292391 ], [ 92.2624762, 27.1295972 ], [ 92.2626366, 27.1298397 ], [ 92.2628141, 27.1300173 ], [ 92.2630609, 27.1302178 ], [ 92.2633208, 27.1304202 ] ] } },
{ "type": "Feature", "properties": { "osm_id": 338368777, "tags": { "waterway": "river" }, "inside_district": true }, "geometry": { "type": "LineString", "coordinates": [ [ 92.2510387, 27.1067445 ], [ 92.2509368, 27.1069069 ], [ 92.2508456, 27.1070597 ], [ 92.2507759, 27.1072316 ], [ 92.2507603, 27.1074044 ], [ 92.2507866, 27.1075945 ], [ 92.2508724, 27.1078046 ], [ 92.2509529, 27.1079813 ], [ 92.2510065, 27.1081388 ], [ 92.2511031, 27.1082678 ], [ 92.2512318, 27.1083585 ], [ 92.2514094, 27.1084263 ], [ 92.251602, 27.1084731 ], [ 92.2519238, 27.1085591 ], [ 92.2523315, 27.1086784 ], [ 92.2526319, 27.1087739 ], [ 92.2528572, 27.1088217 ], [ 92.2530826, 27.108836 ], [ 92.2532971, 27.1088121 ], [ 92.2535653, 27.1087453 ], [ 92.2538765, 27.1087166 ], [ 92.2541125, 27.108731 ], [ 92.2544237, 27.1088026 ], [ 92.2546758, 27.108793 ], [ 92.2549177, 27.1088226 ], [ 92.2551318, 27.108879 ], [ 92.255341, 27.1089745 ], [ 92.25554, 27.1091569 ], [ 92.255695, 27.1094568 ], [ 92.2557331, 27.1097968 ], [ 92.2557165, 27.1099343 ], [ 92.2556473, 27.110026 ], [ 92.2555234, 27.1100823 ], [ 92.2553361, 27.1101167 ], [ 92.2551591, 27.1101549 ], [ 92.2550679, 27.110217 ], [ 92.2550143, 27.1103029 ], [ 92.2550357, 27.1104223 ], [ 92.2550942, 27.1105312 ], [ 92.2552069, 27.1106171 ], [ 92.2553791, 27.1106849 ], [ 92.2555936, 27.1107852 ], [ 92.2557701, 27.1109084 ], [ 92.2559418, 27.1110421 ], [ 92.2560974, 27.1112092 ], [ 92.2562315, 27.111319 ], [ 92.2563334, 27.1113954 ], [ 92.2565539, 27.1114537 ], [ 92.2567572, 27.1115291 ], [ 92.2569825, 27.111639 ], [ 92.2572936, 27.1119446 ], [ 92.2575994, 27.112317 ], [ 92.2578408, 27.1126417 ], [ 92.257954, 27.1129053 ], [ 92.2580178, 27.1131287 ], [ 92.2580446, 27.1134105 ], [ 92.2580125, 27.1137925 ], [ 92.2579374, 27.1146281 ], [ 92.2578622, 27.1151628 ], [ 92.2577442, 27.1156403 ], [ 92.2576048, 27.1159173 ], [ 92.2574488, 27.1161678 ], [ 92.2574149, 27.1162431 ], [ 92.2572223, 27.116671 ], [ 92.2570046, 27.1169806 ], [ 92.2569674, 27.1170922 ], [ 92.2569087, 27.1172684 ], [ 92.2569036, 27.1173438 ], [ 92.2569706, 27.1173996 ], [ 92.2571992, 27.1174493 ], [ 92.2576105, 27.1174846 ], [ 92.257766, 27.1175033 ], [ 92.2581632, 27.1175512 ], [ 92.2584153, 27.1176228 ], [ 92.2585864, 27.1177269 ], [ 92.2587688, 27.1179083 ], [ 92.2589464, 27.1181385 ], [ 92.2590478, 27.1183715 ], [ 92.259125, 27.1186035 ], [ 92.2591336, 27.1186293 ], [ 92.2592146, 27.1189931 ], [ 92.2592463, 27.1193073 ], [ 92.2592468, 27.1194611 ], [ 92.2591985, 27.119695 ], [ 92.2591181, 27.1198812 ], [ 92.2590639, 27.1200044 ], [ 92.2589834, 27.1200856 ], [ 92.2588654, 27.1201381 ], [ 92.2587581, 27.1201954 ], [ 92.2586776, 27.1202622 ], [ 92.2586347, 27.1203291 ], [ 92.258603, 27.1205127 ] ] } },
{ "type": "Feature", "properties": { "osm_id": 338401322, "tags": { "waterway": "stream" }, "inside_district": true }, "geometry": { "type": "LineString", "coordinates": [ [ 92.115952, 27.2344361 ], [ 92.1161344, 27.2342678 ], [ 92.1162095, 27.2341247 ], [ 92.116306, 27.2339434 ], [ 92.116467, 27.2337526 ], [ 92.1166386, 27.2334536 ], [ 92.1166923, 27.2331039 ], [ 92.1167674, 27.2326999 ], [ 92.1167888, 27.2322134 ], [ 92.1168317, 27.2318891 ], [ 92.1168532, 27.2316601 ], [ 92.1168639, 27.2314789 ], [ 92.1168532, 27.2312342 ], [ 92.1169068, 27.2310114 ], [ 92.1169498, 27.2306999 ], [ 92.1169283, 27.2304104 ], [ 92.1169712, 27.2300608 ], [ 92.116939, 27.2298094 ], [ 92.1170356, 27.2295518 ], [ 92.1172072, 27.2292308 ], [ 92.1173574, 27.2289732 ], [ 92.1174969, 27.2287538 ], [ 92.1176364, 27.2284962 ], [ 92.1178402, 27.2282162 ], [ 92.1180548, 27.2278284 ], [ 92.1181836, 27.2275198 ], [ 92.1182587, 27.2271415 ], [ 92.1183338, 27.2266741 ], [ 92.1184625, 27.2263464 ], [ 92.1185913, 27.2261079 ], [ 92.1187629, 27.2259204 ], [ 92.1189453, 27.2257582 ], [ 92.1191706, 27.2255927 ], [ 92.1194174, 27.2253447 ], [ 92.1195569, 27.2250775 ], [ 92.1196534, 27.2247913 ], [ 92.1196641, 27.2244956 ], [ 92.1196534, 27.2241745 ], [ 92.1195354, 27.2237548 ], [ 92.1194496, 27.2234018 ], [ 92.1193745, 27.2231633 ], [ 92.119353, 27.2229247 ], [ 92.1194281, 27.2226734 ], [ 92.119471, 27.2224763 ], [ 92.1194496, 27.2223394 ], [ 92.1193852, 27.222244 ], [ 92.119471, 27.2220661 ], [ 92.1195247, 27.2219135 ], [ 92.1195783, 27.2217384 ], [ 92.1195783, 27.2215476 ], [ 92.1195032, 27.2213854 ], [ 92.119471, 27.2211564 ], [ 92.1195247, 27.2209212 ], [ 92.1196749, 27.2206508 ], [ 92.11975, 27.2203106 ], [ 92.1199002, 27.2199481 ], [ 92.120104, 27.2196108 ], [ 92.120265, 27.2193818 ], [ 92.1204688, 27.2191085 ], [ 92.1205654, 27.2188509 ], [ 92.1206297, 27.2186124 ], [ 92.1207907, 27.2183896 ], [ 92.1209301, 27.2181606 ], [ 92.121134, 27.2179221 ], [ 92.1212949, 27.2176931 ], [ 92.1214237, 27.2174866 ], [ 92.1216061, 27.2172576 ], [ 92.1217455, 27.2169776 ], [ 92.1218421, 27.2167901 ], [ 92.1219923, 27.2164943 ], [ 92.1220138, 27.2162429 ], [ 92.1220245, 27.2159853 ], [ 92.122121, 27.2157501 ], [ 92.1222498, 27.2154319 ], [ 92.1222713, 27.2151967 ], [ 92.1223142, 27.21492 ], [ 92.1224107, 27.2146052 ], [ 92.1225931, 27.2144716 ], [ 92.1228935, 27.2143442 ], [ 92.1232368, 27.2142808 ], [ 92.1235909, 27.214109 ], [ 92.1238591, 27.2139244 ], [ 92.1239664, 27.2136763 ], [ 92.1240308, 27.2134283 ], [ 92.1242024, 27.2131549 ], [ 92.1242561, 27.2128782 ], [ 92.1242239, 27.2125791 ], [ 92.1241917, 27.2122738 ], [ 92.1242239, 27.2119303 ], [ 92.1242775, 27.2115677 ], [ 92.1243205, 27.2113101 ], [ 92.1242775, 27.211062 ], [ 92.1242775, 27.210833 ], [ 92.1243526, 27.2106231 ], [ 92.1243956, 27.2103879 ], [ 92.1243956, 27.2101589 ], [ 92.1245029, 27.2099075 ], [ 92.1247282, 27.2095292 ], [ 92.1249105, 27.2091666 ], [ 92.1249856, 27.2088899 ], [ 92.1249535, 27.2086385 ], [ 92.1249964, 27.2083651 ], [ 92.1250071, 27.2081361 ], [ 92.1250608, 27.2079834 ], [ 92.125329, 27.2077415 ], [ 92.1256616, 27.207554 ], [ 92.1259405, 27.2073217 ], [ 92.1262409, 27.2071628 ], [ 92.1265199, 27.2070197 ], [ 92.1267237, 27.2068098 ], [ 92.1269061, 27.206743 ], [ 92.1270885, 27.206743 ], [ 92.1272923, 27.2067587 ], [ 92.1275284, 27.2066667 ], [ 92.1277537, 27.2065011 ], [ 92.1280434, 27.2062339 ], [ 92.1283652, 27.2060178 ], [ 92.1285905, 27.2058842 ], [ 92.1292772, 27.2054262 ], [ 92.1295561, 27.2052607 ], [ 92.1297814, 27.2051652 ], [ 92.1301248, 27.2050221 ], [ 92.130393, 27.2048823 ], [ 92.1306934, 27.2047454 ], [ 92.1308972, 27.2044591 ], [ 92.1311011, 27.2041476 ], [ 92.131262, 27.2037626 ], [ 92.1314122, 27.2034796 ], [ 92.1315732, 27.2033365 ], [ 92.1317234, 27.203295 ], [ 92.1320023, 27.2033332 ], [ 92.1322705, 27.2034033 ], [ 92.1326246, 27.2034415 ], [ 92.1329572, 27.2033713 ], [ 92.133161, 27.2032125 ], [ 92.133279, 27.2030087 ], [ 92.1333863, 27.2027067 ], [ 92.1336438, 27.2022358 ], [ 92.1338262, 27.2020674 ], [ 92.1340837, 27.2019815 ], [ 92.134427, 27.2019529 ], [ 92.1346738, 27.2019877 ], [ 92.1351029, 27.2020674 ], [ 92.1355643, 27.2021914 ], [ 92.1359612, 27.2024076 ], [ 92.1364119, 27.2027926 ], [ 92.1369161, 27.2033141 ], [ 92.1373453, 27.2038198 ], [ 92.1378924, 27.2043923 ], [ 92.1382143, 27.2045736 ], [ 92.1384182, 27.2047549 ], [ 92.1385147, 27.2049744 ], [ 92.1385898, 27.2052129 ], [ 92.1387615, 27.2054229 ], [ 92.1389975, 27.2056648 ], [ 92.1391906, 27.2058461 ], [ 92.1395125, 27.2061132 ], [ 92.1398558, 27.2063136 ], [ 92.1404244, 27.2063995 ], [ 92.1408429, 27.2065331 ], [ 92.1413042, 27.2064534 ], [ 92.1415724, 27.2063995 ], [ 92.1419909, 27.2064343 ], [ 92.142302, 27.2065808 ], [ 92.1426882, 27.2068732 ], [ 92.1429028, 27.2070545 ], [ 92.1432998, 27.2072072 ], [ 92.1436109, 27.2074171 ], [ 92.1439435, 27.2074839 ], [ 92.1442868, 27.2074744 ], [ 92.1446623, 27.2074839 ], [ 92.1450378, 27.2075125 ], [ 92.1455421, 27.2076399 ] ] } },
{ "type": "Feature", "properties": { "osm_id": 338401323, "tags": { "waterway": "stream" }, "inside_district": true }, "geometry": { "type": "LineString", "coordinates": [ [ 92.1016933, 27.2323947 ], [ 92.1015968, 27.2320608 ], [ 92.1015002, 27.2317111 ], [ 92.1013822, 27.2314059 ], [ 92.1012213, 27.231164 ], [ 92.1010389, 27.2309351 ], [ 92.1008887, 27.2307443 ], [ 92.1008243, 27.230563 ], [ 92.1007599, 27.2302897 ], [ 92.1006956, 27.2299811 ], [ 92.1006205, 27.2296186 ], [ 92.1005024, 27.2293324 ], [ 92.100363, 27.2290462 ], [ 92.1003201, 27.2287505 ], [ 92.1002986, 27.228315 ], [ 92.1002986, 27.228054 ], [ 92.100245, 27.2277965 ], [ 92.1001913, 27.2274721 ], [ 92.1001377, 27.2272527 ], [ 92.1000411, 27.2270271 ], [ 92.0999445, 27.2267757 ], [ 92.0999338, 27.2265024 ], [ 92.0999231, 27.2262796 ], [ 92.0999231, 27.2260125 ], [ 92.0999445, 27.2258217 ], [ 92.0999445, 27.2256151 ], [ 92.1000089, 27.2254243 ], [ 92.1000733, 27.2251858 ], [ 92.1001484, 27.2248963 ], [ 92.1001269, 27.2247279 ], [ 92.1000518, 27.2245624 ], [ 92.1000089, 27.2243749 ], [ 92.1000518, 27.2241998 ], [ 92.1000518, 27.2239709 ], [ 92.0999982, 27.2237133 ], [ 92.1000411, 27.2234876 ], [ 92.1000411, 27.223335 ], [ 92.1000518, 27.223106 ], [ 92.1000304, 27.2228675 ], [ 92.100084, 27.2227053 ], [ 92.100202, 27.2224954 ], [ 92.100245, 27.2222951 ], [ 92.1001484, 27.22212 ], [ 92.099966, 27.2218433 ], [ 92.0999016, 27.2216082 ], [ 92.0998909, 27.2214235 ], [ 92.0998792, 27.2211584 ] ] } },
{ "type": "Feature", "properties": { "osm_id": 338401324, "tags": { "waterway": "stream" }, "inside_district": true }, "geometry": { "type": "LineString", "coordinates": [ [ 92.1052293, 27.2251531 ], [ 92.1051051, 27.2250045 ], [ 92.1048905, 27.2246482 ], [ 92.1047189, 27.2243525 ], [ 92.1046009, 27.2239613 ], [ 92.1044292, 27.2235892 ], [ 92.1042361, 27.2232014 ], [ 92.1039786, 27.2228737 ], [ 92.1036353, 27.2225431 ], [ 92.103367, 27.222225 ], [ 92.1031954, 27.2218848 ], [ 92.1030237, 27.2216845 ], [ 92.1028091, 27.2215953 ], [ 92.1025195, 27.2216334 ], [ 92.1023585, 27.2216845 ], [ 92.1021654, 27.2216716 ], [ 92.1017577, 27.221465 ], [ 92.1012427, 27.2212552 ], [ 92.1008672, 27.2211311 ], [ 92.1005024, 27.2210992 ], [ 92.1001269, 27.2211407 ], [ 92.0998792, 27.2211584 ], [ 92.0997729, 27.221166 ], [ 92.0994403, 27.221093 ], [ 92.0992257, 27.2209499 ], [ 92.0990004, 27.2208034 ], [ 92.0987966, 27.2206603 ], [ 92.0987, 27.2205014 ], [ 92.0985713, 27.2203202 ], [ 92.0983567, 27.2202214 ], [ 92.0980348, 27.2201069 ], [ 92.0978095, 27.2200053 ], [ 92.0976271, 27.219878 ], [ 92.0974233, 27.2196332 ], [ 92.0972945, 27.219452 ], [ 92.0969957, 27.2191805 ] ] } },
{ "type": "Feature", "properties": { "osm_id": 338401325, "tags": { "name": "Bhairabi River", "waterway": "stream" }, "inside_district": true }, "geometry": { "type": "LineString", "coordinates": [ [ 92.0884969, 27.2348687 ], [ 92.0885934, 27.2347318 ], [ 92.0887651, 27.2345062 ], [ 92.0888617, 27.2342358 ], [ 92.0888831, 27.2339115 ], [ 92.0889153, 27.233568 ], [ 92.089044, 27.233123 ], [ 92.0892372, 27.2326045 ], [ 92.0893015, 27.2324233 ], [ 92.0894732, 27.2320417 ], [ 92.0895698, 27.2318032 ], [ 92.0895805, 27.2316315 ], [ 92.0895268, 27.2314598 ], [ 92.0895483, 27.2312881 ], [ 92.0896663, 27.231164 ], [ 92.089838, 27.2310591 ], [ 92.0899775, 27.2309351 ], [ 92.0900955, 27.2306584 ], [ 92.090074, 27.2303627 ], [ 92.0899882, 27.2301433 ], [ 92.0899453, 27.229962 ], [ 92.0900418, 27.2297555 ], [ 92.0902349, 27.2294311 ], [ 92.0903852, 27.2290939 ], [ 92.0905675, 27.2287886 ], [ 92.0906748, 27.2283975 ], [ 92.0905461, 27.2280827 ], [ 92.090471, 27.2277106 ], [ 92.090471, 27.2273862 ], [ 92.090589, 27.2271382 ], [ 92.0907714, 27.2269283 ], [ 92.090986, 27.2266932 ], [ 92.091104, 27.2264322 ], [ 92.0911469, 27.2261365 ], [ 92.0911469, 27.225774 ], [ 92.0911898, 27.2254339 ], [ 92.0912864, 27.2250522 ], [ 92.0914688, 27.2248676 ], [ 92.0917263, 27.2246959 ], [ 92.0919301, 27.2244669 ], [ 92.0922412, 27.2243367 ], [ 92.0926597, 27.2242189 ], [ 92.093003, 27.2240124 ], [ 92.0931854, 27.22378 ], [ 92.0934536, 27.2235034 ], [ 92.093754, 27.2232553 ], [ 92.0940115, 27.2230645 ], [ 92.0943656, 27.2227878 ], [ 92.0945372, 27.222578 ], [ 92.0947303, 27.2222917 ], [ 92.0949449, 27.2219578 ], [ 92.09502, 27.2217226 ], [ 92.0951273, 27.2215891 ], [ 92.0954277, 27.2213472 ], [ 92.0956745, 27.2210548 ], [ 92.0958139, 27.2207939 ], [ 92.0959105, 27.2204981 ], [ 92.0959963, 27.2202405 ], [ 92.0961787, 27.2200211 ], [ 92.0964148, 27.2198527 ], [ 92.0965971, 27.2196204 ], [ 92.0967903, 27.2193723 ], [ 92.0969957, 27.2191805 ] ] } },
{ "type": "Feature", "properties": { "osm_id": 338401327, "tags": { "waterway": "stream" }, "inside_district": true }, "geometry": { "type": "LineString", "coordinates": [ [ 92.1065428, 27.231517 ], [ 92.1064033, 27.2309351 ], [ 92.1062853, 27.2306107 ], [ 92.1062102, 27.2303374 ], [ 92.1061029, 27.2300574 ], [ 92.1059956, 27.2297937 ], [ 92.1058776, 27.2295995 ], [ 92.1057488, 27.2294278 ], [ 92.1056737, 27.2292499 ], [ 92.1056523, 27.2290367 ], [ 92.105545, 27.2288554 ], [ 92.1053626, 27.2285978 ], [ 92.1052446, 27.2283689 ], [ 92.1052017, 27.2281719 ], [ 92.105148, 27.2278952 ], [ 92.1051051, 27.2274816 ], [ 92.1050515, 27.2271382 ], [ 92.1050407, 27.226903 ], [ 92.1050515, 27.2266645 ], [ 92.1050515, 27.2264356 ], [ 92.1050622, 27.2262734 ], [ 92.1051909, 27.2261017 ], [ 92.1052124, 27.2259171 ], [ 92.1051909, 27.2256819 ], [ 92.1052231, 27.2254687 ], [ 92.1052293, 27.2251531 ] ] } },
{ "type": "Feature", "properties": { "osm_id": 338401328, "tags": { "name": "Bhairabi River", "name:en": "Bhairabi River", "ref": "STR20", "waterway": "river" }, "inside_district": true }, "geometry": { "type": "LineString", "coordinates": [ [ 92.1058132, 27.087585 ], [ 92.1057381, 27.0871581 ], [ 92.1057274, 27.0869193 ], [ 92.1057274, 27.086604 ], [ 92.1057918, 27.0863146 ], [ 92.1059312, 27.0861169 ], [ 92.1061565, 27.0859421 ], [ 92.1064569, 27.0858179 ], [ 92.1068646, 27.0856488 ], [ 92.1071865, 27.0854578 ], [ 92.1075942, 27.085219 ], [ 92.1078195, 27.0850537 ], [ 92.1079268, 27.0848847 ], [ 92.1079912, 27.0846554 ], [ 92.1081521, 27.0844328 ], [ 92.108356, 27.0843086 ], [ 92.1088388, 27.0841558 ], [ 92.1096541, 27.0839867 ], [ 92.1104803, 27.0839199 ], [ 92.1107914, 27.0838912 ], [ 92.1111347, 27.0837546 ], [ 92.1114995, 27.0835951 ], [ 92.1117892, 27.0834996 ], [ 92.1121218, 27.0834489 ], [ 92.1124436, 27.0834614 ], [ 92.1129586, 27.0834585 ], [ 92.1132912, 27.0833916 ], [ 92.113538, 27.0832579 ], [ 92.1137204, 27.0831051 ], [ 92.1139028, 27.0828949 ], [ 92.1139779, 27.0826303 ], [ 92.1140637, 27.082401 ], [ 92.1142461, 27.0820858 ], [ 92.1144392, 27.0817801 ], [ 92.1147718, 27.0811401 ], [ 92.1150078, 27.0807742 ], [ 92.1152331, 27.0805545 ], [ 92.1154799, 27.0803855 ], [ 92.115834, 27.0802584 ], [ 92.116188, 27.0801533 ], [ 92.1165206, 27.0799651 ], [ 92.1167459, 27.0797645 ], [ 92.1169605, 27.079647 ], [ 92.1172394, 27.0795706 ], [ 92.1177973, 27.0795611 ], [ 92.1181728, 27.0795611 ], [ 92.1185054, 27.0795133 ], [ 92.1188166, 27.0794178 ], [ 92.1190633, 27.0792649 ], [ 92.1192243, 27.079007 ], [ 92.1193745, 27.0787395 ], [ 92.1195569, 27.0785389 ], [ 92.1197714, 27.0784338 ], [ 92.1199967, 27.0783794 ], [ 92.1203293, 27.0782743 ], [ 92.120619, 27.078109 ], [ 92.1208872, 27.0778798 ], [ 92.1211769, 27.0775645 ], [ 92.1218413, 27.076895 ], [ 92.1219146, 27.0768948 ], [ 92.122075, 27.0768548 ], [ 92.1221962, 27.0768672 ], [ 92.1225717, 27.0768385 ], [ 92.122915, 27.0769178 ], [ 92.1231725, 27.0770038 ], [ 92.1235051, 27.0771089 ], [ 92.1237304, 27.0771662 ], [ 92.1241166, 27.0771442 ], [ 92.1244599, 27.0770802 ], [ 92.1247389, 27.0768958 ], [ 92.1249749, 27.0766503 ], [ 92.1250715, 27.0762778 ], [ 92.1251895, 27.0758192 ], [ 92.1252431, 27.0755298 ], [ 92.1253504, 27.0753129 ], [ 92.1255328, 27.0751792 ], [ 92.1257367, 27.075119 ], [ 92.1259727, 27.0750168 ], [ 92.1261336, 27.0748324 ], [ 92.1262517, 27.0745869 ], [ 92.126316, 27.0744216 ], [ 92.1263911, 27.0740806 ], [ 92.1265521, 27.0738197 ], [ 92.1267881, 27.0735742 ], [ 92.1271958, 27.0733354 ], [ 92.1275069, 27.0730488 ], [ 92.1277644, 27.0727813 ], [ 92.1281077, 27.0725425 ], [ 92.1284403, 27.0723199 ], [ 92.1286442, 27.0721861 ], [ 92.1287622, 27.0720237 ], [ 92.1288266, 27.0717878 ], [ 92.1289017, 27.0715107 ], [ 92.1291377, 27.0712241 ], [ 92.1293845, 27.0710206 ], [ 92.1297493, 27.07082 ], [ 92.1300389, 27.0707178 ], [ 92.1301569, 27.070584 ], [ 92.130275, 27.0703519 ], [ 92.1304359, 27.0700939 ], [ 92.1305861, 27.0698484 ], [ 92.1306612, 27.0695972 ], [ 92.1306934, 27.069323 ], [ 92.1306076, 27.0690335 ], [ 92.1303823, 27.0687278 ], [ 92.1303179, 27.0685367 ], [ 92.1302857, 27.0682625 ], [ 92.1304252, 27.0679377 ], [ 92.1306397, 27.0677438 ], [ 92.1308543, 27.0676511 ], [ 92.1311762, 27.0675909 ], [ 92.1315624, 27.0675718 ], [ 92.1320345, 27.0676129 ], [ 92.1322761, 27.0675803 ], [ 92.1323885, 27.0675651 ], [ 92.1328499, 27.0674763 ], [ 92.1332469, 27.0672307 ], [ 92.133558, 27.0669795 ], [ 92.1338584, 27.0668295 ], [ 92.1341588, 27.0666575 ], [ 92.1343841, 27.0663995 ], [ 92.1345021, 27.0661578 ], [ 92.1345558, 27.0658617 ], [ 92.1346952, 27.0656639 ], [ 92.1348454, 27.0655942 ], [ 92.13506, 27.0655942 ], [ 92.1354677, 27.0654986 ], [ 92.1357896, 27.0653171 ], [ 92.1360578, 27.0651098 ], [ 92.1361973, 27.0648681 ], [ 92.1362617, 27.0646197 ], [ 92.1363046, 27.0642948 ], [ 92.1363475, 27.0640369 ], [ 92.136444, 27.0638267 ], [ 92.1366264, 27.0636098 ], [ 92.1368196, 27.0633901 ], [ 92.1369161, 27.063177 ], [ 92.1368947, 27.0629792 ], [ 92.1368517, 27.0627184 ], [ 92.1368732, 27.0624891 ], [ 92.1369805, 27.062212 ], [ 92.137238, 27.0618585 ], [ 92.1375491, 27.0614955 ], [ 92.1379032, 27.0612948 ], [ 92.138225, 27.0611353 ], [ 92.138504, 27.0608869 ], [ 92.1386971, 27.0606289 ], [ 92.1388044, 27.0604091 ], [ 92.1388258, 27.0601034 ], [ 92.1388688, 27.0597117 ], [ 92.1389546, 27.0592053 ], [ 92.1390297, 27.0588518 ], [ 92.1391477, 27.0585814 ], [ 92.1393945, 27.0582976 ], [ 92.1395769, 27.0581323 ], [ 92.1398344, 27.0579919 ], [ 92.1400704, 27.0578772 ], [ 92.1402099, 27.0577052 ], [ 92.1403279, 27.0575237 ], [ 92.1403386, 27.0573011 ], [ 92.1402099, 27.0571004 ], [ 92.1399631, 27.0569667 ], [ 92.1395661, 27.0568616 ], [ 92.1391477, 27.0567469 ], [ 92.1388258, 27.0564823 ], [ 92.1385791, 27.0561545 ], [ 92.138504, 27.0559443 ], [ 92.1385684, 27.0558583 ], [ 92.1386756, 27.0558392 ], [ 92.1388688, 27.0559061 ], [ 92.1390619, 27.055909 ], [ 92.1392335, 27.0557848 ], [ 92.1392979, 27.0555937 ], [ 92.1393086, 27.0553424 ], [ 92.1392657, 27.0549411 ], [ 92.1390619, 27.0545971 ], [ 92.1389329, 27.054339 ], [ 92.1389758, 27.0541384 ], [ 92.1390885, 27.0539377 ], [ 92.1392763, 27.0537466 ], [ 92.139405, 27.0536989 ], [ 92.1396303, 27.0536559 ], [ 92.1398119, 27.0535692 ], [ 92.1399468, 27.0533931 ], [ 92.1399683, 27.0531781 ], [ 92.1400165, 27.0529488 ], [ 92.1401024, 27.0527911 ], [ 92.1403169, 27.0526335 ], [ 92.140494, 27.0525045 ], [ 92.1406817, 27.052366 ], [ 92.1408641, 27.0522035 ], [ 92.1411162, 27.0520984 ], [ 92.1413094, 27.0519551 ], [ 92.1414918, 27.0518786 ], [ 92.1416902, 27.0518452 ], [ 92.1419523, 27.0518588 ], [ 92.1422267, 27.0518595 ], [ 92.1425316, 27.0518397 ], [ 92.1427685, 27.0517688 ], [ 92.1429616, 27.0516589 ], [ 92.1430474, 27.0515203 ], [ 92.1430635, 27.0512671 ], [ 92.1430796, 27.05099 ], [ 92.1430904, 27.0506938 ], [ 92.1431118, 27.0503928 ], [ 92.1431064, 27.0500918 ], [ 92.143085, 27.0496857 ], [ 92.1430796, 27.0494182 ], [ 92.1430904, 27.0492605 ], [ 92.1431815, 27.0490742 ], [ 92.1432942, 27.0489691 ], [ 92.1435356, 27.0488353 ], [ 92.143777, 27.0487159 ], [ 92.1439916, 27.0485678 ], [ 92.1441418, 27.0483289 ], [ 92.1441954, 27.0480757 ], [ 92.1442008, 27.047832 ], [ 92.1441525, 27.0475883 ], [ 92.1439969, 27.0473686 ], [ 92.1437716, 27.0471918 ], [ 92.1434712, 27.0470389 ], [ 92.1431815, 27.046886 ], [ 92.1429992, 27.0466758 ], [ 92.1429509, 27.0465038 ], [ 92.1429777, 27.0463175 ], [ 92.1431172, 27.0460786 ], [ 92.1435463, 27.0457441 ], [ 92.1436643, 27.0455817 ], [ 92.1437663, 27.045252 ], [ 92.1439487, 27.0446022 ], [ 92.1440506, 27.0444637 ], [ 92.1441901, 27.0443538 ], [ 92.1445173, 27.0442678 ], [ 92.1447641, 27.0442105 ], [ 92.1450484, 27.0440671 ], [ 92.1454024, 27.0438951 ], [ 92.1456867, 27.0438139 ], [ 92.1459818, 27.0437757 ], [ 92.1462706, 27.0437893 ], [ 92.1465979, 27.0438323 ], [ 92.1468669, 27.0437852 ], [ 92.1470547, 27.0436562 ], [ 92.1472102, 27.0434173 ], [ 92.1473819, 27.0432836 ], [ 92.1475965, 27.0431115 ], [ 92.1478639, 27.0429866 ], [ 92.148267, 27.0428679 ], [ 92.1486157, 27.0427484 ], [ 92.1489858, 27.0426576 ], [ 92.1493399, 27.0425334 ], [ 92.1496028, 27.0424092 ], [ 92.1497261, 27.0422897 ], [ 92.149753, 27.0420843 ], [ 92.1496832, 27.0418597 ], [ 92.1496135, 27.041401 ], [ 92.1494257, 27.0407704 ], [ 92.1493289, 27.040536 ], [ 92.1493075, 27.0403831 ], [ 92.1493236, 27.0401872 ], [ 92.1494201, 27.0400629 ], [ 92.149628, 27.0399581 ], [ 92.1498761, 27.0399148 ], [ 92.1500625, 27.0398577 ], [ 92.1501604, 27.0397572 ], [ 92.1502141, 27.039566 ], [ 92.1502892, 27.0394036 ], [ 92.1505413, 27.0391599 ], [ 92.1508243, 27.0390455 ], [ 92.1511944, 27.0389929 ], [ 92.151464, 27.0389592 ], [ 92.1520044, 27.0389642 ], [ 92.1524121, 27.0390072 ], [ 92.1527139, 27.0391073 ], [ 92.1529767, 27.0391742 ], [ 92.1532128, 27.0391742 ], [ 92.1534542, 27.0391264 ], [ 92.1536258, 27.0390309 ], [ 92.1538029, 27.0388398 ], [ 92.1539906, 27.0386152 ], [ 92.1541408, 27.0384241 ], [ 92.1541891, 27.0382664 ], [ 92.1542052, 27.0380562 ], [ 92.1541676, 27.0377456 ], [ 92.1541676, 27.0373872 ], [ 92.1540765, 27.0370671 ], [ 92.1538941, 27.0368186 ], [ 92.1536258, 27.0366084 ], [ 92.1532825, 27.0364507 ], [ 92.1529016, 27.0363121 ], [ 92.1526281, 27.0362022 ], [ 92.1523424, 27.0360209 ], [ 92.1521721, 27.0358486 ], [ 92.1520004, 27.0356145 ], [ 92.1519682, 27.0354568 ], [ 92.1519897, 27.0352705 ], [ 92.1521292, 27.0350794 ], [ 92.1523049, 27.034855 ], [ 92.1524188, 27.0345729 ], [ 92.1524779, 27.0341858 ], [ 92.1526066, 27.033837 ], [ 92.1527193, 27.0335073 ], [ 92.1527622, 27.0332827 ], [ 92.1528051, 27.0331346 ], [ 92.1529177, 27.0330199 ], [ 92.1530358, 27.0329578 ], [ 92.1532235, 27.0329243 ], [ 92.1534381, 27.0329052 ], [ 92.1536084, 27.0328625 ], [ 92.1536634, 27.032781 ], [ 92.1536473, 27.0326568 ], [ 92.153658, 27.0325039 ], [ 92.1537157, 27.0323942 ], [ 92.1539692, 27.0320834 ], [ 92.1543286, 27.0315147 ], [ 92.1545002, 27.0311946 ], [ 92.1545753, 27.0309509 ], [ 92.15457, 27.0307358 ], [ 92.1545163, 27.0304491 ], [ 92.1544198, 27.0301433 ], [ 92.1542682, 27.0299954 ], [ 92.1541086, 27.0298279 ], [ 92.1538994, 27.0296416 ], [ 92.1538941, 27.0295078 ], [ 92.1539209, 27.0293883 ], [ 92.1540711, 27.0289535 ], [ 92.1541998, 27.0286572 ], [ 92.1543165, 27.0282608 ], [ 92.1543125, 27.0279404 ], [ 92.1542857, 27.0277111 ], [ 92.1542857, 27.027453 ], [ 92.1543071, 27.027152 ], [ 92.1542535, 27.0269083 ], [ 92.1541998, 27.0267171 ], [ 92.1540711, 27.0264639 ], [ 92.1538833, 27.0261246 ], [ 92.1534703, 27.0256897 ], [ 92.1531591, 27.0253839 ], [ 92.1528587, 27.0250398 ], [ 92.1526602, 27.0247961 ], [ 92.1524993, 27.0245811 ], [ 92.1524135, 27.0244234 ], [ 92.1524403, 27.0242609 ], [ 92.1525623, 27.0241417 ], [ 92.1527407, 27.0240936 ], [ 92.1530465, 27.024022 ], [ 92.1532879, 27.0239503 ], [ 92.1534542, 27.023869 ], [ 92.1536151, 27.0237257 ], [ 92.15376, 27.0234963 ], [ 92.1538391, 27.0232911 ], [ 92.1538082, 27.023071 ], [ 92.1536741, 27.0228034 ], [ 92.1534166, 27.0224402 ], [ 92.1531591, 27.0222108 ], [ 92.1529392, 27.0219958 ], [ 92.1527407, 27.0218237 ], [ 92.1526227, 27.0216517 ], [ 92.1525583, 27.0213554 ], [ 92.1525905, 27.0211929 ], [ 92.1526388, 27.021083 ], [ 92.1527836, 27.0209731 ], [ 92.1529714, 27.0209444 ], [ 92.1532329, 27.0209399 ], [ 92.1534059, 27.0209397 ], [ 92.1535548, 27.0209064 ], [ 92.1537653, 27.0208441 ], [ 92.1539155, 27.0207533 ], [ 92.1540107, 27.0206197 ], [ 92.1540389, 27.0204665 ], [ 92.1539584, 27.0203088 ], [ 92.1537278, 27.0201798 ], [ 92.1534153, 27.0200319 ], [ 92.1532074, 27.0199074 ], [ 92.1530143, 27.0198357 ], [ 92.1528963, 27.0197593 ], [ 92.1528802, 27.0196733 ], [ 92.1529982, 27.0195347 ], [ 92.1532074, 27.0194056 ], [ 92.1534475, 27.0192577 ], [ 92.1536406, 27.0190666 ], [ 92.1537747, 27.0188372 ], [ 92.153819, 27.0186123 ], [ 92.1538243, 27.0181631 ], [ 92.1537009, 27.0179433 ], [ 92.1535132, 27.0176661 ], [ 92.1532128, 27.0175514 ], [ 92.1529285, 27.0174845 ], [ 92.1525261, 27.0174893 ], [ 92.1523116, 27.0175992 ], [ 92.1520632, 27.0176807 ], [ 92.1517912, 27.0177139 ], [ 92.1514479, 27.0177282 ], [ 92.1510456, 27.0176422 ], [ 92.1506057, 27.0174797 ], [ 92.1503482, 27.0173029 ], [ 92.1501323, 27.0171072 ], [ 92.150021, 27.0169445 ], [ 92.1499566, 27.0167676 ], [ 92.1499512, 27.0166195 ], [ 92.1500907, 27.0163423 ], [ 92.150257, 27.0160126 ], [ 92.1504286, 27.0156446 ], [ 92.1505574, 27.0152861 ], [ 92.1507022, 27.0151284 ], [ 92.1509691, 27.0149518 ], [ 92.151346, 27.0147652 ], [ 92.1516142, 27.0146314 ], [ 92.1519736, 27.0144259 ], [ 92.1523545, 27.01412 ], [ 92.1526602, 27.013709 ], [ 92.1530143, 27.0134079 ], [ 92.1532181, 27.0131403 ], [ 92.1532986, 27.0129587 ], [ 92.1534314, 27.0127726 ], [ 92.1535668, 27.0126337 ], [ 92.1537117, 27.0125238 ], [ 92.1537801, 27.0123568 ], [ 92.1539303, 27.0122755 ], [ 92.1542374, 27.0120889 ], [ 92.1546022, 27.0119742 ], [ 92.1550461, 27.0118884 ], [ 92.1555517, 27.0118165 ], [ 92.1559379, 27.0117018 ], [ 92.1563456, 27.0115632 ], [ 92.1566822, 27.0113914 ], [ 92.1570162, 27.0111904 ], [ 92.1572683, 27.0110183 ], [ 92.157444, 27.0108178 ], [ 92.1575204, 27.010636 ], [ 92.1575633, 27.010029 ], [ 92.1576009, 27.0096801 ], [ 92.1576974, 27.0094268 ], [ 92.157853, 27.0092643 ], [ 92.158089, 27.0091735 ], [ 92.1584055, 27.0091305 ], [ 92.1588079, 27.0089632 ], [ 92.1590975, 27.0087625 ], [ 92.1593282, 27.008643 ], [ 92.1597037, 27.0085188 ], [ 92.1598808, 27.0084757 ], [ 92.160326, 27.0084136 ], [ 92.1606318, 27.0083515 ], [ 92.1608289, 27.0082514 ], [ 92.1609416, 27.0081223 ], [ 92.161018, 27.0079691 ], [ 92.1612795, 27.0077017 ], [ 92.1614565, 27.0075488 ], [ 92.1618012, 27.0073621 ], [ 92.1622196, 27.0071805 ], [ 92.1628365, 27.0069368 ], [ 92.1630136, 27.0068173 ], [ 92.1631638, 27.0066261 ], [ 92.1632442, 27.0063824 ], [ 92.1633086, 27.0059379 ], [ 92.1634213, 27.005479 ], [ 92.1635755, 27.005073 ], [ 92.1636412, 27.0047812 ], [ 92.1636305, 27.0045423 ], [ 92.1635554, 27.0042889 ], [ 92.1634105, 27.004093 ], [ 92.1631262, 27.0038492 ], [ 92.1627762, 27.0035818 ], [ 92.1624879, 27.0033426 ], [ 92.1622572, 27.0031179 ], [ 92.1620533, 27.0028455 ], [ 92.1619031, 27.0024966 ], [ 92.1618656, 27.002162 ], [ 92.1619729, 27.0017032 ], [ 92.1620051, 27.0011917 ], [ 92.1620426, 27.0007281 ], [ 92.1620533, 27.0000972 ], [ 92.1620319, 26.9998486 ], [ 92.1618763, 26.9995762 ], [ 92.1616456, 26.9992607 ], [ 92.161195, 26.9988736 ], [ 92.160782, 26.9985772 ], [ 92.1604749, 26.9983911 ], [ 92.1601919, 26.9980849 ], [ 92.1599666, 26.9977599 ], [ 92.1598432, 26.9974301 ], [ 92.1597238, 26.9970766 ], [ 92.159575, 26.9968087 ], [ 92.1593322, 26.9965795 ], [ 92.1591566, 26.9965076 ], [ 92.158883, 26.9965076 ], [ 92.158604, 26.9965888 ], [ 92.1582178, 26.9967991 ], [ 92.1576223, 26.9972389 ], [ 92.1570644, 26.9975974 ], [ 92.1567533, 26.9977169 ], [ 92.1564422, 26.9977886 ], [ 92.1562437, 26.9977933 ], [ 92.1560452, 26.9977121 ], [ 92.1558735, 26.9975209 ], [ 92.1558145, 26.9972293 ], [ 92.1557555, 26.9967609 ], [ 92.1557716, 26.9959101 ], [ 92.1558306, 26.9953747 ], [ 92.156013, 26.9948202 ], [ 92.1563724, 26.9941463 ], [ 92.1566836, 26.9936635 ], [ 92.1571073, 26.9932142 ], [ 92.1574829, 26.992827 ], [ 92.1576921, 26.9925689 ], [ 92.1577886, 26.9922964 ], [ 92.1577779, 26.9920478 ], [ 92.1577015, 26.9918234 ], [ 92.1574936, 26.991589 ], [ 92.1570792, 26.9913693 ], [ 92.1566997, 26.9912352 ], [ 92.1550581, 26.9909532 ], [ 92.1546344, 26.9908337 ], [ 92.1543608, 26.9906186 ], [ 92.1541462, 26.9903366 ], [ 92.1540711, 26.9900832 ], [ 92.1540711, 26.9898777 ], [ 92.1541355, 26.9895765 ], [ 92.1542736, 26.9892087 ], [ 92.1543447, 26.9887256 ], [ 92.1543715, 26.9883002 ], [ 92.1544144, 26.9880038 ], [ 92.1545418, 26.9877507 ], [ 92.1549616, 26.9874589 ], [ 92.1552727, 26.9873394 ], [ 92.1558038, 26.987086 ], [ 92.1561686, 26.986804 ], [ 92.1565012, 26.9864837 ], [ 92.156587, 26.9861443 ], [ 92.1566406, 26.9858384 ], [ 92.1567251, 26.985633 ], [ 92.1568928, 26.9854655 ], [ 92.1571664, 26.9853173 ], [ 92.1574668, 26.9851978 ], [ 92.157794, 26.9849444 ], [ 92.1579657, 26.9847245 ], [ 92.1580515, 26.9845333 ], [ 92.1579764, 26.9840505 ], [ 92.1578745, 26.9838593 ], [ 92.1576438, 26.983692 ], [ 92.157161, 26.9835008 ], [ 92.1567372, 26.9832809 ], [ 92.1564314, 26.9830992 ], [ 92.1562705, 26.9829271 ], [ 92.1560009, 26.9822772 ], [ 92.1555785, 26.981383 ], [ 92.1554766, 26.9808332 ], [ 92.1553639, 26.980207 ], [ 92.155321, 26.9799106 ], [ 92.1553746, 26.9797289 ], [ 92.1555195, 26.9796094 ], [ 92.1557501, 26.9796046 ], [ 92.1562316, 26.9797865 ], [ 92.1568163, 26.9800351 ], [ 92.1572991, 26.980169 ], [ 92.157562, 26.9802072 ], [ 92.1579281, 26.9802213 ], [ 92.1582392, 26.9801066 ], [ 92.158368, 26.979968 ], [ 92.1586738, 26.9795712 ], [ 92.1589366, 26.9793465 ], [ 92.1591016, 26.979189 ], [ 92.1592585, 26.9789879 ], [ 92.159296, 26.9787585 ], [ 92.1591941, 26.9786007 ], [ 92.1590385, 26.978419 ], [ 92.1588401, 26.9782804 ], [ 92.1585075, 26.9781752 ], [ 92.1582446, 26.9780175 ], [ 92.1580998, 26.9778262 ], [ 92.1580729, 26.9775968 ], [ 92.1580944, 26.9773338 ], [ 92.1580461, 26.9770805 ], [ 92.1579335, 26.9768749 ], [ 92.1576103, 26.9766743 ], [ 92.1572844, 26.9765976 ], [ 92.1570269, 26.9765833 ], [ 92.1563832, 26.9765833 ], [ 92.1557984, 26.9766502 ], [ 92.1554015, 26.9767649 ], [ 92.155042, 26.9768271 ], [ 92.1546934, 26.9768175 ], [ 92.1543594, 26.9767174 ], [ 92.1539946, 26.9765022 ], [ 92.1538351, 26.9763729 ], [ 92.15376, 26.9762056 ], [ 92.1538082, 26.976 ], [ 92.1540282, 26.9757562 ], [ 92.1544412, 26.9753928 ], [ 92.1547953, 26.9750199 ], [ 92.1550957, 26.9746184 ], [ 92.1552191, 26.9742789 ], [ 92.1554444, 26.9736383 ], [ 92.1555463, 26.9731557 ], [ 92.1555731, 26.9728353 ], [ 92.155498, 26.9725102 ], [ 92.1552781, 26.9721182 ], [ 92.155026, 26.9715636 ], [ 92.1548757, 26.9710855 ], [ 92.1547416, 26.9699285 ], [ 92.154747, 26.9695508 ], [ 92.1548328, 26.9692831 ], [ 92.1549777, 26.9689293 ], [ 92.155085, 26.968499 ], [ 92.155085, 26.9681404 ], [ 92.1550742, 26.9679157 ], [ 92.1551118, 26.9676958 ], [ 92.1552298, 26.9675141 ], [ 92.1554699, 26.967079 ], [ 92.1556268, 26.9666822 ], [ 92.1556429, 26.9664431 ], [ 92.1555409, 26.9661084 ], [ 92.1553961, 26.9658885 ], [ 92.1551493, 26.9657403 ], [ 92.1544359, 26.9653865 ], [ 92.1541516, 26.9651379 ], [ 92.1539531, 26.9648319 ], [ 92.1537811, 26.9645259 ], [ 92.1534434, 26.9641386 ], [ 92.1530183, 26.9637752 ], [ 92.152553, 26.9634788 ], [ 92.1522204, 26.9632349 ], [ 92.1519843, 26.9629767 ], [ 92.1518609, 26.9626803 ], [ 92.1517912, 26.9624412 ], [ 92.1517268, 26.9619774 ], [ 92.1517429, 26.9614371 ], [ 92.1518931, 26.9607725 ], [ 92.1518951, 26.9606987 ], [ 92.1519039, 26.9603709 ], [ 92.1518663, 26.959931 ], [ 92.1518288, 26.959515 ], [ 92.1518395, 26.9591516 ], [ 92.1518931, 26.9588647 ], [ 92.1521238, 26.9585826 ], [ 92.1522901, 26.9582575 ], [ 92.152451, 26.9577411 ], [ 92.1524779, 26.9572629 ], [ 92.1524403, 26.9567226 ], [ 92.152451, 26.9559384 ], [ 92.1524349, 26.9554746 ], [ 92.1523062, 26.9551686 ], [ 92.1521345, 26.9548769 ], [ 92.15192, 26.9546139 ], [ 92.1515377, 26.9544226 ], [ 92.1510563, 26.9542601 ], [ 92.1506379, 26.9541118 ], [ 92.1502409, 26.9539254 ], [ 92.1496669, 26.9537102 ], [ 92.1494416, 26.953605 ], [ 92.1491935, 26.9534137 ], [ 92.1490178, 26.9531029 ], [ 92.1488569, 26.9527299 ], [ 92.148771, 26.9523426 ], [ 92.1487979, 26.951984 ], [ 92.1488408, 26.9516014 ], [ 92.1488676, 26.950932 ], [ 92.148873, 26.9506451 ], [ 92.1487549, 26.950339 ], [ 92.1486906, 26.9501191 ], [ 92.1486584, 26.9498513 ], [ 92.1486477, 26.9496026 ], [ 92.1486141, 26.9493874 ], [ 92.1485243, 26.9492105 ], [ 92.1482775, 26.9490718 ], [ 92.1478591, 26.948914 ], [ 92.1476889, 26.948765 ], [ 92.1475587, 26.948651 ], [ 92.1473387, 26.9485124 ], [ 92.1470437, 26.9484358 ], [ 92.1467111, 26.9484358 ], [ 92.1463785, 26.9485028 ], [ 92.1459333, 26.9486558 ], [ 92.1455631, 26.9488423 ], [ 92.1452198, 26.9490192 ], [ 92.1450052, 26.9490527 ], [ 92.1447477, 26.9490384 ], [ 92.1445372, 26.9489284 ], [ 92.1442918, 26.9486845 ], [ 92.1441255, 26.9483737 ], [ 92.1438894, 26.9480246 ], [ 92.143412, 26.9471447 ], [ 92.1431863, 26.9467826 ], [ 92.1429828, 26.9464561 ], [ 92.1426341, 26.9460209 ], [ 92.1423123, 26.9457388 ], [ 92.1419529, 26.9455045 ], [ 92.141513, 26.9453228 ], [ 92.1409336, 26.9452032 ], [ 92.140188, 26.9450263 ], [ 92.1398286, 26.9449402 ], [ 92.1392854, 26.9446868 ], [ 92.1387879, 26.9443568 ], [ 92.1385947, 26.9440938 ], [ 92.138466, 26.9438068 ], [ 92.1383802, 26.9435056 ], [ 92.138348, 26.9431852 ], [ 92.1384124, 26.9428313 ], [ 92.138525, 26.9425396 ], [ 92.1387718, 26.9422287 ], [ 92.1391473, 26.941717 ], [ 92.1393297, 26.9413058 ], [ 92.1394048, 26.9408993 ], [ 92.139394, 26.9405263 ], [ 92.1392707, 26.9401676 ], [ 92.1391044, 26.9392637 ], [ 92.1389756, 26.938599 ], [ 92.1389166, 26.9382977 ], [ 92.1388147, 26.9380108 ], [ 92.1384982, 26.9375278 ], [ 92.1375594, 26.93649 ], [ 92.1366475, 26.935567 ], [ 92.1359809, 26.9350983 ], [ 92.1354069, 26.9348161 ], [ 92.1348021, 26.9345674 ], [ 92.1341208, 26.9342996 ], [ 92.1337721, 26.9342518 ], [ 92.1334717, 26.9342566 ], [ 92.1332518, 26.9343379 ], [ 92.1330694, 26.9344622 ], [ 92.1328857, 26.9347109 ], [ 92.1318678, 26.9358156 ], [ 92.1316478, 26.9360165 ], [ 92.1313152, 26.9360595 ], [ 92.1310416, 26.9360213 ], [ 92.1307613, 26.9358683 ], [ 92.1306554, 26.9357009 ], [ 92.1305964, 26.9355096 ], [ 92.1306447, 26.9352035 ], [ 92.1305588, 26.9349931 ], [ 92.1303443, 26.9347205 ], [ 92.1296042, 26.9339744 ], [ 92.1292023, 26.9335263 ], [ 92.1287298, 26.9328122 ], [ 92.1284777, 26.9322766 ], [ 92.1279252, 26.9314061 ], [ 92.1275872, 26.9309757 ], [ 92.1272546, 26.9305931 ], [ 92.1269113, 26.9302774 ], [ 92.1266806, 26.9298039 ], [ 92.1266484, 26.9295648 ], [ 92.1266216, 26.929187 ], [ 92.1267075, 26.9287756 ], [ 92.1269204, 26.9283069 ], [ 92.1271903, 26.9275608 ], [ 92.127319, 26.9271017 ], [ 92.1274048, 26.9267717 ], [ 92.1274424, 26.9264751 ], [ 92.1274638, 26.9261642 ], [ 92.1273995, 26.9259203 ], [ 92.1270991, 26.9255951 ], [ 92.1267236, 26.9252077 ], [ 92.1265143, 26.9248489 ], [ 92.1264553, 26.9244854 ], [ 92.126509, 26.9240741 ], [ 92.1265251, 26.9235528 ], [ 92.12645, 26.9230218 ], [ 92.1262829, 26.9226378 ] ] } },
{ "type": "Feature", "properties": { "osm_id": 338410366, "tags": { "waterway": "river" }, "inside_district": true }, "geometry": { "type": "LineString", "coordinates": [ [ 92.1799331, 27.1039413 ], [ 92.1798259, 27.1039867 ], [ 92.1797171, 27.1040739 ], [ 92.179622, 27.1042231 ], [ 92.1794618, 27.1043487 ], [ 92.1792679, 27.1044809 ], [ 92.1790802, 27.1045812 ], [ 92.1789085, 27.1046051 ], [ 92.1787851, 27.1046099 ], [ 92.1786403, 27.1046433 ], [ 92.178533, 27.1046958 ], [ 92.1784104, 27.1047641 ], [ 92.1782334, 27.1048835 ], [ 92.1781261, 27.1049504 ], [ 92.1779858, 27.1050253 ], [ 92.1777935, 27.1051079 ], [ 92.1776272, 27.1051987 ], [ 92.1774387, 27.1052689 ], [ 92.1772455, 27.1053118 ], [ 92.1770792, 27.1053166 ], [ 92.1768861, 27.1053071 ], [ 92.1767206, 27.1052655 ], [ 92.176506, 27.1052082 ], [ 92.1760868, 27.1050922 ], [ 92.1759481, 27.1050554 ], [ 92.1758623, 27.1049838 ], [ 92.1757167, 27.104925 ], [ 92.175545, 27.1049059 ], [ 92.1753626, 27.1048773 ], [ 92.1751802, 27.1048439 ], [ 92.1749764, 27.1048248 ], [ 92.1748155, 27.1048009 ], [ 92.1746553, 27.1047593 ], [ 92.1745043, 27.104672 ], [ 92.1743174, 27.1046352 ], [ 92.1741395, 27.1046003 ], [ 92.1740215, 27.1046194 ], [ 92.1738721, 27.1046829 ], [ 92.1738016, 27.1047866 ], [ 92.1736897, 27.1049217 ], [ 92.1734752, 27.1050554 ], [ 92.1733571, 27.1051175 ], [ 92.1731578, 27.1052116 ], [ 92.1729272, 27.1052593 ], [ 92.1727134, 27.105256 ], [ 92.1725149, 27.1052178 ], [ 92.1722789, 27.1051509 ], [ 92.1720965, 27.1050793 ], [ 92.1718918, 27.1049632 ], [ 92.1717156, 27.1048692 ], [ 92.1715378, 27.1048248 ], [ 92.1713991, 27.1048644 ], [ 92.1712642, 27.1049346 ], [ 92.1711355, 27.1050301 ], [ 92.1710014, 27.1050826 ], [ 92.170776, 27.1051399 ], [ 92.17054, 27.1051972 ], [ 92.1703844, 27.1052402 ], [ 92.1700948, 27.1052736 ], [ 92.169789, 27.105288 ], [ 92.1695315, 27.1053357 ], [ 92.1692633, 27.1053882 ], [ 92.1690648, 27.1054408 ], [ 92.1688556, 27.1054838 ], [ 92.1686732, 27.1054933 ], [ 92.1684157, 27.105479 ], [ 92.1681582, 27.1055267 ], [ 92.1680563, 27.1055411 ], [ 92.1678846, 27.1055458 ], [ 92.1677237, 27.1055745 ], [ 92.1675198, 27.1056222 ], [ 92.1673643, 27.1056222 ], [ 92.1670907, 27.105627 ], [ 92.1668922, 27.1056652 ], [ 92.1667259, 27.1057177 ], [ 92.1665542, 27.1057512 ], [ 92.1663343, 27.1057416 ], [ 92.1660393, 27.1057368 ], [ 92.1657764, 27.1057368 ], [ 92.165594, 27.1057512 ], [ 92.1654116, 27.1057464 ], [ 92.1652078, 27.105775 ], [ 92.1649288, 27.105818 ], [ 92.1647411, 27.1058371 ], [ 92.1645158, 27.105861 ], [ 92.1642261, 27.1058801 ], [ 92.1640169, 27.1059183 ], [ 92.1638613, 27.105966 ], [ 92.1637433, 27.1059756 ], [ 92.1635824, 27.1059613 ], [ 92.1633571, 27.1059565 ], [ 92.1631908, 27.1059947 ], [ 92.1629923, 27.1060568 ], [ 92.1627616, 27.1060902 ], [ 92.1625524, 27.1060902 ], [ 92.1623164, 27.1061236 ], [ 92.1621071, 27.1061571 ], [ 92.1619577, 27.106168 ], [ 92.1617799, 27.1061284 ], [ 92.1616029, 27.1060711 ], [ 92.1613998, 27.1059723 ], [ 92.1611308, 27.1058705 ], [ 92.1608197, 27.1058753 ], [ 92.1605246, 27.1058467 ], [ 92.1603154, 27.1058467 ], [ 92.1601545, 27.1058276 ], [ 92.1600097, 27.1058371 ], [ 92.1598434, 27.1058371 ], [ 92.1596556, 27.1057989 ], [ 92.1594518, 27.1057464 ], [ 92.1592165, 27.1056714 ], [ 92.1590655, 27.1056413 ], [ 92.15891, 27.1056318 ], [ 92.1587705, 27.1056652 ], [ 92.1586157, 27.1057335 ], [ 92.1584808, 27.1058371 ], [ 92.158385, 27.1058624 ], [ 92.158208, 27.1058481 ], [ 92.1580578, 27.1058051 ], [ 92.1579175, 27.1057416 ], [ 92.1577566, 27.1057559 ], [ 92.1575957, 27.1057416 ], [ 92.1574401, 27.1057034 ], [ 92.1572577, 27.10567 ], [ 92.1571021, 27.10567 ], [ 92.1569251, 27.10567 ], [ 92.1566676, 27.1057034 ], [ 92.156453, 27.1057559 ], [ 92.1562277, 27.105818 ], [ 92.1560132, 27.1059135 ], [ 92.1559005, 27.1059995 ], [ 92.1557289, 27.1060186 ], [ 92.1555626, 27.1059804 ], [ 92.1554124, 27.1059087 ], [ 92.1552192, 27.1057894 ], [ 92.1551012, 27.1056795 ], [ 92.1549625, 27.1054947 ], [ 92.1548759, 27.1054312 ], [ 92.1547962, 27.1053801 ], [ 92.1546291, 27.1053166 ], [ 92.1544414, 27.1052736 ], [ 92.1542483, 27.1052498 ], [ 92.1540605, 27.1052498 ], [ 92.1539049, 27.1052736 ], [ 92.1538038, 27.1052655 ], [ 92.1536582, 27.1052068 ], [ 92.1535678, 27.1051509 ], [ 92.153423, 27.1050936 ], [ 92.1531816, 27.1050602 ], [ 92.1529394, 27.1050158 ], [ 92.1527578, 27.1049742 ], [ 92.152655, 27.1049298 ], [ 92.1525638, 27.1048534 ], [ 92.1525048, 27.1047388 ], [ 92.1524405, 27.1045669 ], [ 92.1523332, 27.1044523 ], [ 92.152183, 27.1043281 ], [ 92.1519799, 27.1042197 ], [ 92.15154, 27.1039619 ], [ 92.1512933, 27.1037995 ], [ 92.151024, 27.1036405 ], [ 92.1507139, 27.1034366 ], [ 92.1504672, 27.1033124 ], [ 92.150155, 27.1032298 ], [ 92.1499307, 27.1031214 ], [ 92.1497054, 27.1029782 ], [ 92.1494694, 27.1027871 ], [ 92.149361, 27.1025708 ], [ 92.1493299, 27.1023192 ], [ 92.1490188, 27.1020899 ], [ 92.1487173, 27.1019118 ], [ 92.1484491, 27.1017399 ], [ 92.148257, 27.1016028 ], [ 92.1480736, 27.1014438 ], [ 92.1479555, 27.101291 ], [ 92.1476884, 27.1011062 ], [ 92.147506, 27.1009725 ], [ 92.1473022, 27.1008197 ], [ 92.1469583, 27.1007275 ], [ 92.1467013, 27.1006 ], [ 92.146476, 27.1004758 ], [ 92.1462293, 27.100323 ], [ 92.1458967, 27.1001225 ], [ 92.1457245, 27.1000398 ], [ 92.1453114, 27.0999572 ], [ 92.1450909, 27.0998211 ], [ 92.1448624, 27.0997414 ], [ 92.1444617, 27.0998655 ], [ 92.1441742, 27.0997738 ], [ 92.1438759, 27.0995327 ], [ 92.1435288, 27.0993703 ], [ 92.1432085, 27.0990449 ], [ 92.1428009, 27.0987126 ], [ 92.1425863, 27.0986027 ], [ 92.1423664, 27.098469 ], [ 92.1419158, 27.0983353 ], [ 92.1417012, 27.0983401 ], [ 92.1415134, 27.0983926 ], [ 92.1413042, 27.0985263 ], [ 92.1411808, 27.0985388 ], [ 92.1409609, 27.0986744 ], [ 92.1407731, 27.0987078 ], [ 92.1404996, 27.0987746 ], [ 92.1401723, 27.0989275 ], [ 92.139931, 27.0990611 ], [ 92.1396466, 27.0991949 ], [ 92.139373, 27.099214 ], [ 92.139019, 27.0991548 ], [ 92.1387239, 27.0989418 ], [ 92.1384128, 27.0987393 ], [ 92.1380372, 27.098512 ], [ 92.1376403, 27.0983114 ], [ 92.137254, 27.0981633 ], [ 92.1369537, 27.0980249 ], [ 92.1366383, 27.0978898 ], [ 92.136247, 27.097905 ], [ 92.1358969, 27.0978329 ], [ 92.1356103, 27.0978223 ], [ 92.1353265, 27.0978965 ], [ 92.1347458, 27.0979784 ], [ 92.134474, 27.0980169 ], [ 92.13428, 27.0979925 ], [ 92.1339639, 27.0978573 ], [ 92.1336704, 27.0978253 ], [ 92.1334257, 27.0978802 ], [ 92.1331884, 27.0978451 ], [ 92.1329815, 27.0977968 ], [ 92.132773, 27.0978061 ], [ 92.1325325, 27.0976722 ], [ 92.1324038, 27.0976826 ], [ 92.1322345, 27.0977473 ], [ 92.1320585, 27.0977101 ], [ 92.1318299, 27.0976078 ], [ 92.1316516, 27.0974657 ], [ 92.1314802, 27.0974535 ], [ 92.1313095, 27.0974991 ], [ 92.1311154, 27.0975513 ], [ 92.1307124, 27.0976717 ], [ 92.130235, 27.0978449 ], [ 92.1297139, 27.0980189 ], [ 92.1295173, 27.0980425 ], [ 92.1293532, 27.0979938 ], [ 92.1291855, 27.0979061 ], [ 92.1290649, 27.0978979 ], [ 92.1288629, 27.0979911 ], [ 92.1286461, 27.0981484 ], [ 92.1285099, 27.0981831 ], [ 92.1283304, 27.0981393 ], [ 92.128086, 27.0980036 ], [ 92.127807, 27.0977598 ], [ 92.127672, 27.0976133 ], [ 92.1275159, 27.0975813 ], [ 92.1273553, 27.0976038 ], [ 92.1271178, 27.0975984 ], [ 92.1267825, 27.0975346 ], [ 92.1262439, 27.0975672 ], [ 92.1260794, 27.0975888 ], [ 92.1259746, 27.0976546 ], [ 92.1259673, 27.0978243 ], [ 92.125848, 27.0978955 ], [ 92.1256962, 27.0979377 ], [ 92.1253655, 27.097926 ], [ 92.125003, 27.0979212 ], [ 92.1247013, 27.0978148 ], [ 92.1244814, 27.0978577 ], [ 92.1242883, 27.0979771 ], [ 92.1241864, 27.0981586 ], [ 92.1241381, 27.0983162 ], [ 92.1240415, 27.0985024 ], [ 92.1238967, 27.0986123 ], [ 92.1237036, 27.0987173 ], [ 92.1235694, 27.0988367 ], [ 92.1235104, 27.0989848 ], [ 92.1234246, 27.0991424 ], [ 92.1232798, 27.0994814 ], [ 92.1230437, 27.0996868 ], [ 92.1229418, 27.0997727 ], [ 92.1228828, 27.0999208 ], [ 92.1229311, 27.1000736 ], [ 92.1230437, 27.1002455 ], [ 92.1231543, 27.1005708 ], [ 92.1232825, 27.1007224 ], [ 92.1233935, 27.100882 ], [ 92.1234298, 27.1010008 ], [ 92.1234259, 27.101109 ], [ 92.1233565, 27.1012191 ], [ 92.1232261, 27.1012579 ], [ 92.1230223, 27.1013677 ], [ 92.1227058, 27.1015683 ], [ 92.1225502, 27.101702 ], [ 92.1223678, 27.101788 ], [ 92.1222169, 27.1018877 ], [ 92.1218793, 27.1019151 ], [ 92.1216516, 27.1019699 ], [ 92.1212243, 27.1021331 ], [ 92.1211263, 27.1021168 ], [ 92.1210929, 27.1019959 ], [ 92.1210725, 27.1015273 ], [ 92.1209676, 27.101208 ], [ 92.1208574, 27.1009942 ], [ 92.1207452, 27.1008346 ], [ 92.1206619, 27.1007422 ], [ 92.1204366, 27.100723 ], [ 92.120222, 27.1007565 ], [ 92.1200504, 27.1008615 ], [ 92.1199324, 27.1009952 ], [ 92.1199002, 27.1012579 ], [ 92.1198787, 27.1014776 ], [ 92.1198143, 27.1016208 ], [ 92.1196641, 27.1018118 ], [ 92.1194978, 27.1019742 ], [ 92.1192994, 27.1021604 ], [ 92.1191277, 27.1023324 ], [ 92.1189239, 27.1025186 ], [ 92.11872, 27.1026284 ], [ 92.1185805, 27.102681 ], [ 92.1184411, 27.1028099 ], [ 92.1183284, 27.1029532 ], [ 92.1181192, 27.1030582 ], [ 92.1179529, 27.1031489 ], [ 92.11769, 27.1032301 ], [ 92.1174486, 27.1032874 ], [ 92.1172019, 27.1033543 ], [ 92.1169605, 27.1034164 ], [ 92.1165957, 27.1035453 ], [ 92.116467, 27.1035978 ], [ 92.1162631, 27.1036408 ], [ 92.1160968, 27.1036838 ], [ 92.1159198, 27.1038127 ], [ 92.1157428, 27.1039894 ], [ 92.1155872, 27.1041374 ], [ 92.1154477, 27.1042234 ], [ 92.1152975, 27.1042358 ], [ 92.1151688, 27.1042024 ], [ 92.11504, 27.1041212 ], [ 92.114922, 27.104061 ], [ 92.1147557, 27.1040419 ], [ 92.1144982, 27.1040419 ], [ 92.1142675, 27.1040563 ], [ 92.1139618, 27.1040515 ], [ 92.1137472, 27.103999 ], [ 92.1136024, 27.1039159 ], [ 92.1134843, 27.1038461 ], [ 92.113259, 27.1037841 ], [ 92.1131142, 27.1037392 ], [ 92.1129533, 27.1036408 ], [ 92.112744, 27.103424 ], [ 92.1125311, 27.1031234 ] ] } },
{ "type": "Feature", "properties": { "osm_id": 338413521, "tags": { "waterway": "stream" }, "inside_district": true }, "geometry": { "type": "LineString", "coordinates": [ [ 92.08869, 27.1014728 ], [ 92.0887222, 27.1012913 ], [ 92.0886685, 27.100979 ], [ 92.088572, 27.1007087 ], [ 92.0885076, 27.10047 ], [ 92.0884969, 27.1002436 ], [ 92.0885612, 27.1000497 ], [ 92.0889046, 27.09983 ], [ 92.0891191, 27.0996868 ], [ 92.0892264, 27.0995626 ], [ 92.0893015, 27.0993525 ], [ 92.0892908, 27.099193 ], [ 92.089205, 27.0990402 ], [ 92.0890333, 27.0989638 ], [ 92.0887973, 27.0989513 ], [ 92.0885505, 27.0989351 ], [ 92.0883896, 27.0988396 ], [ 92.0883145, 27.0987221 ], [ 92.0883145, 27.0985693 ], [ 92.0883252, 27.0983907 ], [ 92.088454, 27.0981682 ], [ 92.0886364, 27.0979991 ], [ 92.0888295, 27.0978816 ], [ 92.0890119, 27.0976648 ], [ 92.0891191, 27.0974451 ], [ 92.0893659, 27.0969743 ], [ 92.0894196, 27.0967928 ], [ 92.0895805, 27.0966142 ], [ 92.0898487, 27.0965731 ], [ 92.0901491, 27.0965922 ], [ 92.0905461, 27.09664 ], [ 92.0908894, 27.0966428 ], [ 92.0911576, 27.0966018 ], [ 92.0915868, 27.0964872 ], [ 92.0920696, 27.0963372 ], [ 92.0924558, 27.0962321 ], [ 92.0928635, 27.0960764 ], [ 92.0932283, 27.0958663 ], [ 92.0934429, 27.0956686 ], [ 92.0936682, 27.095363 ], [ 92.0937969, 27.0951022 ], [ 92.0939149, 27.0948634 ], [ 92.0940544, 27.0946915 ], [ 92.0943226, 27.0945769 ], [ 92.0946123, 27.094532 ], [ 92.0948698, 27.0944651 ], [ 92.0950844, 27.0943094 ], [ 92.0953633, 27.0942044 ], [ 92.0956423, 27.0941375 ], [ 92.0958354, 27.0940134 ], [ 92.0960071, 27.0938128 ], [ 92.0961358, 27.0936217 ], [ 92.0962753, 27.0935167 ], [ 92.0966079, 27.0934785 ], [ 92.0970263, 27.0934307 ], [ 92.0972623, 27.0933572 ], [ 92.0975198, 27.0932015 ], [ 92.0977988, 27.0930229 ], [ 92.0981099, 27.09287 ], [ 92.0984211, 27.0928099 ], [ 92.0987, 27.0927334 ], [ 92.0990326, 27.0926475 ], [ 92.0992579, 27.092552 ], [ 92.0994725, 27.0923638 ], [ 92.0995798, 27.0921317 ], [ 92.0996441, 27.0919502 ], [ 92.0997836, 27.0917305 ], [ 92.0999767, 27.0915682 ], [ 92.1002128, 27.0914058 ], [ 92.1004273, 27.0912243 ], [ 92.1006526, 27.0910428 ], [ 92.1007921, 27.0909024 ], [ 92.1009316, 27.0906989 ], [ 92.101232, 27.0903264 ], [ 92.1016719, 27.0898488 ], [ 92.1018221, 27.0896483 ], [ 92.1020367, 27.0894477 ], [ 92.1022298, 27.0892977 ], [ 92.1023371, 27.0891516 ], [ 92.1023585, 27.0889701 ], [ 92.1023585, 27.0887026 ], [ 92.1023371, 27.0884734 ], [ 92.1023263, 27.088225 ], [ 92.1023263, 27.0879862 ], [ 92.1023049, 27.0877188 ], [ 92.1023478, 27.0874924 ], [ 92.1024444, 27.0872603 ], [ 92.1025946, 27.0871265 ], [ 92.1027984, 27.0870692 ], [ 92.1030666, 27.087117 ], [ 92.1034743, 27.0872985 ], [ 92.103646, 27.0874227 ], [ 92.103882, 27.0876423 ], [ 92.1041932, 27.0879031 ], [ 92.1044936, 27.0881295 ], [ 92.1047189, 27.0882947 ], [ 92.1049656, 27.088397 ], [ 92.1052339, 27.0884065 ], [ 92.1054806, 27.0883683 ], [ 92.1056523, 27.0882537 ], [ 92.1057381, 27.0879795 ], [ 92.1058132, 27.087585 ] ] } },
{ "type": "Feature", "properties": { "osm_id": 338413526, "tags": { "name": "Bhairabi River", "name:en": "Bhairabi River", "waterway": "river" }, "inside_district": true }, "geometry": { "type": "LineString", "coordinates": [ [ 92.0969957, 27.2191805 ], [ 92.0966722, 27.2189749 ], [ 92.0963826, 27.2185327 ], [ 92.0962109, 27.2181892 ], [ 92.0959963, 27.21783 ], [ 92.0957496, 27.21755 ], [ 92.0955028, 27.2173625 ], [ 92.0953311, 27.217073 ], [ 92.0952024, 27.2168058 ], [ 92.0949556, 27.2165864 ], [ 92.0946552, 27.216386 ], [ 92.0943548, 27.2161127 ], [ 92.0940544, 27.2159376 ], [ 92.093754, 27.2158136 ], [ 92.0933249, 27.2155655 ], [ 92.092885, 27.2154257 ], [ 92.0924558, 27.2153303 ], [ 92.0918979, 27.2152125 ], [ 92.0910396, 27.2148628 ], [ 92.090471, 27.21464 ], [ 92.089956, 27.2144492 ], [ 92.0893445, 27.2141725 ], [ 92.0889582, 27.2140103 ], [ 92.0887115, 27.2138514 ], [ 92.0884003, 27.2136859 ], [ 92.0881965, 27.2135652 ], [ 92.087939, 27.213403 ], [ 92.0876922, 27.2131134 ], [ 92.0875098, 27.2129068 ], [ 92.0870807, 27.2127828 ], [ 92.0867052, 27.2126588 ], [ 92.0864477, 27.2124932 ], [ 92.0860292, 27.2121149 ], [ 92.0855572, 27.2115901 ], [ 92.085289, 27.2113707 ], [ 92.0849134, 27.2112371 ], [ 92.0845701, 27.2111479 ], [ 92.0842697, 27.2109986 ], [ 92.0840337, 27.2107662 ], [ 92.0838835, 27.2104991 ], [ 92.0837976, 27.2101842 ], [ 92.0837225, 27.2099108 ], [ 92.0834972, 27.2096532 ], [ 92.0830574, 27.209335 ], [ 92.0828321, 27.209157 ], [ 92.0826711, 27.2090044 ], [ 92.0826175, 27.2089116 ], [ 92.0825424, 27.2087816 ], [ 92.082478, 27.2084667 ], [ 92.0824673, 27.2081137 ], [ 92.082478, 27.2076652 ], [ 92.0824244, 27.2072835 ], [ 92.0824995, 27.2070068 ], [ 92.0826067, 27.2067969 ], [ 92.0828321, 27.2065774 ], [ 92.0831325, 27.2063518 ], [ 92.0832612, 27.206129 ], [ 92.0833363, 27.2057664 ], [ 92.0832612, 27.2054038 ], [ 92.0832612, 27.2051175 ], [ 92.0833148, 27.2049014 ], [ 92.0834865, 27.2046595 ], [ 92.0837547, 27.2045164 ], [ 92.084023, 27.2044338 ], [ 92.0844628, 27.2043957 ], [ 92.0848598, 27.2043542 ], [ 92.0852675, 27.2042335 ], [ 92.0856215, 27.2040488 ], [ 92.0859112, 27.2037277 ], [ 92.0861043, 27.2033713 ], [ 92.0861258, 27.2030851 ], [ 92.0860292, 27.2028021 ], [ 92.0857074, 27.2024267 ], [ 92.0841839, 27.2013198 ], [ 92.0837869, 27.200919 ], [ 92.083508, 27.2006361 ], [ 92.0834114, 27.2003655 ], [ 92.0833792, 27.2000983 ], [ 92.0834436, 27.1998059 ], [ 92.0835509, 27.1996212 ], [ 92.0837762, 27.1994017 ], [ 92.0841839, 27.1990487 ], [ 92.0844199, 27.1987753 ], [ 92.0845916, 27.1984475 ], [ 92.0846989, 27.1981326 ], [ 92.0847525, 27.1976745 ], [ 92.0848491, 27.1973596 ], [ 92.0849564, 27.197207 ], [ 92.085128, 27.1971053 ], [ 92.0856537, 27.1970447 ], [ 92.0861794, 27.1969684 ], [ 92.0866193, 27.196892 ], [ 92.086909, 27.1968157 ], [ 92.0870378, 27.1967107 ], [ 92.0872201, 27.1964946 ], [ 92.0873382, 27.1962718 ], [ 92.0875098, 27.1960523 ], [ 92.0877566, 27.1959282 ], [ 92.0880999, 27.1958042 ], [ 92.0884218, 27.1956229 ], [ 92.0886042, 27.1954258 ], [ 92.0887651, 27.1951457 ], [ 92.088808, 27.1948976 ], [ 92.0887973, 27.1946495 ], [ 92.0887222, 27.1943537 ], [ 92.088572, 27.1940292 ], [ 92.0884218, 27.1937525 ], [ 92.0884432, 27.193533 ], [ 92.088572, 27.1933517 ], [ 92.0887758, 27.1933073 ], [ 92.0890011, 27.1932787 ], [ 92.0892586, 27.1932181 ], [ 92.0895268, 27.1930367 ], [ 92.0897629, 27.1928173 ], [ 92.090074, 27.1925787 ], [ 92.0903208, 27.1923912 ], [ 92.0905783, 27.1922351 ], [ 92.0908465, 27.1921588 ], [ 92.0911254, 27.1920443 ], [ 92.0913186, 27.191882 ], [ 92.09134, 27.1917103 ], [ 92.0912971, 27.191548 ], [ 92.0910396, 27.1914049 ], [ 92.0908894, 27.1912746 ], [ 92.0908036, 27.1911281 ], [ 92.0907821, 27.190985 ], [ 92.0908465, 27.190775 ], [ 92.090986, 27.1905842 ], [ 92.091222, 27.1903203 ], [ 92.0914688, 27.1900307 ], [ 92.0915761, 27.1897921 ], [ 92.0916082, 27.1894867 ], [ 92.0915868, 27.1892004 ], [ 92.091501, 27.1889904 ], [ 92.0913722, 27.1888315 ], [ 92.0912113, 27.1887552 ], [ 92.0910718, 27.1887266 ], [ 92.0908465, 27.1887457 ], [ 92.090707, 27.1887709 ], [ 92.0905139, 27.1887361 ], [ 92.0903208, 27.1886373 ], [ 92.0902564, 27.1885419 ], [ 92.0902564, 27.1883606 ], [ 92.0903315, 27.1881826 ], [ 92.0905139, 27.1879058 ], [ 92.0906212, 27.1875589 ], [ 92.0905568, 27.1866332 ], [ 92.0904817, 27.1862801 ], [ 92.090353, 27.1859971 ], [ 92.0901384, 27.1857934 ], [ 92.0899238, 27.1856788 ], [ 92.0897629, 27.1856917 ], [ 92.0895483, 27.1857394 ], [ 92.0893552, 27.1859079 ], [ 92.0891299, 27.1861212 ], [ 92.0889368, 27.1861307 ], [ 92.0887973, 27.1861117 ], [ 92.0887007, 27.1860606 ], [ 92.0886578, 27.1859174 ], [ 92.0886793, 27.1857299 ], [ 92.0887222, 27.1855643 ], [ 92.0887115, 27.1853735 ], [ 92.0886042, 27.1852241 ], [ 92.0884754, 27.185049 ], [ 92.0885076, 27.1849154 ], [ 92.0886471, 27.1848137 ], [ 92.0887758, 27.1846481 ], [ 92.0887436, 27.1843809 ], [ 92.0887544, 27.1842473 ], [ 92.0888187, 27.1840278 ], [ 92.0889904, 27.183888 ], [ 92.0892908, 27.1838083 ], [ 92.0896556, 27.1837701 ], [ 92.0899775, 27.1836556 ], [ 92.0902135, 27.1834361 ], [ 92.0902242, 27.1831688 ], [ 92.0900633, 27.1827394 ], [ 92.089838, 27.182119 ], [ 92.0895698, 27.1811455 ], [ 92.0895054, 27.1808878 ], [ 92.0895054, 27.1806908 ], [ 92.0895912, 27.1804488 ], [ 92.0898058, 27.1802579 ], [ 92.0901598, 27.1800671 ], [ 92.0905461, 27.1799081 ], [ 92.0908465, 27.1797426 ], [ 92.0912005, 27.1794658 ], [ 92.0915439, 27.1790936 ], [ 92.0916833, 27.1789504 ], [ 92.0919408, 27.1787786 ], [ 92.0923056, 27.1785973 ], [ 92.092606, 27.1784159 ], [ 92.0928528, 27.1782059 ], [ 92.0930674, 27.177996 ], [ 92.0932068, 27.1777607 ], [ 92.0932605, 27.1774424 ], [ 92.0933034, 27.1770988 ], [ 92.0933249, 27.1768411 ], [ 92.0934, 27.1766598 ], [ 92.0935394, 27.1763925 ], [ 92.0937433, 27.1761921 ], [ 92.0939149, 27.1760298 ], [ 92.0940759, 27.1757626 ], [ 92.094151, 27.1755049 ], [ 92.0941724, 27.1752567 ], [ 92.0941724, 27.1749799 ], [ 92.0942261, 27.1746363 ], [ 92.0943012, 27.1743214 ], [ 92.0943656, 27.1740446 ], [ 92.0943656, 27.1738155 ], [ 92.0942904, 27.1735101 ], [ 92.0942583, 27.1731474 ], [ 92.0943441, 27.1728166 ], [ 92.0944943, 27.1724888 ], [ 92.094666, 27.1722406 ], [ 92.0949664, 27.1719161 ], [ 92.0952346, 27.1716202 ], [ 92.0954384, 27.1711272 ], [ 92.0956423, 27.1705703 ], [ 92.0957818, 27.1701503 ], [ 92.095932, 27.1698448 ], [ 92.0961036, 27.1696444 ], [ 92.0962646, 27.1695332 ], [ 92.0964255, 27.1694568 ], [ 92.096683, 27.1693709 ], [ 92.0969083, 27.1693485 ], [ 92.0973267, 27.169339 ], [ 92.0976271, 27.1693137 ], [ 92.0979383, 27.1692912 ], [ 92.0981743, 27.169339 ], [ 92.0983889, 27.169339 ], [ 92.0986678, 27.1692755 ], [ 92.0988073, 27.1691099 ], [ 92.0988931, 27.1689094 ], [ 92.0989789, 27.1685754 ], [ 92.0990433, 27.1679454 ], [ 92.0990111, 27.1675445 ], [ 92.0989682, 27.1672104 ], [ 92.0989038, 27.1669336 ], [ 92.0989146, 27.166714 ], [ 92.0989897, 27.1665041 ], [ 92.0992794, 27.1661413 ], [ 92.0993866, 27.1659442 ], [ 92.0995261, 27.1656832 ], [ 92.0994939, 27.165152 ], [ 92.0993008, 27.1648847 ], [ 92.099097, 27.1646236 ], [ 92.0990326, 27.1644232 ], [ 92.0990433, 27.1641845 ], [ 92.0991399, 27.1639745 ], [ 92.0993115, 27.1637741 ], [ 92.0995047, 27.163596 ], [ 92.0996441, 27.1633001 ], [ 92.0997192, 27.1630295 ], [ 92.0997514, 27.1627336 ], [ 92.0996656, 27.16239 ], [ 92.099569, 27.1619031 ], [ 92.099569, 27.161674 ], [ 92.099612, 27.1614831 ], [ 92.0997085, 27.1613209 ], [ 92.0998802, 27.1611586 ], [ 92.1001591, 27.1608627 ], [ 92.100363, 27.1606178 ], [ 92.100481, 27.1602804 ], [ 92.1004703, 27.1600322 ], [ 92.1003952, 27.1597458 ], [ 92.1002771, 27.1595167 ], [ 92.1000411, 27.1593162 ], [ 92.0997836, 27.1592017 ], [ 92.0995261, 27.159205 ], [ 92.0992043, 27.1592208 ], [ 92.098936, 27.1593196 ], [ 92.0985605, 27.1594532 ], [ 92.0981636, 27.1594819 ], [ 92.0977773, 27.1594021 ], [ 92.0975413, 27.1592399 ], [ 92.0973589, 27.1589917 ], [ 92.0972731, 27.1587339 ], [ 92.097155, 27.1583425 ], [ 92.0970263, 27.1579798 ], [ 92.0970156, 27.1576968 ], [ 92.0970692, 27.1574548 ], [ 92.0971443, 27.157197 ], [ 92.0973696, 27.1567135 ], [ 92.0977022, 27.1561565 ], [ 92.097949, 27.1559021 ], [ 92.0982601, 27.1557398 ], [ 92.0985498, 27.1556219 ], [ 92.0988287, 27.1556124 ], [ 92.0993437, 27.1557078 ], [ 92.0997085, 27.1557207 ], [ 92.1000089, 27.1556506 ], [ 92.1002235, 27.155536 ], [ 92.1003952, 27.1553642 ], [ 92.1005561, 27.1550587 ], [ 92.1007063, 27.1546673 ], [ 92.1008672, 27.1541613 ], [ 92.1009101, 27.1537986 ], [ 92.100878, 27.153579 ], [ 92.1008887, 27.1533308 ], [ 92.100996, 27.1530826 ], [ 92.1011784, 27.1529394 ], [ 92.1014144, 27.1527962 ], [ 92.101629, 27.152653 ], [ 92.1017792, 27.1524239 ], [ 92.1018006, 27.1522521 ], [ 92.1017899, 27.1520229 ], [ 92.1018221, 27.1518034 ], [ 92.1019508, 27.1516062 ], [ 92.102144, 27.1514311 ], [ 92.1024336, 27.1512592 ], [ 92.1027019, 27.1511447 ], [ 92.1029593, 27.1509728 ], [ 92.1032276, 27.1507375 ], [ 92.103528, 27.1505561 ], [ 92.1038606, 27.150432 ], [ 92.104043, 27.1504096 ], [ 92.1042897, 27.1504382 ], [ 92.1044936, 27.1504859 ], [ 92.1047081, 27.1504702 ], [ 92.1049549, 27.1503714 ], [ 92.1051909, 27.1503714 ], [ 92.1053519, 27.1504034 ], [ 92.1055343, 27.1505241 ], [ 92.1057596, 27.1506993 ], [ 92.1060707, 27.1508583 ], [ 92.106414, 27.1509442 ], [ 92.1067788, 27.1509346 ], [ 92.1070578, 27.150906 ], [ 92.1072509, 27.150833 ], [ 92.107444, 27.1507151 ], [ 92.1076157, 27.150505 ], [ 92.1077659, 27.1502315 ], [ 92.1079483, 27.1499547 ], [ 92.108195, 27.1498654 ], [ 92.1084525, 27.1498401 ], [ 92.1086242, 27.1499036 ], [ 92.108828, 27.1500182 ], [ 92.1089675, 27.1501838 ], [ 92.1090641, 27.1504129 ], [ 92.1091284, 27.1506482 ], [ 92.1091713, 27.1508998 ], [ 92.1092679, 27.1511924 ], [ 92.1093752, 27.1513929 ], [ 92.1094932, 27.1515265 ], [ 92.1097292, 27.1516697 ], [ 92.1099653, 27.1516922 ], [ 92.1102764, 27.151654 ], [ 92.1105339, 27.1515743 ], [ 92.1106841, 27.1514406 ], [ 92.1107914, 27.1512306 ], [ 92.1109201, 27.1509537 ], [ 92.1111025, 27.1507055 ], [ 92.1112635, 27.1505466 ], [ 92.111521, 27.1504478 ], [ 92.1117785, 27.1504129 ], [ 92.1119072, 27.1503618 ], [ 92.1120145, 27.1501995 ], [ 92.1121432, 27.1500468 ], [ 92.1123364, 27.1498941 ], [ 92.1125938, 27.1496745 ], [ 92.1129586, 27.1494644 ], [ 92.1131625, 27.1492353 ], [ 92.1132483, 27.1489871 ], [ 92.1132912, 27.1487198 ], [ 92.1132805, 27.1482997 ], [ 92.1131303, 27.1476315 ], [ 92.1129801, 27.14703 ], [ 92.1129908, 27.1468009 ], [ 92.1130874, 27.1465908 ], [ 92.1132805, 27.1464095 ], [ 92.1135058, 27.1463044 ], [ 92.1137418, 27.1463044 ], [ 92.1140852, 27.1462949 ], [ 92.1144607, 27.1462185 ], [ 92.1147289, 27.1460849 ], [ 92.1149864, 27.1459736 ], [ 92.1152546, 27.1458175 ], [ 92.1155228, 27.1456299 ], [ 92.1158447, 27.1454772 ], [ 92.1160914, 27.1453688 ], [ 92.1164133, 27.1451492 ], [ 92.1168532, 27.1447578 ], [ 92.1170141, 27.1445798 ], [ 92.1171, 27.1443855 ], [ 92.1171, 27.1441754 ], [ 92.1170785, 27.1439272 ], [ 92.1170463, 27.1436312 ], [ 92.1171107, 27.1434499 ], [ 92.1172823, 27.1433195 ], [ 92.1175935, 27.1432685 ], [ 92.1179475, 27.1433544 ], [ 92.1185054, 27.1437172 ], [ 92.1191706, 27.1442041 ], [ 92.1194388, 27.144322 ], [ 92.1196641, 27.1443091 ], [ 92.1198465, 27.1442423 ], [ 92.1199216, 27.1441182 ], [ 92.1199646, 27.1438508 ], [ 92.1199109, 27.1434499 ], [ 92.1197929, 27.1430584 ], [ 92.1197071, 27.1426288 ], [ 92.1195783, 27.1422183 ], [ 92.1192779, 27.1416263 ], [ 92.1191062, 27.1412731 ], [ 92.1190419, 27.1411108 ], [ 92.1190741, 27.1409231 ], [ 92.1191813, 27.1407766 ], [ 92.1196212, 27.1406429 ], [ 92.119868, 27.1405761 ], [ 92.1200933, 27.140347 ], [ 92.1201255, 27.140156 ], [ 92.1200397, 27.1399875 ], [ 92.1199216, 27.1399016 ], [ 92.1196749, 27.1398027 ], [ 92.1194281, 27.1396595 ], [ 92.1192779, 27.1394719 ], [ 92.1191277, 27.1392203 ], [ 92.1189024, 27.1389435 ], [ 92.1185805, 27.1387749 ], [ 92.1182479, 27.138657 ], [ 92.1179797, 27.1385329 ], [ 92.1178081, 27.1383324 ], [ 92.1177115, 27.1380555 ], [ 92.1177115, 27.1378264 ], [ 92.11769, 27.1375877 ], [ 92.1175291, 27.1372855 ], [ 92.1172502, 27.1370946 ], [ 92.1167781, 27.136875 ], [ 92.1163275, 27.1367031 ], [ 92.1159091, 27.1364897 ], [ 92.1157052, 27.1363274 ], [ 92.1155872, 27.1361937 ], [ 92.1156623, 27.13606 ], [ 92.115834, 27.1359775 ], [ 92.1161022, 27.1358533 ], [ 92.1163167, 27.1356781 ], [ 92.1164455, 27.1355001 ], [ 92.116467, 27.1353153 ], [ 92.1163811, 27.1351053 ], [ 92.1161558, 27.1349081 ], [ 92.1157803, 27.134647 ], [ 92.1155657, 27.1343605 ], [ 92.1154906, 27.1341123 ], [ 92.1155765, 27.1337719 ], [ 92.115791, 27.1332181 ], [ 92.1158876, 27.1328137 ], [ 92.1158661, 27.1325784 ], [ 92.1158769, 27.1323397 ], [ 92.1159842, 27.1320594 ], [ 92.116188, 27.1317634 ], [ 92.1163597, 27.1314674 ], [ 92.1164562, 27.1311748 ], [ 92.116424, 27.1307322 ], [ 92.1163597, 27.1301626 ], [ 92.1161558, 27.1293482 ], [ 92.1160378, 27.1288832 ], [ 92.1160163, 27.128632 ], [ 92.1161022, 27.1283838 ], [ 92.1161558, 27.128126 ], [ 92.1161558, 27.1278968 ], [ 92.116188, 27.1275082 ], [ 92.1162309, 27.1272026 ], [ 92.1162202, 27.1269734 ], [ 92.1162953, 27.1267701 ], [ 92.1165206, 27.1265629 ], [ 92.1166493, 27.1264645 ], [ 92.1166172, 27.126305 ], [ 92.1165421, 27.1260921 ], [ 92.116424, 27.1258372 ], [ 92.1162095, 27.1257197 ], [ 92.1161451, 27.1256147 ], [ 92.1161558, 27.1254552 ], [ 92.1162953, 27.1253091 ], [ 92.1164562, 27.1252805 ], [ 92.1166815, 27.1252165 ], [ 92.1167888, 27.1250351 ], [ 92.1167888, 27.1247963 ], [ 92.116703, 27.124612 ], [ 92.1165313, 27.1244497 ], [ 92.1163167, 27.1242998 ], [ 92.1161558, 27.1241346 ], [ 92.1160807, 27.1238863 ], [ 92.1160593, 27.1236285 ], [ 92.1159949, 27.1230269 ], [ 92.1159198, 27.1227595 ], [ 92.1157481, 27.1224377 ], [ 92.1154155, 27.1220625 ], [ 92.1151044, 27.121671 ], [ 92.1149864, 27.1214255 ], [ 92.1149649, 27.1211582 ], [ 92.1150507, 27.1210312 ], [ 92.1152224, 27.1209261 ], [ 92.115437, 27.1208812 ], [ 92.1156516, 27.1208335 ], [ 92.1158232, 27.1207571 ], [ 92.1160378, 27.1206043 ], [ 92.1161665, 27.1204487 ], [ 92.1162631, 27.1202481 ], [ 92.1163275, 27.1199139 ], [ 92.1163489, 27.1195539 ], [ 92.116306, 27.1192865 ], [ 92.1162738, 27.1190478 ], [ 92.1163167, 27.1187804 ], [ 92.116424, 27.1185006 ], [ 92.1166815, 27.118195 ], [ 92.1170463, 27.1178799 ], [ 92.1173253, 27.11773 ], [ 92.1176042, 27.1176507 ], [ 92.1177759, 27.1176058 ], [ 92.1180012, 27.1176058 ], [ 92.1182479, 27.1176794 ], [ 92.118602, 27.11773 ], [ 92.1188702, 27.1177109 ], [ 92.1192886, 27.1175867 ], [ 92.1196534, 27.1174626 ], [ 92.1198036, 27.1173356 ], [ 92.1198358, 27.1172019 ], [ 92.1198251, 27.1169278 ], [ 92.1195461, 27.1163615 ], [ 92.1191921, 27.1159795 ], [ 92.1189668, 27.1157313 ], [ 92.1186234, 27.115419 ], [ 92.118484, 27.1151774 ], [ 92.1183981, 27.1148049 ], [ 92.1183966, 27.1147002 ], [ 92.1183552, 27.1143084 ], [ 92.1182694, 27.1139359 ], [ 92.118087, 27.1135157 ], [ 92.1179797, 27.1132388 ], [ 92.1178939, 27.1129809 ], [ 92.1178617, 27.1127069 ], [ 92.117851, 27.1124395 ], [ 92.1178617, 27.1119496 ], [ 92.1178617, 27.1116277 ], [ 92.1178081, 27.1114654 ], [ 92.1176579, 27.1113097 ], [ 92.1174218, 27.1111378 ], [ 92.1171321, 27.1109946 ], [ 92.1169712, 27.11088 ], [ 92.116821, 27.1107463 ], [ 92.1166064, 27.1104693 ], [ 92.1163275, 27.1102115 ], [ 92.1159949, 27.1098867 ], [ 92.1158232, 27.1096384 ], [ 92.115673, 27.1094092 ], [ 92.1155657, 27.1092182 ], [ 92.1153941, 27.1088104 ], [ 92.1152224, 27.1084542 ], [ 92.1150507, 27.1081582 ], [ 92.1148469, 27.1078144 ], [ 92.1147182, 27.107483 ], [ 92.1146001, 27.1072127 ], [ 92.1144177, 27.1070026 ], [ 92.1142675, 27.1068593 ], [ 92.1140959, 27.1066683 ], [ 92.1140744, 27.1065155 ], [ 92.1142032, 27.1063465 ], [ 92.1142354, 27.1061621 ], [ 92.1141924, 27.1058661 ], [ 92.1140422, 27.1055987 ], [ 92.1137847, 27.1054172 ], [ 92.1135273, 27.1052482 ], [ 92.1131088, 27.104997 ], [ 92.1127011, 27.1047515 ], [ 92.1124758, 27.10472 ], [ 92.1123042, 27.1047487 ], [ 92.1120896, 27.1047773 ], [ 92.1119501, 27.1047229 ], [ 92.1118106, 27.1046178 ], [ 92.1117141, 27.1043762 ], [ 92.1116819, 27.1041499 ], [ 92.1117677, 27.1038156 ], [ 92.111875, 27.1036246 ], [ 92.1120896, 27.103424 ], [ 92.1122934, 27.1032779 ], [ 92.1125311, 27.1031234 ], [ 92.1126797, 27.1028672 ], [ 92.1129157, 27.1025902 ], [ 92.1131196, 27.1023257 ], [ 92.1131839, 27.1020745 ], [ 92.1131625, 27.1017622 ], [ 92.1130766, 27.1014346 ], [ 92.112905, 27.1012054 ], [ 92.1126475, 27.1010459 ], [ 92.1122934, 27.1009284 ], [ 92.1119501, 27.1008357 ], [ 92.1116712, 27.1007469 ], [ 92.1114995, 27.100575 ], [ 92.1114137, 27.1003744 ], [ 92.1114029, 27.100129 ], [ 92.1115531, 27.0997345 ], [ 92.1117355, 27.0993907 ], [ 92.1119394, 27.0990879 ], [ 92.1120467, 27.0988683 ], [ 92.1119823, 27.0986772 ], [ 92.1117999, 27.0984833 ], [ 92.1115317, 27.0983429 ], [ 92.1110703, 27.0980822 ], [ 92.1106412, 27.0977766 ], [ 92.1103193, 27.0975282 ], [ 92.1101262, 27.0972417 ], [ 92.1099653, 27.0968788 ], [ 92.1099331, 27.0966591 ], [ 92.1100082, 27.0964107 ], [ 92.1101262, 27.0961815 ], [ 92.1104052, 27.0959742 ], [ 92.1108129, 27.0957928 ], [ 92.1111133, 27.0956657 ], [ 92.1115102, 27.0954461 ], [ 92.1117677, 27.0952455 ], [ 92.1119072, 27.0950162 ], [ 92.1119823, 27.0947135 ], [ 92.111875, 27.094319 ], [ 92.1117141, 27.0940325 ], [ 92.1114244, 27.0938128 ], [ 92.1111669, 27.0937106 ], [ 92.1107592, 27.0935577 ], [ 92.110491, 27.0933447 ], [ 92.1103408, 27.0931442 ], [ 92.1101477, 27.0929818 ], [ 92.1098794, 27.0928672 ], [ 92.1096541, 27.0927717 ], [ 92.1094825, 27.0925711 ], [ 92.1093966, 27.0922683 ], [ 92.1094396, 27.092039 ], [ 92.1094503, 27.0917878 ], [ 92.1094396, 27.0915137 ], [ 92.109343, 27.0913103 ], [ 92.1091821, 27.0911192 ], [ 92.1089031, 27.0909884 ], [ 92.1085813, 27.0908995 ], [ 92.1083989, 27.0907563 ], [ 92.1083881, 27.0905872 ], [ 92.1084847, 27.0904344 ], [ 92.1085276, 27.0901574 ], [ 92.1084096, 27.0899253 ], [ 92.1082272, 27.0896291 ], [ 92.1079912, 27.0893426 ], [ 92.10768, 27.089142 ], [ 92.1074011, 27.0888937 ], [ 92.1071651, 27.088674 ], [ 92.1068646, 27.0884638 ], [ 92.1064355, 27.0883014 ], [ 92.1062316, 27.0881773 ], [ 92.1059849, 27.0879576 ], [ 92.1058132, 27.087585 ] ] } },
{ "type": "Feature", "properties": { "osm_id": 338492395, "tags": { "waterway": "stream" }, "inside_district": true }, "geometry": { "type": "LineString", "coordinates": [ [ 92.1567425, 27.0712883 ], [ 92.1560452, 27.0712023 ], [ 92.1557018, 27.0711545 ], [ 92.1552727, 27.0711068 ], [ 92.1549723, 27.0711068 ], [ 92.1547255, 27.0711641 ], [ 92.1543822, 27.0712692 ], [ 92.1540705, 27.0714259 ], [ 92.1537272, 27.0716265 ], [ 92.1534917, 27.0716991 ], [ 92.1532342, 27.0718233 ], [ 92.1530089, 27.0719857 ], [ 92.1527729, 27.0722341 ], [ 92.1524081, 27.0725016 ], [ 92.152054, 27.0726162 ], [ 92.1516141, 27.0726735 ], [ 92.151185, 27.0727308 ], [ 92.1508524, 27.0727595 ], [ 92.1504769, 27.0728168 ], [ 92.1502516, 27.0728837 ], [ 92.1499834, 27.0729983 ], [ 92.149683, 27.0730939 ], [ 92.1493289, 27.0731798 ], [ 92.1489641, 27.0731798 ], [ 92.1486095, 27.0731263 ], [ 92.1481809, 27.0730748 ], [ 92.1478805, 27.0730557 ], [ 92.1476445, 27.0730652 ], [ 92.1472904, 27.0731416 ], [ 92.1470329, 27.0731703 ], [ 92.1467969, 27.0731321 ], [ 92.1464536, 27.0730652 ], [ 92.146121, 27.0729697 ], [ 92.1458522, 27.0728111 ], [ 92.1456489, 27.0727404 ], [ 92.1454129, 27.0726353 ], [ 92.1450374, 27.0725971 ], [ 92.1445868, 27.0725684 ], [ 92.1441469, 27.0725589 ], [ 92.1437714, 27.0725207 ], [ 92.1434924, 27.0725016 ], [ 92.1430525, 27.072492 ], [ 92.1426341, 27.0725111 ], [ 92.1422157, 27.0725971 ], [ 92.14169, 27.0726162 ], [ 92.1413037, 27.0726162 ], [ 92.1408638, 27.0725684 ], [ 92.140424, 27.0725016 ], [ 92.140027, 27.0723774 ], [ 92.1396724, 27.0721997 ], [ 92.1393505, 27.0719895 ], [ 92.1390829, 27.0718137 ], [ 92.1388468, 27.0717564 ], [ 92.1385357, 27.0716991 ], [ 92.1383211, 27.0715844 ], [ 92.1380958, 27.0713647 ], [ 92.1377954, 27.0711641 ], [ 92.1375803, 27.0709673 ], [ 92.137355, 27.070824 ], [ 92.1370546, 27.0706616 ], [ 92.1368405, 27.0704571 ], [ 92.136583, 27.0701992 ], [ 92.1363577, 27.0699795 ], [ 92.1361217, 27.0697406 ], [ 92.1359286, 27.0695209 ], [ 92.135692, 27.0693241 ], [ 92.1354458, 27.0691005 ], [ 92.1352205, 27.0688808 ], [ 92.1350274, 27.0686133 ], [ 92.1347055, 27.0682885 ], [ 92.1344802, 27.0681165 ], [ 92.134212, 27.0680496 ], [ 92.1340403, 27.0680496 ], [ 92.1338043, 27.0681261 ], [ 92.1335361, 27.0681929 ], [ 92.1332678, 27.0682025 ], [ 92.133042, 27.0681586 ], [ 92.1328923, 27.068021 ], [ 92.1326879, 27.0678719 ], [ 92.1324632, 27.0678012 ], [ 92.1323344, 27.0677153 ], [ 92.1322761, 27.0675803 ] ] } },
{ "type": "Feature", "properties": { "osm_id": 338492402, "tags": { "waterway": "stream" }, "inside_district": true }, "geometry": { "type": "LineString", "coordinates": [ [ 92.1526811, 27.081466 ], [ 92.1523593, 27.081423 ], [ 92.1521018, 27.0813466 ], [ 92.1518711, 27.0811938 ], [ 92.1516619, 27.0809884 ], [ 92.1514741, 27.0807926 ], [ 92.1513668, 27.0806015 ], [ 92.1510664, 27.0803675 ], [ 92.1508366, 27.0802822 ], [ 92.1505461, 27.0801191 ], [ 92.1502725, 27.0799997 ], [ 92.1499131, 27.0799328 ], [ 92.1495698, 27.0798707 ], [ 92.1491897, 27.0797329 ], [ 92.1489107, 27.0795849 ], [ 92.1486318, 27.0794846 ], [ 92.1481705, 27.0794225 ], [ 92.1478486, 27.0794225 ], [ 92.1476225, 27.0794026 ], [ 92.1473704, 27.0793406 ], [ 92.1471397, 27.0791829 ], [ 92.1469313, 27.0790308 ], [ 92.1467427, 27.0787149 ], [ 92.1466032, 27.0785859 ], [ 92.1463305, 27.0784959 ], [ 92.1460837, 27.0784672 ], [ 92.1456438, 27.0784099 ], [ 92.1454231, 27.0783423 ], [ 92.1451012, 27.0782993 ], [ 92.1448598, 27.078156 ], [ 92.1446721, 27.0780939 ], [ 92.1444744, 27.0780946 ], [ 92.1439862, 27.0780708 ], [ 92.1435616, 27.0780748 ], [ 92.14317, 27.0781082 ], [ 92.1428329, 27.0781758 ], [ 92.1424681, 27.0781997 ], [ 92.1422366, 27.0781608 ], [ 92.142081, 27.0781274 ], [ 92.1419147, 27.078027 ], [ 92.1417967, 27.0779029 ], [ 92.1416626, 27.0778264 ], [ 92.1414864, 27.0777937 ], [ 92.1411967, 27.0778224 ], [ 92.1409231, 27.0778892 ], [ 92.1406066, 27.0779227 ], [ 92.140241, 27.0779411 ], [ 92.1399084, 27.0779411 ], [ 92.139608, 27.0779602 ], [ 92.139254, 27.0779554 ], [ 92.139018, 27.0778981 ], [ 92.1387283, 27.0778026 ], [ 92.1384869, 27.0777118 ], [ 92.1382409, 27.0776361 ], [ 92.1379727, 27.0775788 ], [ 92.1376508, 27.0774785 ], [ 92.137414, 27.0773822 ], [ 92.137237, 27.0772294 ], [ 92.13705, 27.0770868 ], [ 92.1364868, 27.0768671 ], [ 92.1360844, 27.076762 ], [ 92.1358377, 27.0766951 ], [ 92.135607, 27.0766139 ], [ 92.1353388, 27.0764659 ], [ 92.1351242, 27.0763608 ], [ 92.1349901, 27.0762939 ], [ 92.1348989, 27.0761888 ], [ 92.1347058, 27.0760455 ], [ 92.1345717, 27.0759834 ], [ 92.1344107, 27.0758831 ], [ 92.1341532, 27.0756969 ], [ 92.1339065, 27.0755153 ], [ 92.1335417, 27.0752049 ], [ 92.1333915, 27.0750472 ], [ 92.1331662, 27.0749135 ], [ 92.133016, 27.0747798 ], [ 92.1328282, 27.0746365 ], [ 92.1326673, 27.0744836 ], [ 92.1324903, 27.0742878 ], [ 92.1324358, 27.0741151 ], [ 92.1323293, 27.0739152 ], [ 92.132265, 27.0737241 ], [ 92.1322059, 27.0734805 ], [ 92.1321094, 27.0731271 ], [ 92.132045, 27.0729312 ], [ 92.1319216, 27.0728166 ], [ 92.1317285, 27.0727593 ], [ 92.1315354, 27.0727354 ], [ 92.131294, 27.0726972 ], [ 92.1310741, 27.0726542 ], [ 92.130838, 27.0725969 ], [ 92.1306771, 27.0724774 ], [ 92.1305322, 27.0723246 ], [ 92.1303874, 27.0722147 ], [ 92.1301675, 27.0721526 ], [ 92.1299529, 27.0721287 ], [ 92.1296632, 27.0720762 ], [ 92.1293843, 27.0719902 ], [ 92.1292019, 27.0719472 ], [ 92.128998, 27.0718756 ], [ 92.1288266, 27.0717878 ] ] } },
{ "type": "Feature", "properties": { "osm_id": 338493976, "tags": { "waterway": "stream" }, "inside_district": true }, "geometry": { "type": "LineString", "coordinates": [ [ 92.1134576, 27.0655702 ], [ 92.113511, 27.0657708 ], [ 92.1135485, 27.0659571 ], [ 92.1135914, 27.0661578 ], [ 92.1136504, 27.0663393 ], [ 92.1137194, 27.0665249 ], [ 92.1137676, 27.0666968 ], [ 92.1137837, 27.0668927 ], [ 92.1137945, 27.0672414 ], [ 92.1138535, 27.0674707 ], [ 92.1139608, 27.0677095 ], [ 92.1140305, 27.0679388 ], [ 92.1141118, 27.0681497 ], [ 92.1142137, 27.0684172 ], [ 92.1142512, 27.0686417 ], [ 92.1143049, 27.0688232 ], [ 92.114406, 27.0691235 ], [ 92.1145401, 27.069305 ], [ 92.1146474, 27.0694387 ], [ 92.1147332, 27.0695964 ], [ 92.1147716, 27.0697213 ], [ 92.1147815, 27.0699212 ], [ 92.1147171, 27.0703224 ], [ 92.1147126, 27.0705477 ], [ 92.1147064, 27.0707237 ], [ 92.1147072, 27.0709155 ], [ 92.1147279, 27.0710724 ], [ 92.114744, 27.0712682 ], [ 92.114803, 27.0714545 ], [ 92.1148396, 27.0715789 ], [ 92.1148735, 27.0716941 ], [ 92.1149862, 27.0718756 ], [ 92.1150819, 27.0719608 ], [ 92.1151793, 27.071995 ], [ 92.1153241, 27.0719998 ], [ 92.1154529, 27.0720046 ], [ 92.1155602, 27.0720619 ], [ 92.1156559, 27.0721471 ], [ 92.1157425, 27.0722004 ], [ 92.1158544, 27.072214 ], [ 92.1159947, 27.0722529 ], [ 92.1161502, 27.072315 ], [ 92.1163157, 27.0723716 ], [ 92.1164453, 27.0723819 ], [ 92.116676, 27.0724249 ], [ 92.1168262, 27.0724918 ], [ 92.1170032, 27.0725969 ], [ 92.1170828, 27.0727585 ], [ 92.1170989, 27.0729544 ], [ 92.1171258, 27.0730929 ], [ 92.1171641, 27.0732226 ], [ 92.117217, 27.0733508 ], [ 92.1173358, 27.0734614 ], [ 92.1174423, 27.073561 ], [ 92.1176139, 27.0737425 ], [ 92.1177588, 27.0739002 ], [ 92.1178661, 27.0740482 ], [ 92.1181235, 27.0743157 ], [ 92.118322, 27.0745068 ], [ 92.1184561, 27.0746357 ], [ 92.1185911, 27.0748036 ], [ 92.1186876, 27.0749947 ], [ 92.118811, 27.0752813 ], [ 92.1188692, 27.0754716 ], [ 92.1189121, 27.0756866 ], [ 92.1189765, 27.075892 ], [ 92.1190301, 27.07604 ], [ 92.119116, 27.0761356 ], [ 92.1192455, 27.0762079 ], [ 92.1193359, 27.0762359 ], [ 92.119562, 27.0762939 ], [ 92.1197083, 27.0763259 ], [ 92.1198324, 27.0763422 ], [ 92.1200008, 27.0764059 ], [ 92.1202156, 27.0764266 ], [ 92.120626, 27.076399 ], [ 92.1208992, 27.0763583 ], [ 92.121205, 27.0764404 ], [ 92.1214758, 27.0765894 ], [ 92.1218413, 27.076895 ] ] } },
{ "type": "Feature", "properties": { "osm_id": 338834487, "tags": { "waterway": "stream" }, "inside_district": true }, "geometry": { "type": "LineString", "coordinates": [ [ 92.1259618, 26.9823102 ], [ 92.1256185, 26.981966 ], [ 92.1255005, 26.9817461 ], [ 92.1255112, 26.9815357 ], [ 92.1257258, 26.9813541 ], [ 92.1260154, 26.9811915 ], [ 92.1261549, 26.981029 ], [ 92.1261978, 26.9808569 ], [ 92.1261442, 26.9806657 ], [ 92.1259511, 26.9804745 ], [ 92.1256507, 26.9802832 ], [ 92.1254575, 26.9800825 ], [ 92.1253503, 26.9799008 ], [ 92.1253503, 26.9797191 ], [ 92.1254989, 26.9795762 ], [ 92.1257885, 26.9794423 ], [ 92.1261657, 26.9793654 ], [ 92.1265412, 26.9792889 ], [ 92.1268292, 26.9792033 ], [ 92.1270438, 26.9791555 ], [ 92.1273458, 26.9789734 ], [ 92.1275604, 26.9788204 ], [ 92.1278608, 26.9786005 ], [ 92.1280217, 26.9784188 ], [ 92.1282793, 26.9783564 ], [ 92.1284783, 26.9780643 ], [ 92.1284189, 26.9777536 ], [ 92.1283863, 26.9775828 ], [ 92.1286095, 26.977169 ], [ 92.1287707, 26.9769883 ], [ 92.1287397, 26.9765847 ], [ 92.1288693, 26.9764205 ], [ 92.1290088, 26.9762675 ], [ 92.1290195, 26.9761432 ], [ 92.129093, 26.9759907 ], [ 92.1292556, 26.9758755 ], [ 92.1293307, 26.9757894 ], [ 92.1293934, 26.9756273 ], [ 92.1294578, 26.975503 ], [ 92.1296096, 26.9753783 ], [ 92.1298135, 26.9752827 ], [ 92.1300066, 26.9751297 ], [ 92.1302533, 26.9749193 ], [ 92.1303821, 26.9748141 ], [ 92.130543, 26.9747281 ], [ 92.1307683, 26.9746229 ], [ 92.1309169, 26.97448 ], [ 92.1310473, 26.9742022 ], [ 92.1311653, 26.9739345 ], [ 92.1313783, 26.9737246 ], [ 92.1315285, 26.973629 ], [ 92.1318836, 26.9735137 ], [ 92.1321722, 26.973409 ], [ 92.1324093, 26.973323 ], [ 92.1327408, 26.9732083 ], [ 92.1329565, 26.9731891 ], [ 92.1332236, 26.9731796 ], [ 92.1334811, 26.9732465 ], [ 92.1336957, 26.9732847 ], [ 92.1339864, 26.973323 ], [ 92.1340712, 26.9734377 ], [ 92.1340927, 26.9736481 ], [ 92.1342214, 26.9738106 ], [ 92.1344049, 26.9739727 ], [ 92.1346516, 26.9741066 ], [ 92.1348555, 26.9741544 ], [ 92.1350368, 26.9741166 ], [ 92.1352739, 26.9740492 ], [ 92.1354123, 26.9740497 ], [ 92.1355636, 26.9741161 ], [ 92.1357996, 26.9742118 ], [ 92.136056, 26.97426 ], [ 92.1363897, 26.9742882 ], [ 92.1366365, 26.97425 ], [ 92.1368403, 26.9742213 ], [ 92.1372362, 26.9741453 ], [ 92.1375591, 26.9739823 ], [ 92.1378907, 26.9736768 ], [ 92.1382136, 26.9733612 ], [ 92.1384164, 26.9730553 ], [ 92.1387704, 26.9726537 ], [ 92.1388359, 26.9724051 ], [ 92.1388681, 26.9721182 ], [ 92.138911, 26.9717262 ], [ 92.1388359, 26.9713437 ], [ 92.1387393, 26.9708847 ], [ 92.1387071, 26.970703 ], [ 92.1386964, 26.9704831 ], [ 92.1387286, 26.9703397 ], [ 92.1388573, 26.9701485 ], [ 92.139029, 26.9699859 ], [ 92.1393176, 26.9698616 ], [ 92.1395536, 26.9698616 ], [ 92.139854, 26.9699285 ], [ 92.1401759, 26.9700528 ], [ 92.1405847, 26.9702536 ], [ 92.1408744, 26.9703971 ], [ 92.1412069, 26.9706839 ], [ 92.141517, 26.9710282 ], [ 92.1417852, 26.9712863 ], [ 92.1420642, 26.9714871 ], [ 92.1423002, 26.9716784 ], [ 92.1425577, 26.9718887 ], [ 92.1427508, 26.9720035 ], [ 92.1429332, 26.9720704 ], [ 92.1430834, 26.9720608 ], [ 92.1433527, 26.9719652 ], [ 92.1435984, 26.9717931 ], [ 92.1439954, 26.9714776 ], [ 92.1443505, 26.9712194 ], [ 92.1445962, 26.9709803 ], [ 92.1450264, 26.9705118 ], [ 92.145315, 26.9703397 ], [ 92.1456701, 26.9701485 ], [ 92.1458954, 26.970072 ], [ 92.146227, 26.9699285 ], [ 92.1464415, 26.969852 ], [ 92.1468707, 26.9698042 ], [ 92.1472569, 26.9697277 ], [ 92.1476754, 26.9695843 ], [ 92.147847, 26.9694026 ], [ 92.1480519, 26.969154 ], [ 92.1481582, 26.9689628 ], [ 92.1483523, 26.9687237 ], [ 92.1485229, 26.9685994 ], [ 92.1487482, 26.9684847 ], [ 92.1489961, 26.9684655 ], [ 92.1492632, 26.9684655 ], [ 92.149554, 26.9684942 ], [ 92.1497889, 26.9684942 ], [ 92.1500893, 26.968456 ], [ 92.1503039, 26.9683125 ], [ 92.1505507, 26.9680735 ], [ 92.1507663, 26.9679492 ], [ 92.1509702, 26.9678057 ], [ 92.151173, 26.9677101 ], [ 92.1513993, 26.9676241 ], [ 92.1516648, 26.9675352 ], [ 92.1517577, 26.967481 ], [ 92.1518829, 26.9673195 ], [ 92.1522915, 26.9668369 ], [ 92.1524367, 26.9667323 ], [ 92.1526173, 26.9666827 ], [ 92.1529424, 26.966339 ], [ 92.1530762, 26.9661349 ], [ 92.1531121, 26.9659277 ], [ 92.1531578, 26.9657997 ], [ 92.1532876, 26.965549 ], [ 92.1534485, 26.9652526 ], [ 92.153588, 26.9649657 ], [ 92.1536942, 26.9647745 ], [ 92.1537811, 26.9645259 ] ] } },
{ "type": "Feature", "properties": { "osm_id": 338834489, "tags": { "name": "Bhairabi River", "name:en": "Bhairabi River", "ref": "STR20", "waterway": "river" }, "inside_district": true }, "geometry": { "type": "LineString", "coordinates": [ [ 92.1262829, 26.9226378 ], [ 92.1265554, 26.9184126 ], [ 92.1255321, 26.9135796 ], [ 92.1248926, 26.9109848 ], [ 92.1213431, 26.9076343 ], [ 92.1210694, 26.9070406 ], [ 92.120887, 26.9061891 ], [ 92.1218526, 26.9040556 ], [ 92.1214557, 26.9023334 ], [ 92.1203613, 26.9003433 ], [ 92.1197927, 26.8999701 ], [ 92.1181887, 26.8985732 ], [ 92.1176255, 26.8976403 ], [ 92.1168101, 26.896272 ], [ 92.1164346, 26.8958032 ], [ 92.1161395, 26.8946598 ], [ 92.1160322, 26.8940235 ], [ 92.1159853, 26.893758 ] ] } },
{ "type": "Feature", "properties": { "osm_id": 338840684, "tags": { "waterway": "stream" }, "inside_district": true }, "geometry": { "type": "LineString", "coordinates": [ [ 92.1440506, 27.0444637 ], [ 92.1437819, 27.0441622 ], [ 92.1435984, 27.043962 ], [ 92.1433624, 27.0437613 ], [ 92.1430201, 27.0435697 ], [ 92.142312, 27.0431397 ], [ 92.1416576, 27.0427957 ], [ 92.1412606, 27.042681 ], [ 92.1409495, 27.0425759 ], [ 92.1405954, 27.0424804 ], [ 92.1402725, 27.0423853 ], [ 92.1399731, 27.0422128 ], [ 92.1396287, 27.0419457 ], [ 92.1394152, 27.0416108 ], [ 92.1391352, 27.0412386 ], [ 92.1388026, 27.0409232 ], [ 92.1385237, 27.0406652 ], [ 92.1379872, 27.0403308 ], [ 92.1375699, 27.0401009 ], [ 92.1371407, 27.0398525 ], [ 92.1368296, 27.0395467 ], [ 92.1363028, 27.0389451 ], [ 92.1359809, 27.0383526 ], [ 92.1357985, 27.0380468 ], [ 92.1356494, 27.0377214 ], [ 92.1353812, 27.037387 ], [ 92.1351548, 27.0371581 ], [ 92.1348984, 27.0370047 ], [ 92.1344789, 27.0368332 ], [ 92.1338459, 27.0364032 ], [ 92.1335991, 27.0362216 ], [ 92.1332343, 27.0359253 ], [ 92.1327848, 27.0355999 ], [ 92.1325008, 27.0352753 ], [ 92.1322741, 27.0350891 ], [ 92.1320823, 27.0349647 ], [ 92.1317645, 27.034812 ], [ 92.1316264, 27.0347831 ], [ 92.1314332, 27.0347783 ], [ 92.1312012, 27.034812 ], [ 92.1309384, 27.034855 ], [ 92.1306393, 27.0349217 ], [ 92.130418, 27.0349649 ], [ 92.1301941, 27.0349742 ], [ 92.1300479, 27.0349649 ], [ 92.1298886, 27.0349456 ], [ 92.1297475, 27.0349649 ], [ 92.1296633, 27.0350077 ], [ 92.1296134, 27.0351083 ], [ 92.129549, 27.0351943 ], [ 92.1294648, 27.0352944 ], [ 92.1293521, 27.0354138 ], [ 92.1292234, 27.0354568 ], [ 92.1291, 27.0354712 ], [ 92.1289551, 27.0354712 ], [ 92.1287872, 27.035438 ], [ 92.1286585, 27.0353902 ], [ 92.1284831, 27.0353374 ], [ 92.128349, 27.0352848 ], [ 92.1281612, 27.03528 ], [ 92.1278592, 27.0353806 ], [ 92.1276999, 27.0354616 ], [ 92.1276232, 27.0355431 ], [ 92.1275604, 27.035648 ], [ 92.1274692, 27.0357149 ], [ 92.1273281, 27.0357485 ], [ 92.1271903, 27.0357387 ], [ 92.1270883, 27.0357483 ], [ 92.1269596, 27.0357961 ], [ 92.1268416, 27.0358869 ], [ 92.1267343, 27.0359442 ], [ 92.1266039, 27.0359349 ], [ 92.1264553, 27.0358391 ], [ 92.1263427, 27.035777 ], [ 92.1262354, 27.0357722 ], [ 92.1261281, 27.0357483 ], [ 92.1259977, 27.0356816 ], [ 92.1258652, 27.0356193 ], [ 92.1257365, 27.0356193 ], [ 92.1256276, 27.0356243 ], [ 92.1254039, 27.0355954 ], [ 92.1252591, 27.0355906 ], [ 92.1251196, 27.0356336 ], [ 92.1249839, 27.0356769 ], [ 92.1248444, 27.0357342 ], [ 92.1247173, 27.0357626 ], [ 92.1245671, 27.0357435 ], [ 92.1244383, 27.0357435 ], [ 92.1242666, 27.0357292 ], [ 92.1241433, 27.0357005 ], [ 92.1240306, 27.035648 ], [ 92.1239485, 27.0355813 ], [ 92.1238482, 27.0354712 ], [ 92.1237876, 27.0353758 ], [ 92.123691, 27.0352994 ], [ 92.1235693, 27.0351606 ], [ 92.1234067, 27.0350461 ], [ 92.1232581, 27.0349695 ], [ 92.1230328, 27.034936 ], [ 92.1229132, 27.0349028 ], [ 92.1227968, 27.0348452 ], [ 92.1226359, 27.0348118 ], [ 92.1225109, 27.0347929 ], [ 92.1223982, 27.0347547 ], [ 92.1222979, 27.034721 ], [ 92.1222013, 27.0346541 ], [ 92.1220833, 27.0345776 ], [ 92.1219852, 27.0345301 ], [ 92.1218081, 27.0345492 ], [ 92.1216971, 27.034549 ], [ 92.1215737, 27.0345872 ], [ 92.1214879, 27.0345824 ], [ 92.121386, 27.0345585 ], [ 92.1212894, 27.0346015 ], [ 92.1212073, 27.0345827 ], [ 92.1211124, 27.0345776 ], [ 92.1210212, 27.0346302 ], [ 92.1208924, 27.0347066 ], [ 92.1207476, 27.0347162 ], [ 92.1206065, 27.0346687 ], [ 92.1204901, 27.0346111 ], [ 92.1204096, 27.034549 ], [ 92.1203292, 27.0344868 ], [ 92.120231, 27.0344584 ], [ 92.1200663, 27.0344152 ], [ 92.119959, 27.0343292 ], [ 92.1198035, 27.034267 ], [ 92.119664, 27.0342336 ], [ 92.119539, 27.0342434 ], [ 92.1194639, 27.0342338 ], [ 92.1192869, 27.0342338 ], [ 92.1191597, 27.0342623 ], [ 92.1190347, 27.0343103 ], [ 92.1189559, 27.0343626 ], [ 92.1188792, 27.034382 ], [ 92.1187628, 27.0343817 ], [ 92.1186662, 27.0343435 ], [ 92.1185305, 27.0342864 ], [ 92.1184178, 27.0342482 ], [ 92.1183052, 27.0342386 ], [ 92.1181673, 27.0342479 ], [ 92.1180493, 27.0342862 ], [ 92.1179796, 27.0343483 ], [ 92.1178723, 27.0344247 ], [ 92.1177956, 27.0344584 ], [ 92.1176791, 27.0344725 ], [ 92.1175879, 27.0345203 ], [ 92.1174217, 27.0345967 ], [ 92.1173305, 27.0346206 ], [ 92.1171642, 27.0346493 ], [ 92.116912, 27.0347305 ], [ 92.1168101, 27.0347497 ], [ 92.1166921, 27.034721 ], [ 92.1165741, 27.0346541 ], [ 92.1164974, 27.0346304 ], [ 92.1164185, 27.0345585 ], [ 92.1163273, 27.0345107 ], [ 92.1162184, 27.0345062 ], [ 92.1161272, 27.0344966 ], [ 92.1159663, 27.0345014 ], [ 92.1158536, 27.0344919 ], [ 92.1157694, 27.034463 ], [ 92.1157088, 27.0344154 ], [ 92.1156192, 27.0344008 ], [ 92.1155119, 27.03442 ], [ 92.1154368, 27.0344343 ], [ 92.1153108, 27.0344464 ], [ 92.115131, 27.0344201 ], [ 92.1150318, 27.0343914 ], [ 92.1149352, 27.034358 ], [ 92.1147985, 27.0343436 ], [ 92.1146949, 27.0343079 ], [ 92.1145973, 27.0342361 ], [ 92.1145125, 27.0341932 ], [ 92.1143881, 27.0341788 ], [ 92.1143022, 27.0341764 ], [ 92.1141933, 27.0341311 ], [ 92.1140914, 27.0340427 ], [ 92.1140083, 27.033885 ], [ 92.1139251, 27.033725 ], [ 92.1138758, 27.0335719 ], [ 92.1138178, 27.0334645 ], [ 92.1137443, 27.0333951 ], [ 92.1135818, 27.0333164 ], [ 92.1134895, 27.0332518 ], [ 92.1133645, 27.0330942 ], [ 92.1132535, 27.032934 ], [ 92.1131526, 27.0328051 ], [ 92.1130577, 27.032719 ], [ 92.1129558, 27.0326664 ], [ 92.1128646, 27.0326808 ], [ 92.1127557, 27.0326904 ], [ 92.1126661, 27.0326425 ], [ 92.1126055, 27.0325734 ], [ 92.1125331, 27.0324898 ], [ 92.1123362, 27.0323316 ], [ 92.1121538, 27.0322647 ], [ 92.1118534, 27.0322647 ], [ 92.1117139, 27.0322647 ], [ 92.1113813, 27.0322647 ], [ 92.1110702, 27.0322456 ], [ 92.1107483, 27.0321691 ], [ 92.1104264, 27.0321309 ], [ 92.1100939, 27.0321691 ], [ 92.1097613, 27.0322647 ], [ 92.1091926, 27.0323507 ], [ 92.1088171, 27.0323316 ], [ 92.1085167, 27.0322551 ], [ 92.1082592, 27.0321596 ], [ 92.1080125, 27.0320067 ], [ 92.1077013, 27.0319302 ], [ 92.1074975, 27.0319302 ], [ 92.10724, 27.0320162 ], [ 92.1069825, 27.0321978 ], [ 92.1066606, 27.0323411 ], [ 92.1063388, 27.0324176 ], [ 92.1060813, 27.0323985 ], [ 92.1056934, 27.0322938 ], [ 92.1052766, 27.0321213 ], [ 92.104944, 27.0319493 ], [ 92.1045363, 27.0316722 ], [ 92.104127, 27.0314337 ], [ 92.1036029, 27.0311752 ], [ 92.103163, 27.0311083 ], [ 92.1027768, 27.0311083 ], [ 92.1023154, 27.0311274 ], [ 92.1019829, 27.0311179 ], [ 92.1015859, 27.0310701 ], [ 92.1011675, 27.0309936 ], [ 92.1008241, 27.0308598 ], [ 92.1004272, 27.0306592 ], [ 92.0999766, 27.030382 ], [ 92.0996547, 27.0299806 ], [ 92.0992577, 27.0296461 ], [ 92.0989573, 27.029369 ], [ 92.0986998, 27.0291778 ], [ 92.0984316, 27.0290058 ], [ 92.0980561, 27.0289389 ], [ 92.0976377, 27.0289294 ], [ 92.0972407, 27.0289867 ], [ 92.0968437, 27.0291014 ], [ 92.0965004, 27.0293212 ], [ 92.0962215, 27.0295983 ], [ 92.095964, 27.029885 ], [ 92.0956941, 27.0301531 ], [ 92.0952344, 27.030382 ], [ 92.0946336, 27.0305923 ], [ 92.0940972, 27.0306114 ] ] } },
{ "type": "Feature", "properties": { "osm_id": 338869140, "tags": { "waterway": "stream" }, "inside_district": true }, "geometry": { "type": "LineString", "coordinates": [ [ 92.1574946, 26.9451375 ], [ 92.1573229, 26.9449749 ], [ 92.1571451, 26.9448494 ], [ 92.1569037, 26.9448446 ], [ 92.156453, 26.944902 ], [ 92.1561481, 26.9449797 ], [ 92.1558898, 26.9450789 ], [ 92.1556492, 26.9452331 ], [ 92.1554875, 26.9453993 ], [ 92.1553971, 26.9455296 ], [ 92.1552308, 26.9457783 ], [ 92.155128, 26.9460401 ], [ 92.1550422, 26.9462553 ], [ 92.1550698, 26.9463999 ], [ 92.1550698, 26.9466295 ], [ 92.1549143, 26.9467347 ], [ 92.1548115, 26.9469104 ], [ 92.1547909, 26.9470551 ], [ 92.1546943, 26.9471938 ], [ 92.1543725, 26.9472703 ], [ 92.154174, 26.9472368 ], [ 92.1540023, 26.947189 ], [ 92.1538682, 26.947079 ], [ 92.153626, 26.9470348 ], [ 92.1534498, 26.9469642 ], [ 92.1532719, 26.9467335 ], [ 92.1531432, 26.9464322 ], [ 92.1530896, 26.946174 ], [ 92.1530466, 26.9458966 ], [ 92.1529286, 26.9457006 ], [ 92.1527999, 26.9455954 ], [ 92.1525907, 26.9454997 ], [ 92.1523224, 26.9454663 ], [ 92.152065, 26.9454854 ], [ 92.1518504, 26.9455523 ], [ 92.1516581, 26.9457305 ], [ 92.1515714, 26.9459062 ], [ 92.1515178, 26.9461501 ], [ 92.1514641, 26.9464848 ], [ 92.1513684, 26.9467777 ], [ 92.151186, 26.9470455 ], [ 92.1509438, 26.9473217 ], [ 92.1507346, 26.9474843 ], [ 92.15052, 26.947556 ], [ 92.1502204, 26.9475381 ], [ 92.1499675, 26.9474508 ], [ 92.1497483, 26.9472942 ], [ 92.1496081, 26.9471352 ], [ 92.1494632, 26.9467191 ], [ 92.1492808, 26.9463462 ], [ 92.1491253, 26.9460736 ], [ 92.1490072, 26.9457532 ], [ 92.1489008, 26.9454866 ], [ 92.1487827, 26.9453144 ], [ 92.1486862, 26.9452523 ], [ 92.1485513, 26.9452176 ], [ 92.1483689, 26.9452415 ], [ 92.1482133, 26.9453324 ], [ 92.1480416, 26.9454519 ], [ 92.1478646, 26.9455571 ], [ 92.1476822, 26.9455523 ], [ 92.1476133, 26.9454531 ], [ 92.1475167, 26.9453192 ], [ 92.1473604, 26.9452893 ], [ 92.1471887, 26.9452989 ], [ 92.1470975, 26.9454041 ], [ 92.147076, 26.9455141 ], [ 92.1470715, 26.9456635 ], [ 92.1469634, 26.9457723 ], [ 92.146781, 26.9458058 ], [ 92.1464438, 26.9457831 ], [ 92.1461971, 26.9457831 ], [ 92.1460415, 26.9458118 ], [ 92.1459176, 26.9458919 ], [ 92.145821, 26.9460114 ], [ 92.145784, 26.9462134 ], [ 92.1456333, 26.9464131 ], [ 92.1455045, 26.9465853 ], [ 92.1453543, 26.9467191 ], [ 92.1452637, 26.9468734 ], [ 92.1452417, 26.9470443 ], [ 92.1451242, 26.9471507 ], [ 92.1449472, 26.947189 ], [ 92.1447058, 26.9471603 ], [ 92.1444, 26.9471125 ], [ 92.1441157, 26.947079 ], [ 92.1438475, 26.9470025 ], [ 92.1435251, 26.9468817 ], [ 92.1431863, 26.9467826 ] ] } },
{ "type": "Feature", "properties": { "osm_id": 401714158, "tags": { "name": "Para River", "name:en": "Para River", "name:zh": "河流H", "name:zh-Hans": "河流H", "name:zh-Hant": "河流H", "source": "bing", "waterway": "river" }, "inside_district": true }, "geometry": { "type": "LineString", "coordinates": [ [ 93.1421425, 27.7292802 ], [ 93.1420461, 27.7274456 ], [ 93.1426566, 27.7263362 ], [ 93.1424317, 27.7251985 ], [ 93.1420622, 27.7244874 ], [ 93.1419658, 27.7229656 ], [ 93.1428976, 27.7221406 ], [ 93.1430583, 27.7212731 ], [ 93.1426727, 27.7202917 ], [ 93.1410339, 27.7190543 ], [ 93.1388166, 27.7177316 ], [ 93.1381579, 27.7164657 ], [ 93.1385435, 27.7149295 ], [ 93.1399253, 27.7126822 ], [ 93.1403591, 27.7112456 ], [ 93.1400377, 27.7101361 ], [ 93.1395718, 27.7096809 ], [ 93.138897, 27.7097094 ], [ 93.1385549, 27.7104192 ], [ 93.1383828, 27.7107762 ], [ 93.1375152, 27.7115301 ], [ 93.1365191, 27.711715 ], [ 93.1350088, 27.7115016 ], [ 93.1343501, 27.7109469 ], [ 93.1342537, 27.7097094 ], [ 93.134093, 27.7077037 ], [ 93.1332736, 27.7058261 ], [ 93.1328398, 27.7046312 ], [ 93.1324542, 27.7028389 ], [ 93.1316508, 27.7022272 ], [ 93.1306707, 27.7024832 ], [ 93.1282286, 27.7019142 ], [ 93.1267826, 27.7004775 ], [ 93.1258989, 27.6997377 ], [ 93.1235371, 27.6988984 ], [ 93.1232157, 27.6981302 ], [ 93.1237781, 27.6960817 ], [ 93.1234407, 27.6952993 ], [ 93.1226855, 27.6945168 ], [ 93.1209824, 27.6945453 ], [ 93.1182993, 27.6950148 ], [ 93.1175923, 27.6950432 ], [ 93.116564, 27.6941327 ], [ 93.1165801, 27.6926105 ], [ 93.1175602, 27.6913728 ], [ 93.1176727, 27.690818 ], [ 93.1169657, 27.6904054 ], [ 93.115118, 27.6902062 ], [ 93.1125955, 27.6905477 ], [ 93.111519, 27.6904765 ], [ 93.1111495, 27.6898079 ], [ 93.1119368, 27.6883852 ], [ 93.1150698, 27.6865641 ], [ 93.1159856, 27.6854544 ], [ 93.1160017, 27.6840885 ], [ 93.1151984, 27.6834056 ], [ 93.1142183, 27.683619 ], [ 93.1136881, 27.6844442 ], [ 93.1124349, 27.6851414 ], [ 93.1101052, 27.6856251 ], [ 93.1075827, 27.6860804 ], [ 93.1063294, 27.6864503 ], [ 93.1046103, 27.6874746 ], [ 93.1038391, 27.6871047 ], [ 93.1032767, 27.6859665 ], [ 93.1030879, 27.6857305 ], [ 93.1021842, 27.6846007 ], [ 93.1018147, 27.6837471 ], [ 93.1024252, 27.6823954 ], [ 93.1025377, 27.6815418 ], [ 93.1018307, 27.6808588 ], [ 93.1012363, 27.6797348 ], [ 93.0996938, 27.6790376 ], [ 93.0975569, 27.6787673 ], [ 93.096368, 27.6781128 ], [ 93.0956128, 27.6765477 ], [ 93.0947131, 27.6758362 ], [ 93.0946488, 27.6747406 ], [ 93.0939098, 27.6735596 ], [ 93.0943436, 27.6712545 ], [ 93.0939901, 27.670728 ], [ 93.0918371, 27.6701162 ], [ 93.0914194, 27.6694616 ], [ 93.0920942, 27.6687644 ], [ 93.0922709, 27.667996 ], [ 93.0920299, 27.6672987 ], [ 93.091564, 27.6670568 ], [ 93.0885274, 27.6675691 ], [ 93.087949, 27.6675975 ], [ 93.087483, 27.6671422 ], [ 93.0871617, 27.6660607 ], [ 93.0876437, 27.6649935 ], [ 93.0876598, 27.6643958 ], [ 93.0857317, 27.6645239 ], [ 93.0847356, 27.664595 ], [ 93.0839322, 27.6640827 ], [ 93.082679, 27.6620336 ], [ 93.0822934, 27.6610517 ], [ 93.0827754, 27.6601694 ], [ 93.0827594, 27.6593867 ], [ 93.0816186, 27.657864 ], [ 93.081715, 27.6570243 ], [ 93.0833699, 27.6559997 ], [ 93.0840608, 27.6554874 ], [ 93.0839001, 27.6550889 ], [ 93.0828718, 27.6549466 ], [ 93.0808956, 27.6543062 ], [ 93.0803333, 27.65368 ], [ 93.0804136, 27.652513 ], [ 93.0808474, 27.6514171 ], [ 93.0814419, 27.6498232 ], [ 93.0805743, 27.6486988 ], [ 93.0792728, 27.6480157 ], [ 93.0782606, 27.6481011 ], [ 93.0762683, 27.6489408 ], [ 93.0756578, 27.6491827 ], [ 93.0749991, 27.648955 ], [ 93.0743725, 27.6476599 ], [ 93.0737298, 27.6467632 ], [ 93.0733668, 27.64606 ], [ 93.0726013, 27.645723 ], [ 93.0711657, 27.6456947 ], [ 93.0695524, 27.6457954 ], [ 93.0683795, 27.6456531 ], [ 93.0674798, 27.6460089 ], [ 93.066805, 27.6474748 ], [ 93.0662266, 27.6482861 ], [ 93.0649573, 27.6494389 ], [ 93.0640736, 27.6494389 ], [ 93.0617439, 27.6490262 ], [ 93.0611976, 27.6490404 ], [ 93.0605549, 27.6485707 ], [ 93.0599605, 27.6487415 ], [ 93.0596873, 27.6492681 ], [ 93.0592214, 27.6495954 ], [ 93.0578075, 27.6499228 ], [ 93.0547066, 27.6504921 ], [ 93.0542889, 27.6503497 ], [ 93.0536623, 27.6498516 ], [ 93.0532767, 27.648585 ], [ 93.0526822, 27.6473041 ], [ 93.052152, 27.645895 ], [ 93.0517021, 27.6453257 ], [ 93.0508666, 27.6451123 ], [ 93.0498223, 27.6451692 ], [ 93.0490671, 27.6446995 ], [ 93.0480389, 27.6431624 ], [ 93.0471873, 27.6418245 ], [ 93.0460948, 27.6414829 ], [ 93.0455003, 27.6417675 ], [ 93.0447452, 27.6426784 ], [ 93.0433955, 27.6431339 ], [ 93.0428975, 27.6425646 ], [ 93.0424637, 27.6416252 ], [ 93.0424958, 27.640942 ], [ 93.0426725, 27.6403157 ], [ 93.0429139, 27.6400514 ], [ 93.0431714, 27.6396332 ], [ 93.0432572, 27.6393101 ], [ 93.0430247, 27.6389868 ] ] } },
{ "type": "Feature", "properties": { "osm_id": 401714163, "tags": { "source": "bing", "waterway": "stream" }, "inside_district": true }, "geometry": { "type": "LineString", "coordinates": [ [ 93.1857571, 27.7877137 ], [ 93.1865127, 27.7860994 ], [ 93.1865207, 27.785367 ], [ 93.1859259, 27.7833545 ], [ 93.1862153, 27.7826718 ], [ 93.1868262, 27.782302 ], [ 93.1869468, 27.78147 ], [ 93.1875416, 27.7809437 ], [ 93.1880319, 27.7798343 ], [ 93.1880399, 27.7793152 ], [ 93.1871879, 27.7789311 ], [ 93.1860224, 27.7773452 ], [ 93.1844791, 27.7765914 ], [ 93.1837637, 27.7754321 ], [ 93.1819712, 27.7727794 ], [ 93.1824937, 27.7718264 ], [ 93.1828313, 27.7703257 ], [ 93.1824294, 27.7691379 ], [ 93.1821802, 27.7680498 ], [ 93.1820114, 27.7674808 ], [ 93.1820516, 27.7667197 ], [ 93.1825982, 27.7657311 ], [ 93.1827429, 27.7648776 ], [ 93.1834098, 27.7633406 ], [ 93.1834743, 27.7631919 ], [ 93.1832493, 27.7626442 ], [ 93.1827509, 27.7621321 ], [ 93.1826384, 27.761684 ], [ 93.1830001, 27.7608874 ], [ 93.1831689, 27.7598204 ], [ 93.1836672, 27.7593154 ], [ 93.1838762, 27.7588673 ], [ 93.1846157, 27.7575727 ], [ 93.1830162, 27.756207 ] ] } },
{ "type": "Feature", "properties": { "osm_id": 401714188, "tags": { "source": "bing", "waterway": "river" }, "inside_district": true }, "geometry": { "type": "LineString", "coordinates": [ [ 93.2119197, 27.7944153 ], [ 93.2116141, 27.7930138 ], [ 93.2108421, 27.7918044 ], [ 93.2107295, 27.7909507 ], [ 93.2100138, 27.7902678 ], [ 93.2099092, 27.789848 ], [ 93.2092579, 27.7891295 ], [ 93.209668, 27.7881833 ], [ 93.209676, 27.787479 ], [ 93.2087593, 27.7870379 ], [ 93.2082607, 27.7862339 ], [ 93.2082124, 27.7856363 ], [ 93.2079631, 27.7850956 ], [ 93.2072153, 27.7843628 ], [ 93.2065558, 27.7842774 ], [ 93.2052772, 27.7848324 ], [ 93.2034276, 27.7840426 ], [ 93.2028406, 27.7834166 ], [ 93.2030898, 27.7829683 ], [ 93.2032105, 27.7822924 ], [ 93.2024626, 27.781709 ], [ 93.2016584, 27.7809975 ], [ 93.2014574, 27.7798521 ], [ 93.2009427, 27.7793967 ], [ 93.2004682, 27.7786639 ], [ 93.1991333, 27.7782654 ], [ 93.1983774, 27.7778029 ], [ 93.1980718, 27.7769776 ], [ 93.198297, 27.7758961 ], [ 93.1979431, 27.7753269 ], [ 93.1971792, 27.7751561 ], [ 93.1964956, 27.7755973 ], [ 93.1954824, 27.7753767 ], [ 93.1951044, 27.7747861 ], [ 93.1939786, 27.7745442 ], [ 93.1923622, 27.7738469 ], [ 93.1921852, 27.7734342 ], [ 93.1922817, 27.7731283 ], [ 93.193102, 27.7726444 ], [ 93.193102, 27.772374 ], [ 93.1926517, 27.7721606 ], [ 93.1912524, 27.7722673 ], [ 93.1907779, 27.7719827 ], [ 93.1909146, 27.771506 ], [ 93.1907377, 27.7708798 ], [ 93.1891776, 27.7703177 ], [ 93.1885986, 27.7693998 ], [ 93.188293, 27.7691223 ], [ 93.1882046, 27.7687949 ], [ 93.1878025, 27.7681617 ], [ 93.1877382, 27.7675497 ], [ 93.1869179, 27.766952 ], [ 93.1867892, 27.7667029 ] ] } },
{ "type": "Feature", "properties": { "osm_id": 401714191, "tags": { "source": "bing", "waterway": "stream" }, "inside_district": true }, "geometry": { "type": "LineString", "coordinates": [ [ 93.1325963, 27.782336 ], [ 93.1320336, 27.7812763 ], [ 93.1313904, 27.7806149 ], [ 93.1305785, 27.7804371 ], [ 93.1295174, 27.7794271 ], [ 93.1286411, 27.7792564 ] ] } },
{ "type": "Feature", "properties": { "osm_id": 401714193, "tags": { "source": "bing", "waterway": "stream" }, "inside_district": true }, "geometry": { "type": "LineString", "coordinates": [ [ 93.126141, 27.7825921 ], [ 93.1263501, 27.7821298 ], [ 93.1268083, 27.7817742 ], [ 93.127982, 27.7804015 ], [ 93.1282955, 27.7799676 ], [ 93.1286411, 27.7792564 ] ] } },
{ "type": "Feature", "properties": { "osm_id": 401714207, "tags": { "name": "河流H1", "name:zh": "河流H1", "name:zh-Hans": "河流H1", "name:zh-Hant": "河流H1", "source": "bing", "waterway": "river" }, "inside_district": true }, "geometry": { "type": "LineString", "coordinates": [ [ 93.1286411, 27.7792564 ], [ 93.1285688, 27.7787443 ], [ 93.1288903, 27.7779335 ], [ 93.1287778, 27.7774712 ], [ 93.129027, 27.7767528 ], [ 93.1299032, 27.7755223 ], [ 93.1299354, 27.774555 ], [ 93.1305785, 27.7741353 ], [ 93.1307875, 27.7733387 ], [ 93.1308036, 27.7726772 ], [ 93.1317763, 27.7717312 ], [ 93.1320577, 27.7711764 ], [ 93.1318808, 27.7706643 ], [ 93.1311332, 27.7701806 ], [ 93.1309724, 27.7699103 ], [ 93.1300962, 27.7695333 ], [ 93.1298791, 27.7691563 ], [ 93.1299515, 27.7684592 ], [ 93.1298952, 27.7677977 ], [ 93.1289145, 27.7670935 ], [ 93.1282472, 27.7660621 ], [ 93.127781, 27.7655499 ], [ 93.1272906, 27.7646892 ], [ 93.1268163, 27.7644331 ], [ 93.1259803, 27.7638427 ], [ 93.1260285, 27.7632309 ], [ 93.12676, 27.7622208 ], [ 93.1283517, 27.7609617 ], [ 93.1286251, 27.7600796 ], [ 93.1285768, 27.7588987 ], [ 93.1286974, 27.7585217 ], [ 93.1301444, 27.7584577 ], [ 93.1307393, 27.7582158 ], [ 93.1312136, 27.757227 ], [ 93.1311573, 27.7560817 ], [ 93.1317442, 27.7552991 ], [ 93.1324355, 27.7550288 ], [ 93.1339951, 27.754353 ], [ 93.1342041, 27.7534637 ], [ 93.1339709, 27.7524037 ], [ 93.1334243, 27.7514362 ], [ 93.1333037, 27.7502694 ], [ 93.1332876, 27.7491311 ], [ 93.1336092, 27.7480924 ], [ 93.1336413, 27.7471889 ], [ 93.1333278, 27.7464632 ], [ 93.1336333, 27.7455383 ], [ 93.133561, 27.7451968 ], [ 93.1331912, 27.7448838 ], [ 93.1326365, 27.7440086 ], [ 93.1327088, 27.7435106 ], [ 93.1334404, 27.7421019 ], [ 93.1331751, 27.7415683 ], [ 93.1333439, 27.740067 ], [ 93.1335047, 27.7397113 ], [ 93.1341639, 27.7394765 ], [ 93.1345819, 27.7391492 ], [ 93.134598, 27.7386582 ], [ 93.1349195, 27.7381317 ], [ 93.136045, 27.7371356 ], [ 93.1370096, 27.736666 ], [ 93.1371865, 27.7362035 ], [ 93.1367042, 27.7357339 ], [ 93.1353215, 27.7345385 ], [ 93.1347909, 27.7336918 ], [ 93.134598, 27.7328806 ], [ 93.1354823, 27.7315287 ], [ 93.1363987, 27.7306891 ], [ 93.1374196, 27.7304614 ], [ 93.1382396, 27.7307531 ], [ 93.1386576, 27.7316924 ], [ 93.1390596, 27.7320766 ], [ 93.1395982, 27.7321264 ], [ 93.1401529, 27.7316781 ], [ 93.1406352, 27.7316212 ], [ 93.141206, 27.7313437 ], [ 93.1418089, 27.7301696 ], [ 93.1419656, 27.7297519 ], [ 93.1421425, 27.7292802 ] ] } },
{ "type": "Feature", "properties": { "osm_id": 401714211, "tags": { "source": "bing", "waterway": "stream" }, "inside_district": true }, "geometry": { "type": "LineString", "coordinates": [ [ 93.1602849, 27.7670734 ], [ 93.1606283, 27.7639975 ], [ 93.1612269, 27.7616393 ], [ 93.1645958, 27.7584872 ], [ 93.1658832, 27.7587151 ], [ 93.1670205, 27.7587151 ], [ 93.1685461, 27.7592885 ], [ 93.1695547, 27.7593455 ], [ 93.1729428, 27.7582784 ], [ 93.1730952, 27.7576556 ], [ 93.172621, 27.7567023 ], [ 93.1729235, 27.7548642 ], [ 93.172578, 27.7537021 ], [ 93.1709687, 27.7525058 ], [ 93.17084, 27.7511765 ], [ 93.1713764, 27.750208 ], [ 93.1712927, 27.7495852 ], [ 93.170075, 27.7479555 ], [ 93.169665, 27.7473864 ], [ 93.1696811, 27.7471374 ], [ 93.1685397, 27.7465825 ], [ 93.1685236, 27.7461059 ], [ 93.1684754, 27.7448397 ], [ 93.168379, 27.7437583 ], [ 93.1683753, 27.743661 ], [ 93.1683548, 27.7431181 ] ] } },
{ "type": "Feature", "properties": { "osm_id": 401714223, "tags": { "source": "bing", "waterway": "stream" }, "inside_district": true }, "geometry": { "type": "LineString", "coordinates": [ [ 93.1923541, 27.8391741 ], [ 93.1957477, 27.840198 ], [ 93.1970183, 27.8399989 ], [ 93.1974365, 27.8394656 ], [ 93.197734, 27.8392736 ], [ 93.197726, 27.8389536 ], [ 93.1979994, 27.8384416 ], [ 93.198305, 27.8382639 ], [ 93.1984658, 27.8379865 ], [ 93.1990046, 27.8376736 ], [ 93.1987151, 27.8372896 ], [ 93.1987473, 27.8368772 ], [ 93.1989001, 27.8367421 ], [ 93.1993102, 27.8367919 ], [ 93.1999455, 27.8366852 ], [ 93.2003557, 27.8363581 ], [ 93.2008864, 27.8363225 ], [ 93.2010714, 27.8360523 ], [ 93.2022535, 27.8357963 ], [ 93.2030577, 27.8356043 ], [ 93.2046339, 27.8354905 ], [ 93.2049636, 27.8352772 ], [ 93.2051887, 27.8348576 ], [ 93.2055908, 27.8348292 ], [ 93.2059366, 27.8348789 ], [ 93.2063628, 27.8344523 ], [ 93.2085019, 27.8341322 ], [ 93.2089523, 27.833734 ], [ 93.2090005, 27.8334922 ], [ 93.2084537, 27.832646 ], [ 93.2086145, 27.8323686 ], [ 93.2090729, 27.8324113 ], [ 93.2094026, 27.8324397 ], [ 93.2090005, 27.8318353 ], [ 93.2091131, 27.8315366 ], [ 93.2087673, 27.8306832 ], [ 93.2087512, 27.8297729 ], [ 93.2091935, 27.8292609 ], [ 93.2088156, 27.8287346 ], [ 93.2091292, 27.8277887 ], [ 93.2091453, 27.8268713 ], [ 93.2097243, 27.8263664 ], [ 93.2095956, 27.8256552 ], [ 93.2100701, 27.8242755 ], [ 93.2099092, 27.823927 ], [ 93.2093865, 27.8223695 ], [ 93.2090809, 27.8219427 ], [ 93.2086306, 27.8210395 ], [ 93.2092177, 27.8198375 ], [ 93.2092096, 27.8186498 ], [ 93.2086306, 27.8173055 ], [ 93.2090166, 27.8166938 ], [ 93.2090488, 27.8157906 ], [ 93.2081159, 27.8151291 ], [ 93.2080194, 27.8146241 ], [ 93.2075852, 27.8139697 ], [ 93.2078827, 27.8134505 ], [ 93.2079149, 27.813038 ], [ 93.2085663, 27.8126894 ], [ 93.2089442, 27.8117079 ], [ 93.2092659, 27.8102995 ], [ 93.209097, 27.8100719 ], [ 93.2092579, 27.8094531 ], [ 93.2092659, 27.8090903 ], [ 93.2088317, 27.8089623 ], [ 93.2080436, 27.807938 ], [ 93.2078908, 27.8075041 ], [ 93.2067891, 27.806928 ], [ 93.2064513, 27.8065154 ], [ 93.2069258, 27.8057116 ], [ 93.2066925, 27.8050145 ], [ 93.2066925, 27.8046517 ], [ 93.2069338, 27.8042036 ], [ 93.2080918, 27.8038977 ], [ 93.2084457, 27.8033429 ], [ 93.2090809, 27.8030015 ], [ 93.2099897, 27.8019202 ], [ 93.2097645, 27.8013369 ], [ 93.2097082, 27.800967 ], [ 93.2109064, 27.8005544 ], [ 93.2112201, 27.8000849 ], [ 93.2119197, 27.7993309 ], [ 93.2122735, 27.7976734 ], [ 93.2121609, 27.7973177 ], [ 93.2122574, 27.7967486 ], [ 93.2119438, 27.7955321 ], [ 93.2119551, 27.7953374 ], [ 93.2119599, 27.7952547 ], [ 93.2117669, 27.7948208 ], [ 93.2119197, 27.7944153 ] ] } },
{ "type": "Feature", "properties": { "osm_id": 401714225, "tags": { "name": "河流H", "name:zh": "河流H", "name:zh-Hans": "河流H", "name:zh-Hant": "河流H", "source": "bing", "waterway": "river" }, "inside_district": true }, "geometry": { "type": "LineString", "coordinates": [ [ 93.1867892, 27.7667029 ], [ 93.1869259, 27.7664539 ], [ 93.1876417, 27.7661977 ], [ 93.1880277, 27.7659273 ], [ 93.1883654, 27.7653296 ], [ 93.1883252, 27.7645468 ], [ 93.1888479, 27.7636075 ], [ 93.1901105, 27.7633585 ], [ 93.1915741, 27.7629173 ], [ 93.1918073, 27.7625117 ], [ 93.1920727, 27.7617004 ], [ 93.1905528, 27.7611739 ], [ 93.1902311, 27.7605903 ], [ 93.1901266, 27.7598218 ], [ 93.1906412, 27.7583558 ], [ 93.1907056, 27.7576513 ], [ 93.1905447, 27.7573026 ], [ 93.1895154, 27.7576442 ], [ 93.1892259, 27.7580997 ], [ 93.1888158, 27.7583985 ], [ 93.1882126, 27.7583345 ], [ 93.188482, 27.7569397 ], [ 93.1886749, 27.7559296 ], [ 93.1881042, 27.755197 ], [ 93.1866252, 27.7546777 ], [ 93.1858697, 27.7541584 ], [ 93.1855964, 27.7537245 ], [ 93.1846881, 27.7535467 ], [ 93.1836994, 27.7544714 ], [ 93.1834904, 27.7551472 ], [ 93.1830162, 27.756207 ], [ 93.1820114, 27.7559225 ], [ 93.1818024, 27.7554246 ], [ 93.1812317, 27.7551329 ], [ 93.1810469, 27.7547488 ], [ 93.1796724, 27.7529847 ], [ 93.1794312, 27.7525224 ], [ 93.1799858, 27.7520031 ], [ 93.1797206, 27.7513344 ], [ 93.1792946, 27.75068 ], [ 93.1784506, 27.7499544 ], [ 93.1777191, 27.7499046 ], [ 93.1770037, 27.7496201 ], [ 93.1771002, 27.7487309 ], [ 93.1766822, 27.7477848 ], [ 93.175573, 27.7465968 ], [ 93.1748897, 27.746113 ], [ 93.1743432, 27.7455582 ], [ 93.1741744, 27.7447614 ], [ 93.1744477, 27.7438864 ], [ 93.1746727, 27.743175 ], [ 93.1744155, 27.7428477 ], [ 93.1738448, 27.7427126 ], [ 93.1727597, 27.7430256 ], [ 93.1719076, 27.7430967 ], [ 93.1712968, 27.7429189 ], [ 93.1706055, 27.7428549 ], [ 93.1692069, 27.7432106 ], [ 93.1683548, 27.7431181 ], [ 93.1671491, 27.7422573 ], [ 93.1653808, 27.7413538 ], [ 93.164794, 27.7413538 ], [ 93.1642474, 27.7415174 ], [ 93.1638857, 27.7420652 ], [ 93.1634918, 27.7434382 ], [ 93.1630256, 27.7439718 ], [ 93.162688, 27.7442207 ], [ 93.1617476, 27.7442065 ], [ 93.1608071, 27.7439362 ], [ 93.1601721, 27.7431394 ], [ 93.1599471, 27.7420652 ], [ 93.1594246, 27.740991 ], [ 93.1590388, 27.7404788 ], [ 93.1581868, 27.7402226 ], [ 93.1567801, 27.7404432 ], [ 93.1557754, 27.7404076 ], [ 93.1545295, 27.7406353 ], [ 93.1530183, 27.740557 ], [ 93.1514509, 27.7401586 ], [ 93.1503175, 27.7392124 ], [ 93.1497388, 27.7388283 ], [ 93.1478338, 27.7383231 ], [ 93.1471908, 27.737939 ], [ 93.1468049, 27.737441 ], [ 93.1466522, 27.7364307 ], [ 93.1468532, 27.7349794 ], [ 93.1467679, 27.7346024 ], [ 93.1467647, 27.7345881 ], [ 93.1464111, 27.7339762 ], [ 93.1457077, 27.7321976 ], [ 93.1453219, 27.73118 ], [ 93.1448154, 27.7304827 ], [ 93.1442447, 27.7300558 ], [ 93.1431192, 27.729764 ], [ 93.1421425, 27.7292802 ] ] } },
{ "type": "Feature", "properties": { "osm_id": 413183323, "tags": { "waterway": "stream" }, "inside_district": true }, "geometry": { "type": "LineString", "coordinates": [ [ 92.1292023, 26.9335263 ], [ 92.1287082, 26.9341702 ], [ 92.1284797, 26.9344165 ], [ 92.1283864, 26.9344907 ], [ 92.1282576, 26.9346198 ], [ 92.1282007, 26.9347752 ], [ 92.1281632, 26.9350096 ], [ 92.1280988, 26.9350861 ], [ 92.1279304, 26.9351267 ], [ 92.1276139, 26.9351506 ], [ 92.1274583, 26.9352511 ], [ 92.1273027, 26.9354711 ], [ 92.1272062, 26.9356241 ], [ 92.1270935, 26.9357198 ], [ 92.1269401, 26.9357508 ], [ 92.1267288, 26.935715 ], [ 92.1266054, 26.9355906 ], [ 92.1264198, 26.9354591 ], [ 92.126232, 26.9353922 ], [ 92.1260153, 26.9354567 ], [ 92.1259187, 26.9356098 ], [ 92.1259241, 26.9357198 ], [ 92.1260206, 26.9357915 ], [ 92.1262728, 26.9358776 ], [ 92.1264659, 26.9359971 ], [ 92.1265914, 26.936143 ], [ 92.1266644, 26.9363128 ], [ 92.1266697, 26.9364658 ], [ 92.1266483, 26.9366284 ], [ 92.1265485, 26.9366691 ], [ 92.1264788, 26.9366595 ], [ 92.1262642, 26.9366978 ], [ 92.1261784, 26.9367934 ], [ 92.1261762, 26.9369154 ], [ 92.1262567, 26.9370062 ], [ 92.1263425, 26.9371306 ], [ 92.126305, 26.937231 ], [ 92.1261762, 26.9372836 ], [ 92.125967, 26.9372693 ], [ 92.1257792, 26.9372788 ], [ 92.1256773, 26.937341 ], [ 92.1255722, 26.9374677 ], [ 92.1255454, 26.9376255 ], [ 92.1255754, 26.9377523 ], [ 92.1256526, 26.937879 ], [ 92.1257095, 26.9380679 ], [ 92.1256612, 26.9382449 ], [ 92.1255454, 26.9383142 ], [ 92.1253254, 26.9382759 ], [ 92.125098, 26.9382162 ], [ 92.1248727, 26.9381636 ], [ 92.1247332, 26.9382018 ], [ 92.1246527, 26.9383596 ], [ 92.1247064, 26.9384601 ], [ 92.1248512, 26.9385892 ], [ 92.1249424, 26.9386992 ], [ 92.1249424, 26.9388187 ], [ 92.1248083, 26.9389813 ], [ 92.1247943, 26.9391224 ], [ 92.124937, 26.9392587 ], [ 92.1250411, 26.939395 ], [ 92.1250926, 26.939603 ], [ 92.125039, 26.9397465 ], [ 92.1248888, 26.9398708 ], [ 92.1245669, 26.9399378 ], [ 92.1242579, 26.939878 ], [ 92.1239768, 26.9398039 ], [ 92.1234833, 26.9398517 ], [ 92.1229468, 26.9400048 ], [ 92.1226035, 26.9401291 ], [ 92.1222816, 26.9402056 ], [ 92.1219383, 26.9402152 ], [ 92.1213718, 26.9402893 ] ] } },
{ "type": "Feature", "properties": { "osm_id": 413187822, "tags": { "alt_name": "中里河", "name": "查莫河", "name:en": "Jampani River", "name:zh": "查莫河", "ref": "STR22", "waterway": "river" }, "inside_district": true }, "geometry": { "type": "LineString", "coordinates": [ [ 92.0383317, 26.9747748 ], [ 92.0384288, 26.9740427 ], [ 92.0379707, 26.9728427 ], [ 92.0388011, 26.9724196 ], [ 92.0393446, 26.9720921 ], [ 92.0390709, 26.970251 ], [ 92.0386976, 26.9689315 ], [ 92.0390494, 26.9680349 ], [ 92.0404061, 26.967282 ], [ 92.0431075, 26.9668715 ], [ 92.044955, 26.9670442 ], [ 92.0457793, 26.9670659 ], [ 92.0464531, 26.9668691 ], [ 92.0469891, 26.9657869 ], [ 92.0480125, 26.9648485 ], [ 92.0494527, 26.9644252 ], [ 92.0511302, 26.9641986 ], [ 92.0525225, 26.9644079 ], [ 92.0536836, 26.9642148 ], [ 92.0552758, 26.9640547 ], [ 92.0574999, 26.9631051 ], [ 92.0583088, 26.9620872 ], [ 92.0591982, 26.9609162 ], [ 92.0602298, 26.9609807 ], [ 92.0613331, 26.9617362 ], [ 92.0622189, 26.9619169 ], [ 92.0627972, 26.9611223 ], [ 92.0634007, 26.9568145 ], [ 92.0639452, 26.9560266 ], [ 92.0653501, 26.9549355 ], [ 92.0697173, 26.954683 ], [ 92.0705903, 26.9544034 ], [ 92.0722032, 26.9522348 ], [ 92.0735729, 26.9518356 ], [ 92.0763167, 26.9507812 ], [ 92.0786422, 26.9497316 ], [ 92.0804835, 26.9479915 ], [ 92.0854672, 26.9436843 ], [ 92.0863698, 26.943015 ], [ 92.0877993, 26.9434863 ], [ 92.0889687, 26.9443949 ], [ 92.0919547, 26.9457535 ], [ 92.0931637, 26.9459826 ], [ 92.0941887, 26.9456348 ], [ 92.0954168, 26.945074 ], [ 92.0973483, 26.9442343 ], [ 92.0983779, 26.9431803 ], [ 92.0993006, 26.9429507 ], [ 92.0999873, 26.9428551 ], [ 92.1017039, 26.9431803 ], [ 92.1029913, 26.9430846 ], [ 92.1037638, 26.9423004 ], [ 92.1042472, 26.941788 ], [ 92.1051907, 26.9411909 ], [ 92.1070254, 26.9399858 ], [ 92.108978, 26.9390963 ], [ 92.1094286, 26.938618 ], [ 92.1095145, 26.9376711 ], [ 92.1092892, 26.9366764 ], [ 92.1085167, 26.9355669 ], [ 92.1083772, 26.9345912 ], [ 92.1084201, 26.932946 ], [ 92.1084997, 26.9323077 ], [ 92.108376, 26.931926 ], [ 92.1082254, 26.9318185 ], [ 92.1081081, 26.9317106 ], [ 92.1080915, 26.931615 ], [ 92.1081215, 26.9314612 ], [ 92.1080446, 26.9312052 ], [ 92.1078198, 26.9307083 ], [ 92.1076697, 26.9303862 ], [ 92.107575, 26.9300419 ], [ 92.1075724, 26.9296114 ], [ 92.1076177, 26.9290458 ], [ 92.1076024, 26.9287632 ], [ 92.1075071, 26.9284439 ], [ 92.1073277, 26.9282037 ], [ 92.1070437, 26.9279898 ], [ 92.1067466, 26.9278617 ], [ 92.1064699, 26.9276639 ], [ 92.1060637, 26.927279 ], [ 92.1058488, 26.9270773 ], [ 92.1057181, 26.9268737 ], [ 92.105606, 26.9265831 ], [ 92.1054259, 26.9261898 ], [ 92.1053673, 26.9259797 ], [ 92.1053714, 26.9256928 ], [ 92.1053517, 26.9251023 ], [ 92.1053015, 26.9248306 ], [ 92.105186, 26.9244923 ], [ 92.1051044, 26.9239905 ], [ 92.1050812, 26.92347 ], [ 92.1051469, 26.9226954 ], [ 92.1052092, 26.9224978 ], [ 92.1053603, 26.9223169 ], [ 92.1055969, 26.9221465 ], [ 92.1060981, 26.9218317 ], [ 92.1066039, 26.9214919 ], [ 92.1070163, 26.9211812 ], [ 92.1073533, 26.9208427 ], [ 92.1075875, 26.9205625 ], [ 92.1078161, 26.920154 ], [ 92.1079888, 26.9198038 ], [ 92.1082219, 26.9191034 ], [ 92.108279, 26.918772 ], [ 92.1082707, 26.9184824 ], [ 92.1082121, 26.9182028 ], [ 92.1080108, 26.9178518 ], [ 92.1078323, 26.9174415 ], [ 92.1077711, 26.9169938 ], [ 92.1077438, 26.9163984 ], [ 92.1077652, 26.9163028 ], [ 92.1080553, 26.9150099 ], [ 92.1085381, 26.9133836 ], [ 92.1078515, 26.911298 ], [ 92.1078463, 26.9108188 ], [ 92.1079237, 26.9104144 ], [ 92.108069, 26.9100539 ], [ 92.1082494, 26.9097537 ], [ 92.1085406, 26.9094645 ], [ 92.1090123, 26.908963 ], [ 92.1094361, 26.908434 ], [ 92.1101348, 26.9073233 ], [ 92.1103178, 26.9070208 ], [ 92.1103785, 26.9067651 ], [ 92.1103837, 26.9064764 ], [ 92.110288, 26.9061154 ], [ 92.1102476, 26.905738 ], [ 92.110241, 26.9052579 ], [ 92.1103021, 26.9047173 ], [ 92.1104186, 26.9041107 ], [ 92.1106422, 26.9034163 ], [ 92.1108711, 26.9029591 ], [ 92.1109891, 26.9026119 ], [ 92.1110785, 26.902068 ], [ 92.1110923, 26.9014774 ], [ 92.1111363, 26.9010227 ], [ 92.1112233, 26.900601 ], [ 92.111453, 26.9000233 ], [ 92.1117157, 26.8994926 ], [ 92.1120104, 26.899002 ], [ 92.1123913, 26.8985224 ], [ 92.1131724, 26.897702 ], [ 92.1134531, 26.897323 ], [ 92.1137168, 26.8968037 ], [ 92.1138671, 26.8962528 ], [ 92.114042, 26.8958558 ], [ 92.1146053, 26.8949803 ], [ 92.1151938, 26.8942411 ], [ 92.1155787, 26.8939456 ], [ 92.1159853, 26.893758 ] ] } },
{ "type": "Feature", "properties": { "osm_id": 417384897, "tags": { "waterway": "stream" }, "inside_district": true }, "geometry": { "type": "LineString", "coordinates": [ [ 92.0743564, 27.2341117 ], [ 92.07441, 27.2339304 ], [ 92.0745377, 27.2336366 ], [ 92.0744851, 27.2333867 ], [ 92.0743779, 27.2331482 ], [ 92.0743661, 27.2328734 ], [ 92.0743661, 27.2326349 ], [ 92.0743553, 27.2323678 ], [ 92.0743564, 27.2320702 ], [ 92.0744519, 27.2318432 ], [ 92.0746032, 27.2315837 ], [ 92.0746557, 27.2312326 ], [ 92.0746568, 27.2308682 ], [ 92.0746568, 27.2304866 ], [ 92.0747094, 27.2301737 ], [ 92.0748285, 27.229857 ], [ 92.0749347, 27.2295918 ], [ 92.0751171, 27.2293151 ], [ 92.0752887, 27.2290862 ], [ 92.0755033, 27.2288858 ], [ 92.0756857, 27.2286473 ], [ 92.0758574, 27.2284088 ], [ 92.075911, 27.2281703 ], [ 92.075955, 27.2277582 ], [ 92.0759979, 27.2274338 ], [ 92.0761256, 27.2271686 ], [ 92.0761685, 27.2269778 ], [ 92.0761374, 27.2267183 ], [ 92.0759979, 27.2265275 ], [ 92.0757297, 27.2262604 ], [ 92.0755688, 27.2259074 ], [ 92.0754078, 27.2254876 ], [ 92.075396, 27.2250889 ], [ 92.0754829, 27.2248007 ], [ 92.0756224, 27.2245336 ], [ 92.0756535, 27.2241921 ], [ 92.0756857, 27.2239249 ], [ 92.0758252, 27.2235624 ], [ 92.075955, 27.2231598 ], [ 92.07619, 27.2227896 ], [ 92.0764045, 27.2224939 ], [ 92.0768015, 27.2221409 ], [ 92.0771877, 27.2218642 ], [ 92.0775203, 27.2216639 ], [ 92.0777789, 27.2214711 ], [ 92.0779817, 27.2212154 ], [ 92.0780257, 27.2210323 ], [ 92.0779827, 27.2207842 ], [ 92.0778111, 27.2204694 ], [ 92.0777467, 27.2200687 ], [ 92.0778422, 27.2197366 ], [ 92.0780139, 27.2193836 ], [ 92.0783143, 27.219107 ], [ 92.0784441, 27.2188761 ], [ 92.078561, 27.2185727 ], [ 92.0787123, 27.2182559 ], [ 92.0788947, 27.2179601 ], [ 92.0789591, 27.2176739 ], [ 92.0789376, 27.2173686 ], [ 92.0790234, 27.2170347 ], [ 92.0792262, 27.2168267 ], [ 92.0794848, 27.2167103 ], [ 92.0798817, 27.2165004 ], [ 92.0800856, 27.2163191 ], [ 92.0802358, 27.2160043 ], [ 92.0803538, 27.2156035 ], [ 92.0803635, 27.2152143 ], [ 92.0803849, 27.2147944 ], [ 92.0802776, 27.214451 ], [ 92.080268, 27.2141151 ], [ 92.0802465, 27.2137048 ], [ 92.0802036, 27.2133423 ], [ 92.0800631, 27.2128862 ], [ 92.0799987, 27.2127335 ], [ 92.0798174, 27.2124263 ], [ 92.0799998, 27.2121687 ], [ 92.0802776, 27.2120656 ], [ 92.0804611, 27.2117775 ], [ 92.0805791, 27.2114245 ], [ 92.080622, 27.2111668 ], [ 92.0806424, 27.2108539 ], [ 92.080857, 27.2106631 ], [ 92.0808785, 27.2103959 ], [ 92.0809536, 27.2102051 ], [ 92.0812647, 27.2100429 ], [ 92.0816091, 27.209831 ], [ 92.0818548, 27.2095372 ], [ 92.0821981, 27.2093082 ], [ 92.0826175, 27.2089116 ] ] } },
{ "type": "Feature", "properties": { "osm_id": 417386863, "tags": { "intermittent": "yes", "waterway": "stream" }, "inside_district": true }, "geometry": { "type": "LineString", "coordinates": [ [ 92.0785621, 27.2528647 ], [ 92.0789795, 27.2530955 ], [ 92.0793013, 27.2533721 ], [ 92.0795384, 27.2535324 ], [ 92.0798914, 27.2536773 ], [ 92.0801392, 27.2538662 ], [ 92.0802573, 27.2541142 ], [ 92.0803324, 27.254448 ], [ 92.0803431, 27.2548295 ], [ 92.0803753, 27.2551824 ], [ 92.0804826, 27.2555162 ], [ 92.0806424, 27.2558138 ], [ 92.0807615, 27.2560122 ], [ 92.0810501, 27.2561953 ], [ 92.0813301, 27.256365 ], [ 92.0816617, 27.256634 ], [ 92.081844, 27.2569964 ], [ 92.0819095, 27.257233 ], [ 92.0820908, 27.2577213 ], [ 92.082285, 27.2580246 ], [ 92.0825747, 27.2581676 ], [ 92.082918, 27.2583107 ], [ 92.0832173, 27.258551 ], [ 92.0834866, 27.2589878 ], [ 92.0835832, 27.2593693 ], [ 92.0835188, 27.2597699 ], [ 92.0836154, 27.2601419 ], [ 92.0838396, 27.260449 ], [ 92.084184, 27.2606664 ], [ 92.0845595, 27.2607332 ], [ 92.0849125, 27.2607255 ], [ 92.0853749, 27.2606569 ], [ 92.0857493, 27.2608114 ], [ 92.0860186, 27.2615152 ], [ 92.0862869, 27.2622019 ], [ 92.0865551, 27.2627646 ], [ 92.0869091, 27.2630888 ], [ 92.0872739, 27.2633368 ], [ 92.0875529, 27.2637087 ], [ 92.0876172, 27.2640807 ], [ 92.0877674, 27.2645098 ], [ 92.0881955, 27.2649504 ], [ 92.0885388, 27.2652652 ], [ 92.0887856, 27.2655513 ], [ 92.0887974, 27.2660071 ], [ 92.0886139, 27.2665335 ], [ 92.0884637, 27.267182 ], [ 92.0883253, 27.2676284 ], [ 92.0882395, 27.2680575 ], [ 92.088261, 27.2684485 ], [ 92.0883683, 27.2687823 ], [ 92.0886257, 27.2693831 ], [ 92.0888132, 27.2697761 ] ] } },
{ "type": "Feature", "properties": { "osm_id": 417386901, "tags": { "intermittent": "yes", "waterway": "stream" }, "inside_district": true }, "geometry": { "type": "LineString", "coordinates": [ [ 92.0805791, 27.2403789 ], [ 92.0805362, 27.2408177 ], [ 92.0804493, 27.2413252 ], [ 92.0804611, 27.2416667 ], [ 92.0805362, 27.2420005 ], [ 92.0805362, 27.2422962 ], [ 92.0804289, 27.2426969 ], [ 92.0802573, 27.2432024 ], [ 92.0800534, 27.2436889 ], [ 92.0798603, 27.2441372 ], [ 92.0795492, 27.2448335 ], [ 92.0793882, 27.2452532 ], [ 92.0792809, 27.2456061 ], [ 92.0791082, 27.2458465 ], [ 92.0788089, 27.2460926 ], [ 92.0786157, 27.2462834 ], [ 92.0784548, 27.2465886 ], [ 92.0783153, 27.2469892 ], [ 92.0782188, 27.2472468 ], [ 92.0781759, 27.2476187 ], [ 92.0780042, 27.2480575 ], [ 92.0778755, 27.2483818 ], [ 92.077854, 27.2488301 ], [ 92.0780042, 27.2494215 ], [ 92.0781973, 27.2499175 ], [ 92.0781008, 27.2506614 ], [ 92.0780364, 27.2511765 ], [ 92.0780578, 27.2516438 ], [ 92.0780989, 27.2518135 ], [ 92.078208, 27.2522638 ], [ 92.0785621, 27.2528647 ] ] } },
{ "type": "Feature", "properties": { "osm_id": 417386907, "tags": { "intermittent": "yes", "waterway": "stream" }, "inside_district": true }, "geometry": { "type": "LineString", "coordinates": [ [ 92.0704404, 27.2472468 ], [ 92.0706968, 27.247573 ], [ 92.0709339, 27.2479717 ], [ 92.0710841, 27.2484581 ], [ 92.0712558, 27.2488492 ], [ 92.0714811, 27.2492212 ], [ 92.0718029, 27.2494787 ], [ 92.0721559, 27.2495474 ], [ 92.0724027, 27.2496428 ], [ 92.0727138, 27.2498717 ], [ 92.0729606, 27.2500434 ], [ 92.0734219, 27.2501483 ], [ 92.0743135, 27.2502513 ], [ 92.0750634, 27.2504726 ], [ 92.0754185, 27.2507377 ], [ 92.0759432, 27.2510449 ], [ 92.0765451, 27.2513291 ], [ 92.0770815, 27.2515389 ], [ 92.0780989, 27.2518135 ] ] } },
{ "type": "Feature", "properties": { "osm_id": 417386912, "tags": { "intermittent": "yes", "waterway": "stream" }, "inside_district": true }, "geometry": { "type": "LineString", "coordinates": [ [ 92.0631984, 27.2513196 ], [ 92.0638207, 27.2512814 ], [ 92.0643249, 27.2511956 ], [ 92.0645502, 27.2512337 ], [ 92.0648292, 27.2513959 ], [ 92.065076, 27.2516438 ], [ 92.0652583, 27.2517869 ], [ 92.0655802, 27.2518823 ], [ 92.0659343, 27.2518823 ], [ 92.066299, 27.2518441 ], [ 92.0668451, 27.2519605 ], [ 92.0673612, 27.2521875 ], [ 92.0678976, 27.2524355 ], [ 92.0684448, 27.2526358 ], [ 92.0688632, 27.2527121 ], [ 92.0692066, 27.2527026 ], [ 92.0696357, 27.2526453 ], [ 92.0700863, 27.2525881 ], [ 92.0705262, 27.2526263 ], [ 92.0712772, 27.2525309 ], [ 92.0716956, 27.2525213 ], [ 92.0723286, 27.2526167 ], [ 92.0728318, 27.2527808 ], [ 92.0732395, 27.2530764 ], [ 92.0737556, 27.2533702 ], [ 92.07413, 27.2536296 ], [ 92.0745495, 27.2537613 ], [ 92.0749025, 27.2537441 ], [ 92.0752576, 27.25358 ], [ 92.0755677, 27.2534389 ], [ 92.0759646, 27.2533721 ], [ 92.07647, 27.2532462 ], [ 92.0770601, 27.2531699 ], [ 92.0774141, 27.253189 ], [ 92.0777778, 27.2531337 ], [ 92.0785621, 27.2528647 ] ] } },
{ "type": "Feature", "properties": { "osm_id": 468966925, "tags": { "name": "Bichom River", "name:en": "Bichom River", "name:zh": "比斯巧姆河", "name:zh-Hans": "比斯巧姆河", "name:zh-Hant": "比斯巧姆河", "name:zh-Latn-pinyin": "Kē mǎ hé", "waterway": "river" }, "inside_district": true }, "geometry": { "type": "LineString", "coordinates": [ [ 92.4681151, 27.7040239 ], [ 92.4681721, 27.7038747 ], [ 92.468722, 27.7032032 ], [ 92.468626, 27.7022917 ], [ 92.4688486, 27.7017819 ], [ 92.4702987, 27.7001691 ], [ 92.4726, 27.6977948 ], [ 92.474072, 27.6970303 ], [ 92.4750062, 27.6964474 ], [ 92.4764312, 27.6959698 ], [ 92.4767877, 27.6948143 ], [ 92.4775907, 27.6938425 ], [ 92.4778355, 27.6931954 ], [ 92.4779443, 27.6923271 ], [ 92.4790898, 27.6911058 ], [ 92.4795415, 27.6900928 ], [ 92.4801448, 27.6892817 ], [ 92.4805727, 27.6890779 ], [ 92.4807216, 27.6884998 ], [ 92.4813807, 27.6878229 ], [ 92.4817402, 27.6871326 ], [ 92.4822831, 27.6862658 ], [ 92.482731, 27.6853514 ], [ 92.483755, 27.6851003 ], [ 92.4851618, 27.6839735 ], [ 92.4869227, 27.6819178 ], [ 92.4872765, 27.6802577 ], [ 92.4872341, 27.6791028 ], [ 92.4874787, 27.6778349 ], [ 92.4871041, 27.6770292 ], [ 92.4870325, 27.6765202 ], [ 92.486634, 27.675997 ], [ 92.4861557, 27.6749089 ], [ 92.4861246, 27.6743558 ], [ 92.4856956, 27.673857 ], [ 92.4849332, 27.6734527 ], [ 92.4837907, 27.6716313 ], [ 92.4837488, 27.6709894 ], [ 92.4829098, 27.6689715 ], [ 92.4822511, 27.6677224 ], [ 92.4808427, 27.6668124 ], [ 92.4794964, 27.6661023 ], [ 92.4785828, 27.665371 ], [ 92.4766113, 27.6646003 ], [ 92.4744813, 27.6635226 ], [ 92.4733847, 27.6623271 ], [ 92.4733433, 27.6622821 ], [ 92.4719531, 27.6602511 ], [ 92.4705995, 27.6586268 ], [ 92.4700071, 27.6574591 ], [ 92.4698, 27.6566326 ], [ 92.4696826, 27.6556812 ], [ 92.4693371, 27.6552173 ], [ 92.469331, 27.6547832 ], [ 92.4696097, 27.6542583 ], [ 92.4695055, 27.6531072 ], [ 92.4694251, 27.6520802 ], [ 92.4696452, 27.6514976 ], [ 92.469995, 27.651036 ], [ 92.4701107, 27.6503628 ], [ 92.4701854, 27.6499981 ], [ 92.4703158, 27.6497481 ], [ 92.4704082, 27.6489926 ], [ 92.4703129, 27.6484406 ], [ 92.470386, 27.6480695 ], [ 92.47046, 27.6474019 ], [ 92.4700489, 27.64645 ], [ 92.4699842, 27.6460583 ], [ 92.4703476, 27.6455836 ], [ 92.4704493, 27.6449325 ], [ 92.4707008, 27.6441094 ], [ 92.4705826, 27.6433185 ], [ 92.47139, 27.6423359 ], [ 92.4718269, 27.6414676 ], [ 92.4734879, 27.6400345 ], [ 92.474584, 27.6395171 ], [ 92.4746284, 27.6383369 ], [ 92.4755021, 27.6374762 ], [ 92.4756812, 27.6371167 ], [ 92.4767679, 27.635916 ], [ 92.4775461, 27.635767 ], [ 92.4786299, 27.6352761 ], [ 92.4798565, 27.6339834 ], [ 92.4803375, 27.6329593 ], [ 92.4811217, 27.6319351 ], [ 92.4815894, 27.6319074 ], [ 92.4821195, 27.6319134 ], [ 92.4828061, 27.6313093 ], [ 92.4836159, 27.6303968 ], [ 92.4837192, 27.6293268 ], [ 92.4831442, 27.6285112 ], [ 92.4826204, 27.6271387 ], [ 92.4820422, 27.6267605 ], [ 92.4818158, 27.6261323 ], [ 92.4820798, 27.6252544 ], [ 92.4828062, 27.6244233 ], [ 92.4828439, 27.6236815 ], [ 92.4835705, 27.6226669 ], [ 92.4844834, 27.6216549 ], [ 92.4844154, 27.6210959 ], [ 92.4845299, 27.6203478 ], [ 92.4851088, 27.6197269 ], [ 92.4853839, 27.6194561 ], [ 92.4853356, 27.6189634 ], [ 92.484978, 27.6184957 ], [ 92.4848829, 27.6180369 ], [ 92.4856062, 27.6176986 ], [ 92.4864443, 27.617684 ], [ 92.4869206, 27.6171276 ], [ 92.4887391, 27.6166297 ], [ 92.4899837, 27.6158977 ], [ 92.4911344, 27.6157668 ], [ 92.4914112, 27.6154032 ], [ 92.4918576, 27.6149555 ], [ 92.4921161, 27.6143136 ], [ 92.4926123, 27.6130945 ], [ 92.4939491, 27.6118307 ], [ 92.4950134, 27.6111588 ], [ 92.4954715, 27.6101287 ], [ 92.4957814, 27.6099896 ], [ 92.4970441, 27.6092554 ], [ 92.4979345, 27.6076407 ], [ 92.4977805, 27.6065577 ], [ 92.497709, 27.6060552 ], [ 92.4981266, 27.6042826 ], [ 92.4994451, 27.6029942 ], [ 92.5003066, 27.6024182 ], [ 92.5011588, 27.6016388 ], [ 92.5006502, 27.6010192 ], [ 92.4994986, 27.6006276 ], [ 92.4995103, 27.5996651 ], [ 92.5001215, 27.5987498 ], [ 92.4999476, 27.59744 ], [ 92.4991731, 27.5970513 ], [ 92.4983251, 27.5948146 ], [ 92.4983247, 27.5936815 ], [ 92.4976169, 27.5928171 ], [ 92.4982406, 27.5919024 ], [ 92.4989756, 27.5907271 ], [ 92.5002617, 27.5896169 ], [ 92.5009872, 27.588251 ], [ 92.5003653, 27.5872088 ], [ 92.499284, 27.5868179 ], [ 92.498741, 27.5856199 ], [ 92.4987212, 27.5844012 ], [ 92.4995302, 27.5836734 ], [ 92.5009271, 27.5839225 ], [ 92.5020465, 27.5838967 ], [ 92.5032027, 27.5836428 ], [ 92.5036888, 27.582705 ], [ 92.5034493, 27.5816695 ], [ 92.5030069, 27.5802986 ], [ 92.5027541, 27.5784662 ], [ 92.504017, 27.5776842 ], [ 92.5031959, 27.5768285 ], [ 92.5021544, 27.5763312 ], [ 92.5012471, 27.5762646 ], [ 92.500388, 27.5753661 ], [ 92.5001146, 27.5735763 ], [ 92.4992167, 27.5733907 ], [ 92.4989272, 27.5730356 ], [ 92.4982855, 27.5722354 ], [ 92.4982134, 27.5712397 ], [ 92.4964524, 27.5703233 ], [ 92.4962922, 27.5694673 ], [ 92.496577, 27.5685775 ], [ 92.4967331, 27.5677365 ], [ 92.4973294, 27.5653483 ], [ 92.4975539, 27.563601 ], [ 92.4981234, 27.5625157 ], [ 92.4980683, 27.5614141 ], [ 92.4987102, 27.5607195 ], [ 92.4982865, 27.5600331 ], [ 92.4982107, 27.5591652 ], [ 92.4976366, 27.5585043 ], [ 92.4971607, 27.5573509 ], [ 92.4979897, 27.5561688 ], [ 92.4981757, 27.5550681 ], [ 92.4985504, 27.5537635 ], [ 92.4978688, 27.5528823 ], [ 92.4970199, 27.5528629 ], [ 92.4964795, 27.5524656 ], [ 92.4978973, 27.5518828 ], [ 92.4985128, 27.5510816 ], [ 92.4967582, 27.5484071 ], [ 92.4957639, 27.5456889 ], [ 92.4947798, 27.5460605 ], [ 92.4942735, 27.5448846 ], [ 92.4951316, 27.5439785 ], [ 92.4964674, 27.5434797 ], [ 92.4968322, 27.5449284 ], [ 92.4975644, 27.5461165 ], [ 92.4989396, 27.5458386 ], [ 92.5002414, 27.5452023 ], [ 92.5006008, 27.5433631 ], [ 92.5015389, 27.542257 ], [ 92.5034776, 27.5413528 ], [ 92.503726, 27.5408395 ], [ 92.5034697, 27.5394057 ], [ 92.5035407, 27.5388904 ], [ 92.5046773, 27.5389697 ], [ 92.5060871, 27.5390631 ], [ 92.5059499, 27.5380452 ], [ 92.5063087, 27.5377278 ], [ 92.5083686, 27.5354446 ], [ 92.5102569, 27.5325525 ], [ 92.5123061, 27.5320429 ], [ 92.5127259, 27.5311017 ], [ 92.5135865, 27.5304015 ], [ 92.5139369, 27.529703 ], [ 92.5140667, 27.5292554 ], [ 92.5139283, 27.528922 ], [ 92.5137052, 27.5285977 ], [ 92.5134681, 27.5283724 ], [ 92.5133869, 27.5280417 ], [ 92.5134076, 27.5277538 ], [ 92.5135456, 27.5275301 ], [ 92.5138431, 27.5272063 ], [ 92.5139338, 27.5269583 ], [ 92.5138141, 27.526748 ], [ 92.513571, 27.5265188 ], [ 92.5132672, 27.5262981 ], [ 92.5132021, 27.5261209 ], [ 92.5132765, 27.5258056 ], [ 92.5133608, 27.5252513 ], [ 92.513433, 27.5247705 ], [ 92.5132556, 27.5241134 ], [ 92.5132461, 27.523848 ], [ 92.5133922, 27.5234018 ], [ 92.5138371, 27.5231238 ], [ 92.5146039, 27.5227696 ], [ 92.5147558, 27.5226124 ], [ 92.5148004, 27.522303 ], [ 92.5147823, 27.5219791 ], [ 92.514805, 27.5215627 ], [ 92.5149028, 27.5208751 ], [ 92.5149912, 27.5203753 ], [ 92.514889, 27.5200799 ], [ 92.5146314, 27.5199551 ], [ 92.5143417, 27.5198635 ], [ 92.5139446, 27.5198898 ], [ 92.5137297, 27.5200375 ], [ 92.5135906, 27.520327 ], [ 92.5134407, 27.5206259 ], [ 92.5130762, 27.520841 ], [ 92.5126258, 27.5210371 ], [ 92.5123306, 27.520992 ], [ 92.5121535, 27.520947 ], [ 92.5118636, 27.5207522 ], [ 92.5117432, 27.5204826 ], [ 92.5118053, 27.5202129 ], [ 92.5118972, 27.519883 ], [ 92.5120293, 27.5196744 ], [ 92.5121185, 27.5195134 ], [ 92.5119965, 27.5193816 ], [ 92.5118047, 27.5192832 ], [ 92.511609, 27.5191815 ], [ 92.5112604, 27.5187402 ], [ 92.5108162, 27.5182792 ], [ 92.5103398, 27.5178848 ], [ 92.5099556, 27.5176079 ], [ 92.5092281, 27.5172122 ], [ 92.5086314, 27.5169154 ], [ 92.5079877, 27.5168754 ], [ 92.5075638, 27.5168401 ], [ 92.5072956, 27.516684 ], [ 92.5071023, 27.5163241 ], [ 92.5069511, 27.5156848 ], [ 92.5067998, 27.5150454 ], [ 92.5065403, 27.5138048 ], [ 92.5065709, 27.5133823 ], [ 92.5066444, 27.5128931 ], [ 92.5067229, 27.5122711 ], [ 92.5067155, 27.5116349 ], [ 92.5067401, 27.5114637 ], [ 92.5068076, 27.5112545 ], [ 92.5070284, 27.5110643 ], [ 92.5073841, 27.5109505 ], [ 92.5079651, 27.5110043 ], [ 92.5085408, 27.5108725 ], [ 92.5088681, 27.5106735 ], [ 92.5094636, 27.510289 ], [ 92.5096677, 27.5099767 ], [ 92.5097636, 27.5097765 ], [ 92.5098381, 27.509367 ], [ 92.5098154, 27.5087668 ], [ 92.5099202, 27.5085275 ], [ 92.5100485, 27.5083691 ], [ 92.5101285, 27.5081584 ], [ 92.5100096, 27.5077084 ], [ 92.5099005, 27.507113 ], [ 92.5099184, 27.5066453 ], [ 92.5101054, 27.5063542 ], [ 92.510228, 27.5060583 ], [ 92.5102898, 27.5056053 ], [ 92.510298, 27.5051713 ], [ 92.5103381, 27.5048698 ], [ 92.5105927, 27.5042067 ], [ 92.5111234, 27.5037654 ], [ 92.5114049, 27.5036021 ], [ 92.5118903, 27.5034673 ], [ 92.5122709, 27.5034071 ], [ 92.5124755, 27.5031201 ], [ 92.5125406, 27.5028617 ], [ 92.5124885, 27.5026493 ], [ 92.5125344, 27.5023864 ], [ 92.5128086, 27.5019368 ], [ 92.5129888, 27.5018285 ], [ 92.5131959, 27.5017535 ], [ 92.5135779, 27.5015844 ], [ 92.5138804, 27.5013986 ], [ 92.5140073, 27.5010644 ], [ 92.5140483, 27.5006208 ], [ 92.5140767, 27.5001523 ], [ 92.5141605, 27.4999626 ], [ 92.5143461, 27.4997585 ], [ 92.5148784, 27.4994456 ], [ 92.5151754, 27.4991348 ], [ 92.5153759, 27.4986527 ], [ 92.5157983, 27.4980501 ], [ 92.5159876, 27.497707 ], [ 92.5161392, 27.4974211 ], [ 92.5164855, 27.4968586 ], [ 92.5170493, 27.4960764 ], [ 92.5174258, 27.495902 ], [ 92.5179793, 27.4956373 ], [ 92.5184425, 27.4952791 ], [ 92.518929, 27.4948292 ], [ 92.5190546, 27.4945003 ], [ 92.5191218, 27.4940884 ], [ 92.519146, 27.493686 ], [ 92.5193663, 27.4933857 ], [ 92.5194849, 27.4927945 ], [ 92.5194754, 27.4919168 ], [ 92.519585, 27.4910178 ], [ 92.5195898, 27.4908092 ], [ 92.5197341, 27.4906387 ], [ 92.5200977, 27.4903453 ], [ 92.5201469, 27.4900222 ], [ 92.520121, 27.4895087 ], [ 92.5200584, 27.4887864 ], [ 92.5201478, 27.4879926 ], [ 92.5201782, 27.4874225 ], [ 92.5201461, 27.4867267 ], [ 92.5202479, 27.4863717 ], [ 92.5204785, 27.4860215 ], [ 92.520829, 27.4857454 ], [ 92.5212493, 27.485317 ], [ 92.5212208, 27.4851835 ], [ 92.5210236, 27.4850631 ], [ 92.5203864, 27.4849761 ], [ 92.5198417, 27.4848972 ], [ 92.5193087, 27.4847211 ], [ 92.51884, 27.484288 ], [ 92.5185662, 27.4838423 ], [ 92.5183675, 27.4834917 ], [ 92.5183335, 27.4833112 ], [ 92.5184068, 27.4831308 ], [ 92.5187572, 27.4828175 ], [ 92.5191808, 27.4824717 ], [ 92.5194221, 27.4821641 ], [ 92.5195006, 27.4818472 ], [ 92.5194933, 27.481673 ], [ 92.5191902, 27.4814381 ], [ 92.5188549, 27.4811889 ], [ 92.5184847, 27.4807952 ], [ 92.5184202, 27.4805789 ], [ 92.5185501, 27.4804108 ], [ 92.5189375, 27.4801332 ], [ 92.5192617, 27.4797208 ], [ 92.5192878, 27.4794575 ], [ 92.5191758, 27.479285 ], [ 92.5189244, 27.4791125 ], [ 92.5184859, 27.4788912 ], [ 92.5176556, 27.4786231 ], [ 92.5169219, 27.4782503 ], [ 92.5167684, 27.4782464 ], [ 92.5165827, 27.4782711 ], [ 92.5162756, 27.4783966 ], [ 92.5155864, 27.4785333 ], [ 92.5150157, 27.4786212 ], [ 92.5146166, 27.4785758 ], [ 92.51443, 27.4784088 ], [ 92.5142947, 27.4782193 ], [ 92.514138, 27.4779251 ], [ 92.5141679, 27.4777555 ], [ 92.5142701, 27.477562 ], [ 92.5143295, 27.4772495 ], [ 92.514137, 27.47691 ], [ 92.5140838, 27.4767015 ], [ 92.513934, 27.476474 ], [ 92.5136343, 27.4761522 ], [ 92.5131102, 27.4758037 ], [ 92.5128022, 27.4756112 ], [ 92.5124415, 27.4751833 ], [ 92.5122524, 27.4748791 ], [ 92.5114382, 27.4743366 ], [ 92.5111962, 27.4741622 ], [ 92.5110078, 27.4738735 ], [ 92.5109744, 27.4736293 ], [ 92.5107368, 27.4730208 ], [ 92.5104027, 27.4724504 ], [ 92.5102709, 27.4720806 ], [ 92.510415, 27.4716932 ], [ 92.510539, 27.4714286 ], [ 92.5108185, 27.471045 ], [ 92.5111093, 27.4707253 ], [ 92.5113154, 27.4704095 ], [ 92.5114283, 27.4701873 ], [ 92.511552, 27.4698414 ], [ 92.51159, 27.4696779 ], [ 92.5114813, 27.4694894 ], [ 92.5113458, 27.46922 ], [ 92.5112502, 27.4690456 ], [ 92.5112028, 27.4688236 ], [ 92.5112154, 27.4686176 ], [ 92.5112406, 27.4681486 ], [ 92.5111837, 27.4677339 ], [ 92.5110342, 27.4673054 ], [ 92.5108686, 27.4670577 ], [ 92.5105587, 27.4665814 ], [ 92.5102395, 27.4662476 ], [ 92.5098907, 27.4659988 ], [ 92.5094675, 27.4658354 ], [ 92.5091193, 27.4657004 ], [ 92.5087879, 27.4656401 ], [ 92.5086184, 27.4655193 ], [ 92.5083976, 27.4652301 ], [ 92.5083185, 27.465011 ], [ 92.508277, 27.4647538 ], [ 92.5084514, 27.4645251 ], [ 92.5086345, 27.4641525 ], [ 92.5104667, 27.4620687 ], [ 92.51184, 27.4583623 ], [ 92.5114585, 27.4569745 ], [ 92.5103999, 27.4554935 ], [ 92.5102569, 27.4542833 ], [ 92.5085403, 27.4521792 ], [ 92.5085129, 27.4504787 ], [ 92.5086071, 27.4504052 ], [ 92.5091888, 27.4502729 ], [ 92.5111034, 27.4508614 ], [ 92.512231, 27.4505576 ], [ 92.5143768, 27.4489517 ], [ 92.5168659, 27.4455749 ], [ 92.5195706, 27.44298 ], [ 92.5223519, 27.4402237 ], [ 92.5225593, 27.4377861 ], [ 92.5240536, 27.4364354 ], [ 92.5246049, 27.4335266 ], [ 92.525499, 27.4318443 ], [ 92.5235964, 27.4285367 ], [ 92.5250198, 27.4250323 ], [ 92.5257708, 27.4214834 ], [ 92.5257533, 27.4207698 ], [ 92.5255491, 27.4203215 ], [ 92.5241116, 27.4195994 ], [ 92.5234307, 27.4192046 ], [ 92.5229884, 27.4188676 ], [ 92.5227425, 27.4183992 ], [ 92.5227185, 27.4178214 ], [ 92.5230251, 27.4169318 ], [ 92.5234104, 27.4163279 ], [ 92.5236153, 27.4154984 ], [ 92.5233389, 27.4147025 ], [ 92.5220157, 27.4134961 ], [ 92.5208498, 27.4121247 ], [ 92.5205315, 27.4109723 ], [ 92.5200344, 27.4100992 ], [ 92.5185789, 27.4097468 ], [ 92.5175811, 27.4092801 ], [ 92.5171046, 27.4087854 ], [ 92.5167776, 27.4081248 ], [ 92.5164007, 27.4075195 ], [ 92.5160737, 27.4068921 ], [ 92.5159459, 27.4060491 ], [ 92.5156811, 27.4052061 ], [ 92.5151112, 27.4049546 ], [ 92.5145413, 27.4046257 ], [ 92.5142963, 27.404324 ], [ 92.5142318, 27.4038952 ], [ 92.5142747, 27.4034995 ], [ 92.5143924, 27.4031039 ], [ 92.515936, 27.4018507 ], [ 92.517093, 27.3997078 ] ] } },
{ "type": "Feature", "properties": { "osm_id": 468966927, "tags": { "name:zh": "达旺河5", "waterway": "stream" }, "inside_district": true }, "geometry": { "type": "LineString", "coordinates": [ [ 92.2146453, 27.5681682 ], [ 92.2140552, 27.5698401 ], [ 92.2140552, 27.5713999 ], [ 92.2142161, 27.5728854 ], [ 92.2138835, 27.5742529 ], [ 92.2138728, 27.5752819 ], [ 92.2124566, 27.5765753 ], [ 92.2115124, 27.5774883 ], [ 92.210579, 27.5782471 ], [ 92.2096671, 27.579162 ], [ 92.2091199, 27.5798448 ], [ 92.2079934, 27.5802271 ], [ 92.2072638, 27.58114 ], [ 92.206663, 27.5818627 ], [ 92.2066737, 27.5829639 ], [ 92.2053326, 27.583156 ], [ 92.2051288, 27.5838007 ], [ 92.2043456, 27.5846014 ], [ 92.2039164, 27.5849818 ], [ 92.2032298, 27.5854763 ], [ 92.2035731, 27.5861609 ], [ 92.2021569, 27.5866934 ], [ 92.2009124, 27.587264 ], [ 92.2003652, 27.5876805 ], [ 92.1996785, 27.5886694 ], [ 92.1987666, 27.5890517 ], [ 92.1976508, 27.5889376 ], [ 92.1970071, 27.5890897 ], [ 92.1962346, 27.5896602 ], [ 92.1954192, 27.5897363 ], [ 92.1949471, 27.5908393 ], [ 92.1945287, 27.5915601 ], [ 92.1933593, 27.591562 ], [ 92.1927584, 27.5919043 ], [ 92.1918143, 27.5920945 ], [ 92.1905698, 27.5910675 ], [ 92.1901835, 27.5905731 ], [ 92.1891965, 27.5906111 ], [ 92.1880914, 27.5913699 ], [ 92.1869327, 27.5919024 ], [ 92.1850444, 27.5919024 ], [ 92.1839608, 27.591562 ], [ 92.1808387, 27.5917122 ], [ 92.1783067, 27.5912558 ], [ 92.1762038, 27.5915601 ], [ 92.1748735, 27.5918644 ], [ 92.1732749, 27.5924748 ], [ 92.1719981, 27.5930434 ], [ 92.1709145, 27.5934637 ], [ 92.16967, 27.5943004 ], [ 92.1683074, 27.5947169 ], [ 92.1673221, 27.5953366 ], [ 92.1668376, 27.5959739 ], [ 92.1659793, 27.5964303 ], [ 92.1652497, 27.597191 ], [ 92.1634902, 27.5982939 ], [ 92.1619559, 27.5990907 ], [ 92.1604003, 27.6000054 ], [ 92.158866, 27.6002316 ], [ 92.1571065, 27.6013346 ], [ 92.1556045, 27.6021712 ], [ 92.1533729, 27.6023234 ], [ 92.1516885, 27.6031239 ], [ 92.1500684, 27.6040347 ], [ 92.1494139, 27.6049494 ], [ 92.1484269, 27.6056339 ], [ 92.1483089, 27.6062785 ], [ 92.147354, 27.6068509 ], [ 92.1469785, 27.6076095 ], [ 92.1452619, 27.6075715 ], [ 92.1442641, 27.6087143 ], [ 92.1429337, 27.6093988 ], [ 92.1421612, 27.6100833 ], [ 92.1409703, 27.6109941 ], [ 92.1402301, 27.6116424 ], [ 92.1389426, 27.6119847 ], [ 92.1378268, 27.6121368 ], [ 92.1370543, 27.6128974 ], [ 92.137065, 27.6138461 ], [ 92.1364535, 27.6151029 ], [ 92.1355094, 27.6162437 ], [ 92.1343185, 27.6182952 ], [ 92.1337177, 27.6199303 ], [ 92.1328593, 27.6212992 ], [ 92.1320761, 27.6229741 ], [ 92.131014, 27.624265 ], [ 92.1296836, 27.6245692 ], [ 92.1281708, 27.6244951 ], [ 92.1271087, 27.6245692 ], [ 92.1261967, 27.6252555 ], [ 92.1254243, 27.6261681 ], [ 92.1248342, 27.6271928 ], [ 92.1233214, 27.6279171 ], [ 92.1226026, 27.629398 ], [ 92.1227635, 27.6306927 ], [ 92.1217443, 27.6312611 ], [ 92.1206607, 27.6329359 ], [ 92.1207143, 27.6338845 ], [ 92.1211756, 27.6343426 ], [ 92.1212186, 27.635065 ], [ 92.121519, 27.6365097 ], [ 92.1211005, 27.6374203 ], [ 92.1207143, 27.6385989 ], [ 92.120371, 27.6396253 ], [ 92.1196736, 27.6406917 ], [ 92.1191157, 27.6414521 ], [ 92.1179677, 27.6419064 ], [ 92.1172274, 27.6425166 ], [ 92.116294, 27.6429709 ], [ 92.1155108, 27.6431248 ], [ 92.112732, 27.6430849 ], [ 92.1111442, 27.6428188 ], [ 92.1091593, 27.6429728 ], [ 92.1078719, 27.6431629 ], [ 92.1064557, 27.643505 ], [ 92.1055545, 27.6438091 ], [ 92.1044816, 27.6446075 ], [ 92.1030654, 27.6456719 ], [ 92.102722, 27.6469645 ], [ 92.1028079, 27.6480289 ], [ 92.102722, 27.6489032 ], [ 92.1025611, 27.6501178 ], [ 92.1019603, 27.6511442 ], [ 92.1013917, 27.6520964 ], [ 92.1002758, 27.6534557 ] ] } },
{ "type": "Feature", "properties": { "osm_id": 468966928, "tags": { "name": "Nuranang River", "name:en": "Nuranang River", "name:zh": "达旺南河", "name:zh-Hans": "达旺南河", "name:zh-Hant": "達旺南河", "name:zh-Latn-pinyin": "Dá wàng nánhé", "waterway": "stream" }, "inside_district": true }, "geometry": { "type": "LineString", "coordinates": [ [ 92.0987773, 27.5114291 ], [ 92.0976669, 27.5117479 ], [ 92.0965994, 27.5122332 ], [ 92.096299, 27.5123664 ], [ 92.0960093, 27.5125282 ], [ 92.0958323, 27.5126423 ], [ 92.0953495, 27.5127042 ], [ 92.0950383, 27.5125615 ], [ 92.0948452, 27.5125948 ], [ 92.094636, 27.5126186 ], [ 92.0944, 27.5126281 ], [ 92.0942122, 27.5128374 ], [ 92.0934934, 27.5126186 ], [ 92.093252, 27.5126709 ], [ 92.09315, 27.512709 ], [ 92.0930428, 27.5127803 ], [ 92.0928818, 27.5128469 ], [ 92.0924956, 27.512866 ], [ 92.092163, 27.5128564 ], [ 92.0918358, 27.5128469 ], [ 92.091294, 27.512885 ], [ 92.0906878, 27.5130943 ], [ 92.0904035, 27.5133084 ], [ 92.0901031, 27.513494 ], [ 92.0899958, 27.5137223 ], [ 92.0896846, 27.5140697 ], [ 92.0896417, 27.5142647 ], [ 92.0897276, 27.5145312 ], [ 92.08969, 27.5147738 ], [ 92.0894862, 27.514926 ], [ 92.0892287, 27.5149213 ], [ 92.0887834, 27.5148452 ], [ 92.0878768, 27.5149831 ], [ 92.0876676, 27.5149498 ], [ 92.0872814, 27.5149546 ], [ 92.0871204, 27.5149641 ], [ 92.08682, 27.5149784 ], [ 92.0865089, 27.5149926 ], [ 92.086246, 27.5150212 ], [ 92.085951, 27.5151544 ], [ 92.0857632, 27.51534 ], [ 92.0854307, 27.5154827 ], [ 92.0851356, 27.5156111 ], [ 92.0848084, 27.5156064 ], [ 92.0846045, 27.5155493 ], [ 92.0843041, 27.5153447 ], [ 92.0840252, 27.5153733 ], [ 92.0837945, 27.5154637 ], [ 92.0836068, 27.5155683 ], [ 92.0831722, 27.5156349 ], [ 92.0827853, 27.5155056 ], [ 92.0825493, 27.5156436 ], [ 92.0823293, 27.5157197 ], [ 92.0819967, 27.5158101 ], [ 92.0817339, 27.5159148 ], [ 92.0813476, 27.5159861 ], [ 92.0809882, 27.5160242 ], [ 92.0802157, 27.5160385 ], [ 92.0799851, 27.516086 ], [ 92.0797973, 27.5161764 ], [ 92.0795291, 27.5162811 ], [ 92.0793038, 27.5164238 ], [ 92.0791482, 27.5166237 ], [ 92.0790195, 27.5167997 ], [ 92.0788371, 27.5169234 ], [ 92.0786172, 27.517009 ], [ 92.0784079, 27.5171137 ], [ 92.0781129, 27.5173183 ], [ 92.077952, 27.517499 ], [ 92.07785, 27.5176132 ], [ 92.0774102, 27.5175752 ], [ 92.0772331, 27.5175038 ], [ 92.0769381, 27.5175228 ], [ 92.0763212, 27.5177988 ], [ 92.0761388, 27.5179748 ], [ 92.0759671, 27.5181841 ], [ 92.0756935, 27.5184981 ], [ 92.0755112, 27.518736 ], [ 92.0752537, 27.5190119 ], [ 92.0748567, 27.5192593 ], [ 92.0746797, 27.5193307 ], [ 92.0744544, 27.5194306 ], [ 92.0742237, 27.519502 ], [ 92.0739716, 27.519502 ], [ 92.0737409, 27.5195781 ], [ 92.0736175, 27.5197779 ], [ 92.073478, 27.5200253 ], [ 92.0730006, 27.5202774 ], [ 92.0727163, 27.5204677 ], [ 92.0724534, 27.5206675 ], [ 92.0722335, 27.5208864 ], [ 92.0717614, 27.5214715 ], [ 92.0717239, 27.5216047 ], [ 92.0717024, 27.5217379 ], [ 92.0716166, 27.5219996 ], [ 92.0715093, 27.5221423 ], [ 92.0713215, 27.5222708 ], [ 92.071107, 27.522404 ], [ 92.0706993, 27.5224848 ], [ 92.0704793, 27.5225229 ], [ 92.0703613, 27.522599 ], [ 92.0702272, 27.522775 ], [ 92.070018, 27.5230747 ], [ 92.06968, 27.5232032 ], [ 92.0693528, 27.5232983 ], [ 92.0691704, 27.5234458 ], [ 92.0689773, 27.5235124 ], [ 92.0688539, 27.5237741 ], [ 92.0686501, 27.5240833 ], [ 92.0684301, 27.5242878 ], [ 92.0681995, 27.5244496 ], [ 92.0680117, 27.5246351 ], [ 92.0678937, 27.5247588 ], [ 92.0676737, 27.5248587 ], [ 92.0674431, 27.5249253 ], [ 92.0672285, 27.5250109 ], [ 92.0667457, 27.5252964 ], [ 92.0659732, 27.5259434 ], [ 92.0658069, 27.5261099 ], [ 92.0657372, 27.5263287 ], [ 92.0655763, 27.5265713 ], [ 92.0653349, 27.5267426 ], [ 92.0650184, 27.5269424 ], [ 92.0648306, 27.5271279 ], [ 92.064439, 27.527204 ], [ 92.0640796, 27.5272183 ], [ 92.0638006, 27.5272325 ], [ 92.0634895, 27.5272325 ], [ 92.0632374, 27.5273087 ], [ 92.062996, 27.5275703 ], [ 92.0626795, 27.52787 ], [ 92.0624756, 27.5278985 ], [ 92.0620572, 27.5279794 ], [ 92.0619445, 27.5281126 ], [ 92.0618802, 27.5283076 ], [ 92.0618641, 27.5285027 ], [ 92.0613598, 27.5287691 ], [ 92.0608234, 27.5292067 ], [ 92.0606088, 27.5293114 ], [ 92.0604586, 27.5294065 ], [ 92.0601796, 27.5293352 ], [ 92.0600133, 27.5291829 ], [ 92.0597988, 27.5292115 ], [ 92.0596486, 27.5293542 ], [ 92.0594662, 27.5294731 ], [ 92.0592409, 27.5294208 ], [ 92.0590209, 27.5294589 ], [ 92.0589029, 27.5295825 ], [ 92.0587259, 27.5296967 ], [ 92.0584308, 27.5298109 ], [ 92.0581519, 27.530044 ], [ 92.0578139, 27.5301439 ], [ 92.0576047, 27.5302009 ], [ 92.0574223, 27.5303104 ], [ 92.0571863, 27.5304198 ], [ 92.0569127, 27.5305101 ], [ 92.0566606, 27.530553 ], [ 92.0563709, 27.5305672 ], [ 92.0559578, 27.5307147 ], [ 92.0553839, 27.5310429 ], [ 92.0553034, 27.5311428 ], [ 92.0550834, 27.531257 ], [ 92.0548421, 27.5313236 ], [ 92.0545631, 27.5313759 ], [ 92.0543163, 27.5314568 ], [ 92.0541018, 27.53159 ], [ 92.0539998, 27.531747 ], [ 92.0539355, 27.5319467 ], [ 92.0538228, 27.5321037 ], [ 92.053619, 27.5321608 ], [ 92.0532542, 27.5321703 ], [ 92.053163, 27.5322797 ], [ 92.0528679, 27.532608 ], [ 92.0522326, 27.5326301 ], [ 92.0520395, 27.5329707 ], [ 92.0517605, 27.533199 ], [ 92.051503, 27.5336366 ], [ 92.0511812, 27.5339049 ], [ 92.0507306, 27.5342265 ], [ 92.0503014, 27.5345518 ], [ 92.0504302, 27.5350846 ], [ 92.0503443, 27.5354842 ], [ 92.0501727, 27.5358076 ], [ 92.0497006, 27.5360911 ], [ 92.0493573, 27.5364546 ], [ 92.0488423, 27.536681 ], [ 92.0484346, 27.5368903 ], [ 92.0481342, 27.537385 ], [ 92.047469, 27.5375752 ], [ 92.0467609, 27.5380147 ], [ 92.0465892, 27.5382431 ], [ 92.0462674, 27.5386597 ], [ 92.0456236, 27.5390802 ], [ 92.0447868, 27.5395749 ], [ 92.0442289, 27.5401267 ], [ 92.0438641, 27.5405453 ], [ 92.0432633, 27.5407926 ], [ 92.04292, 27.5411351 ], [ 92.0426196, 27.5414775 ], [ 92.0425123, 27.5416659 ], [ 92.0422119, 27.541839 ], [ 92.0418685, 27.5418181 ], [ 92.0414608, 27.5415327 ], [ 92.0412034, 27.5415898 ], [ 92.04086, 27.5419703 ], [ 92.0406884, 27.5421815 ], [ 92.0405382, 27.5422557 ], [ 92.0401519, 27.5422766 ], [ 92.0394009, 27.5421986 ], [ 92.038843, 27.5421986 ], [ 92.0381349, 27.5422557 ], [ 92.0375126, 27.5423699 ], [ 92.0368045, 27.542465 ], [ 92.0362466, 27.5426933 ], [ 92.0360535, 27.5428855 ], [ 92.03556, 27.5431499 ], [ 92.0350235, 27.5434543 ], [ 92.0344871, 27.5436065 ], [ 92.0340579, 27.5437587 ], [ 92.0336073, 27.5441583 ], [ 92.0333498, 27.5443866 ], [ 92.0330709, 27.5445787 ], [ 92.0321053, 27.5451875 ], [ 92.0315045, 27.5455871 ], [ 92.031247, 27.5461369 ], [ 92.031011, 27.5464622 ], [ 92.0306676, 27.5467838 ], [ 92.0301312, 27.547071 ], [ 92.0295518, 27.5472042 ], [ 92.0291227, 27.5474515 ], [ 92.028715, 27.5476989 ], [ 92.0280069, 27.5480775 ], [ 92.0276636, 27.5481536 ], [ 92.0273846, 27.5481726 ], [ 92.0270198, 27.5481935 ], [ 92.0265478, 27.5483628 ], [ 92.0261186, 27.5484599 ], [ 92.0253676, 27.548536 ], [ 92.0248955, 27.5486672 ], [ 92.0244664, 27.5487814 ], [ 92.0237153, 27.5489716 ], [ 92.0231789, 27.5491048 ], [ 92.0227498, 27.5495233 ], [ 92.0222562, 27.5500751 ], [ 92.0217412, 27.5503794 ], [ 92.0213765, 27.5506268 ], [ 92.0210331, 27.550914 ], [ 92.0204967, 27.5512546 ], [ 92.0199173, 27.5515209 ], [ 92.0194024, 27.5516731 ], [ 92.0191449, 27.5518824 ], [ 92.0187586, 27.5522077 ], [ 92.0184368, 27.5525311 ], [ 92.0180505, 27.5527974 ], [ 92.017622, 27.5527778 ], [ 92.0171285, 27.5530252 ], [ 92.0163013, 27.5531383 ], [ 92.016077, 27.5534056 ], [ 92.0158839, 27.553729 ], [ 92.015326, 27.553691 ], [ 92.0149183, 27.5538051 ], [ 92.0146394, 27.5538432 ], [ 92.01406, 27.5540334 ], [ 92.0135021, 27.5541856 ], [ 92.0132661, 27.5547183 ], [ 92.013073, 27.5551939 ], [ 92.0126749, 27.5551549 ], [ 92.0122147, 27.5548705 ], [ 92.0117737, 27.5549456 ], [ 92.0113993, 27.5550227 ], [ 92.0101118, 27.5550227 ], [ 92.0097996, 27.5551929 ], [ 92.0091891, 27.5553651 ], [ 92.0087385, 27.5553841 ], [ 92.0081377, 27.5554602 ], [ 92.0076646, 27.5553851 ], [ 92.0065488, 27.556184 ], [ 92.0056046, 27.5572494 ], [ 92.0043172, 27.5574396 ], [ 92.003373, 27.5588473 ], [ 92.0025147, 27.5601409 ], [ 92.0017959, 27.5610901 ], [ 92.0019997, 27.5617768 ], [ 92.0020105, 27.5624597 ], [ 92.0016564, 27.5633366 ], [ 92.0013238, 27.5642478 ], [ 92.0014526, 27.5650087 ], [ 92.0014526, 27.5658456 ], [ 92.0010985, 27.5667225 ], [ 92.0004119, 27.5672932 ], [ 92.0000793, 27.5680521 ], [ 92.0000793, 27.5690032 ], [ 91.9999398, 27.5700323 ], [ 91.9997252, 27.5710213 ], [ 91.9997359, 27.5719705 ], [ 91.9992531, 27.5727332 ], [ 91.9987489, 27.5736063 ], [ 91.9980515, 27.5746353 ], [ 91.997322, 27.5751678 ], [ 91.9967748, 27.5758506 ], [ 91.9967641, 27.5766133 ], [ 91.996689, 27.5777526 ], [ 91.9963027, 27.5784754 ], [ 91.9954766, 27.5792 ], [ 91.9949294, 27.5801871 ], [ 91.9945003, 27.581062 ], [ 91.9943179, 27.5820909 ], [ 91.99376, 27.5828897 ], [ 91.9928588, 27.5833842 ], [ 91.9921828, 27.5836106 ], [ 91.9910134, 27.5838407 ], [ 91.9903268, 27.5838787 ], [ 91.9897259, 27.5841069 ], [ 91.9888676, 27.5840689 ], [ 91.9880952, 27.5846014 ], [ 91.987666, 27.5855904 ], [ 91.9871188, 27.5862731 ], [ 91.9861211, 27.5870738 ], [ 91.985413, 27.5883765 ], [ 91.984544, 27.588833 ], [ 91.9842203, 27.5892305 ], [ 91.9836718, 27.5894999 ], [ 91.9833316, 27.589394 ], [ 91.9827567, 27.5896951 ], [ 91.98223, 27.5899333 ] ] } },
{ "type": "Feature", "properties": { "osm_id": 468966929, "tags": { "waterway": "stream" }, "inside_district": true }, "geometry": { "type": "LineString", "coordinates": [ [ 92.5501939, 27.6637717 ], [ 92.550769, 27.6606473 ], [ 92.5530006, 27.656542 ], [ 92.5562621, 27.6522846 ], [ 92.558777, 27.6473503 ], [ 92.5626136, 27.6422486 ], [ 92.5653001, 27.639747 ], [ 92.5733682, 27.6414198 ], [ 92.5785781, 27.6437692 ], [ 92.5869294, 27.6443091 ], [ 92.5900193, 27.6443091 ], [ 92.5928648, 27.645381 ], [ 92.5969459, 27.6483311 ], [ 92.6014091, 27.6498517 ], [ 92.6057006, 27.6487873 ], [ 92.6110221, 27.6500038 ], [ 92.6120521, 27.6496996 ], [ 92.6144553, 27.6463543 ], [ 92.6214935, 27.6443775 ], [ 92.6271583, 27.6458981 ], [ 92.6340247, 27.6445296 ], [ 92.6408912, 27.6445296 ], [ 92.6456977, 27.6434651 ], [ 92.6494743, 27.6427048 ], [ 92.6520807, 27.6427048 ], [ 92.6546241, 27.6427048 ], [ 92.657714, 27.6475708 ], [ 92.6606322, 27.6495476 ], [ 92.6662971, 27.6493955 ], [ 92.6733352, 27.6500038 ], [ 92.6772834, 27.6500038 ], [ 92.6803733, 27.6483311 ], [ 92.6846648, 27.6463543 ], [ 92.6880981, 27.6451378 ], [ 92.6920463, 27.6466584 ], [ 92.6990844, 27.6490914 ], [ 92.701316, 27.650612 ], [ 92.7042342, 27.6541092 ], [ 92.7078391, 27.6553256 ], [ 92.7114457, 27.6565449 ] ] } },
{ "type": "Feature", "properties": { "osm_id": 470854031, "tags": { "alt_name": "Singu", "name": "Sangti Chu", "name:en": "Sangti Chu", "name:zh": "桑提曲", "name:zh-Hans": "桑提曲", "name:zh-Hant": "桑提曲", "name:zh-Latn-pinyin": "Kē mǎ hé", "source": "US AMS map NG 46-2", "waterway": "river" }, "inside_district": true }, "geometry": { "type": "LineString", "coordinates": [ [ 92.3171464, 27.4542383 ], [ 92.3169748, 27.4535909 ], [ 92.3167173, 27.4531339 ], [ 92.3165885, 27.4524484 ], [ 92.3165456, 27.4518772 ], [ 92.3162881, 27.451344 ], [ 92.3155586, 27.451306 ], [ 92.3152582, 27.450849 ], [ 92.3149148, 27.4502396 ], [ 92.3149148, 27.4495922 ], [ 92.3151294, 27.4490971 ], [ 92.3152152, 27.4482593 ], [ 92.3143998, 27.4480688 ], [ 92.313799, 27.4475737 ], [ 92.313799, 27.4468882 ], [ 92.3134128, 27.4465074 ], [ 92.3128549, 27.4456695 ], [ 92.3126832, 27.4448316 ], [ 92.3123399, 27.4441461 ], [ 92.312297, 27.4435748 ], [ 92.3123399, 27.4429654 ], [ 92.3127262, 27.4425465 ], [ 92.3130695, 27.4420513 ], [ 92.3134128, 27.4412134 ], [ 92.3137132, 27.4406421 ], [ 92.3138419, 27.440147 ], [ 92.3137132, 27.4393091 ], [ 92.3136035, 27.439017 ], [ 92.3138992, 27.438742 ], [ 92.3146097, 27.4384881 ], [ 92.315077, 27.4382469 ], [ 92.3154442, 27.437684 ], [ 92.315735, 27.4370492 ], [ 92.315921, 27.4363848 ], [ 92.3162595, 27.4354368 ], [ 92.3159257, 27.4345142 ], [ 92.3155824, 27.4340614 ], [ 92.3156635, 27.4335704 ], [ 92.3160306, 27.4329864 ], [ 92.3164598, 27.4320976 ], [ 92.3168317, 27.4314163 ], [ 92.31697, 27.430773 ], [ 92.3166355, 27.4301196 ], [ 92.3161323, 27.4292086 ], [ 92.3156444, 27.4283775 ], [ 92.3150149, 27.4277342 ], [ 92.314438, 27.4270824 ], [ 92.3141328, 27.4262909 ], [ 92.3140565, 27.4254444 ], [ 92.3138706, 27.4245387 ], [ 92.3136369, 27.4239504 ], [ 92.3131124, 27.4235779 ], [ 92.3123675, 27.4235046 ], [ 92.3120062, 27.4236667 ], [ 92.3111193, 27.4240604 ], [ 92.3108856, 27.4241176 ], [ 92.3106805, 27.424107 ], [ 92.3098795, 27.4239165 ], [ 92.3086921, 27.4237684 ], [ 92.3072091, 27.4237938 ], [ 92.3055116, 27.4236371 ], [ 92.3041193, 27.4233748 ], [ 92.3028127, 27.4233112 ], [ 92.3010961, 27.4231335 ], [ 92.3002581, 27.4228752 ], [ 92.300031, 27.4226393 ], [ 92.2999421, 27.4224224 ], [ 92.2999711, 27.4222521 ], [ 92.3002807, 27.4219018 ], [ 92.3003128, 27.421658 ], [ 92.3002136, 27.4214649 ], [ 92.299818, 27.4211953 ], [ 92.2993413, 27.4207632 ], [ 92.2984067, 27.4199505 ], [ 92.2981349, 27.419121 ], [ 92.2976629, 27.4184353 ], [ 92.2970191, 27.4173305 ], [ 92.2970191, 27.4161877 ], [ 92.2973625, 27.4154257 ], [ 92.2973625, 27.4146448 ], [ 92.2972337, 27.4139019 ], [ 92.2970191, 27.4136733 ], [ 92.2966973, 27.4132352 ], [ 92.2961608, 27.4127971 ], [ 92.2952381, 27.4120542 ], [ 92.2945515, 27.4114828 ], [ 92.2930924, 27.4105494 ], [ 92.2930065, 27.409997 ], [ 92.2928134, 27.409235 ], [ 92.2922126, 27.4086636 ], [ 92.2914401, 27.4081492 ], [ 92.2901741, 27.4079207 ], [ 92.2898094, 27.4078445 ], [ 92.2897021, 27.407654 ], [ 92.2892944, 27.4073873 ], [ 92.2875348, 27.4066444 ], [ 92.286698, 27.4060538 ], [ 92.2853247, 27.4055395 ], [ 92.2838227, 27.4056728 ], [ 92.2829644, 27.4055776 ], [ 92.2817413, 27.4054252 ], [ 92.2807757, 27.4050823 ], [ 92.2795526, 27.4046823 ], [ 92.2789518, 27.4044346 ], [ 92.2783939, 27.4042632 ], [ 92.2782222, 27.4039393 ], [ 92.2779647, 27.4032345 ], [ 92.2779647, 27.4028154 ], [ 92.278308, 27.4022058 ], [ 92.2787587, 27.4016152 ], [ 92.2789518, 27.4011009 ], [ 92.2789089, 27.4006437 ], [ 92.2787587, 27.4002246 ], [ 92.2785655, 27.3997483 ], [ 92.2782222, 27.3992911 ], [ 92.2776429, 27.3988529 ], [ 92.2769562, 27.3985862 ], [ 92.2761194, 27.3979575 ], [ 92.2755615, 27.397005 ], [ 92.2751538, 27.3962239 ], [ 92.2749392, 27.3957667 ], [ 92.2750679, 27.395138 ], [ 92.2748534, 27.3942045 ], [ 92.2745959, 27.3937091 ], [ 92.2740809, 27.3932328 ], [ 92.2736517, 27.3928137 ], [ 92.2738878, 27.3916325 ], [ 92.2744027, 27.3909085 ], [ 92.2747675, 27.3899369 ], [ 92.2747461, 27.3893843 ], [ 92.2748104, 27.3891176 ], [ 92.2747675, 27.3887937 ], [ 92.2748104, 27.3885651 ], [ 92.2747246, 27.3883746 ], [ 92.2746602, 27.3882031 ], [ 92.2745744, 27.3880888 ], [ 92.2744457, 27.3879554 ], [ 92.2743169, 27.387803 ], [ 92.2742525, 27.3876696 ], [ 92.2736946, 27.3865455 ], [ 92.2732226, 27.3859358 ], [ 92.2729865, 27.3854214 ] ] } },
{ "type": "Feature", "properties": { "osm_id": 470854481, "tags": { "name": "Sangti Chu", "name:en": "Sangti Chu", "name:zh": "桑提曲", "name:zh-Hans": "桑提曲", "name:zh-Hant": "桑提曲", "waterway": "river" }, "inside_district": true }, "geometry": { "type": "LineString", "coordinates": [ [ 92.3052708, 27.5629029 ], [ 92.3053073, 27.5628248 ], [ 92.3054027, 27.562681 ], [ 92.3054282, 27.5625067 ], [ 92.3053733, 27.5623925 ], [ 92.3052692, 27.5622635 ], [ 92.3053423, 27.5619487 ], [ 92.3056594, 27.5608834 ], [ 92.30606, 27.5603243 ], [ 92.3061124, 27.5596649 ], [ 92.3057105, 27.5587975 ], [ 92.3065464, 27.557418 ], [ 92.3065226, 27.5564962 ], [ 92.3059359, 27.5555919 ], [ 92.3075287, 27.550282 ], [ 92.309455, 27.5475425 ], [ 92.3114577, 27.5447859 ], [ 92.3152152, 27.5422492 ], [ 92.320098, 27.5398308 ], [ 92.3225439, 27.5376295 ], [ 92.3226349, 27.5375476 ], [ 92.3261443, 27.5331502 ], [ 92.3280898, 27.5287019 ], [ 92.3289482, 27.526114 ], [ 92.3292915, 27.5250484 ], [ 92.3274032, 27.5215471 ], [ 92.3251716, 27.5180456 ], [ 92.3236266, 27.5143918 ], [ 92.3225967, 27.5130215 ], [ 92.3217384, 27.5108901 ], [ 92.3201934, 27.5073882 ], [ 92.3201934, 27.5052566 ], [ 92.3183051, 27.5017546 ], [ 92.3179618, 27.4993184 ], [ 92.3179618, 27.4977957 ], [ 92.3179618, 27.4953594 ], [ 92.3191635, 27.4927708 ], [ 92.3212234, 27.4903343 ], [ 92.32191, 27.4891161 ], [ 92.3222534, 27.4875933 ], [ 92.3195068, 27.4843953 ], [ 92.3198501, 27.4798266 ], [ 92.3225967, 27.4772376 ], [ 92.3225967, 27.4734301 ], [ 92.3225967, 27.4699271 ], [ 92.3207084, 27.4667286 ], [ 92.3201934, 27.4641392 ], [ 92.3198501, 27.460179 ], [ 92.3188201, 27.4581988 ], [ 92.3180691, 27.4555998 ], [ 92.3171464, 27.4542383 ] ] } },
{ "type": "Feature", "properties": { "osm_id": 470854482, "tags": { "name": "Digo River", "name:en": "Digo River", "name:zh": "科马河", "name:zh-Hans": "科马河", "name:zh-Hant": "科馬河", "name:zh-Latn-pinyin": "Kē mǎ hé", "waterway": "river" }, "inside_district": true }, "geometry": { "type": "LineString", "coordinates": [ [ 92.2657965, 27.348142 ], [ 92.2666329, 27.3476549 ], [ 92.2674429, 27.3465781 ], [ 92.2677749, 27.3462726 ], [ 92.2686236, 27.3458443 ], [ 92.2700232, 27.3455822 ], [ 92.270726, 27.3457871 ], [ 92.2716057, 27.3459634 ], [ 92.2722334, 27.3460778 ], [ 92.272743, 27.3458395 ], [ 92.2733223, 27.3452725 ], [ 92.2743362, 27.3443957 ], [ 92.2746849, 27.3436047 ], [ 92.2752964, 27.3428995 ], [ 92.276085, 27.3421276 ], [ 92.2766858, 27.3411888 ], [ 92.2768199, 27.3406408 ], [ 92.2771633, 27.3404169 ], [ 92.2776139, 27.3403883 ], [ 92.2780359, 27.3406519 ], [ 92.2783703, 27.3411459 ], [ 92.2786117, 27.341389 ], [ 92.278955, 27.3414414 ], [ 92.2793949, 27.3413127 ], [ 92.2800332, 27.3410935 ], [ 92.2807145, 27.3409839 ], [ 92.2810686, 27.3409649 ], [ 92.2819, 27.3408457 ], [ 92.2826779, 27.3407218 ], [ 92.2841263, 27.3402024 ], [ 92.285108, 27.3402215 ], [ 92.286669, 27.3405217 ], [ 92.2882837, 27.3404264 ], [ 92.2892278, 27.3401214 ], [ 92.2914004, 27.339664 ], [ 92.2928435, 27.3393399 ], [ 92.2942382, 27.3394209 ], [ 92.2946888, 27.3397307 ], [ 92.2954613, 27.3397879 ], [ 92.2963411, 27.3398451 ], [ 92.2977573, 27.3399785 ], [ 92.2992808, 27.3405408 ], [ 92.3000801, 27.340841 ], [ 92.3015553, 27.3409744 ], [ 92.3032182, 27.3414414 ], [ 92.3036367, 27.3416749 ], [ 92.3042268, 27.3418845 ], [ 92.3046184, 27.3418464 ], [ 92.305541, 27.3415605 ], [ 92.3065925, 27.3407504 ], [ 92.3078531, 27.3402882 ], [ 92.3093927, 27.3397307 ], [ 92.3103797, 27.3397212 ], [ 92.3113882, 27.3398069 ], [ 92.312327, 27.3402501 ], [ 92.3130673, 27.3403549 ], [ 92.3136842, 27.3403454 ], [ 92.3141348, 27.3403597 ], [ 92.3147196, 27.3403025 ], [ 92.3154545, 27.3398927 ], [ 92.3163718, 27.3393161 ], [ 92.3179436, 27.3385394 ], [ 92.320084, 27.3375768 ], [ 92.3214251, 27.3373766 ], [ 92.322101, 27.3373433 ], [ 92.3233724, 27.3366142 ], [ 92.3253679, 27.3357898 ], [ 92.3267305, 27.3356659 ], [ 92.3276424, 27.335766 ], [ 92.3283023, 27.3359661 ], [ 92.3293644, 27.3359089 ], [ 92.3299491, 27.3354848 ], [ 92.3308665, 27.334851 ], [ 92.3312634, 27.3348319 ], [ 92.3316121, 27.3349034 ], [ 92.3318911, 27.3351608 ], [ 92.332111, 27.33538 ], [ 92.3324972, 27.3357326 ], [ 92.3331141, 27.3359423 ], [ 92.3336989, 27.3359566 ], [ 92.3342192, 27.3358899 ], [ 92.3354369, 27.3357421 ], [ 92.3366922, 27.3359137 ], [ 92.3372823, 27.3361281 ], [ 92.3379475, 27.3367095 ], [ 92.3384625, 27.3369954 ], [ 92.3390472, 27.3369525 ], [ 92.3398733, 27.3367905 ], [ 92.3410696, 27.336638 ], [ 92.3416758, 27.3364569 ], [ 92.3435157, 27.3360614 ], [ 92.3449802, 27.3354705 ], [ 92.3470831, 27.3347843 ], [ 92.3479468, 27.3348939 ], [ 92.3483169, 27.3348891 ], [ 92.3487353, 27.3345651 ], [ 92.3488909, 27.3341219 ], [ 92.3494542, 27.3335024 ], [ 92.3500657, 27.3331402 ], [ 92.3516251, 27.3326354 ], [ 92.3526996, 27.332311 ], [ 92.3536491, 27.3322014 ], [ 92.354486, 27.332087 ], [ 92.3552316, 27.3321013 ], [ 92.3556662, 27.3321537 ], [ 92.3567122, 27.3323205 ], [ 92.3574471, 27.3328019 ], [ 92.3576295, 27.3329353 ], [ 92.3587346, 27.3331545 ], [ 92.359255, 27.3328876 ], [ 92.3594534, 27.3327828 ], [ 92.3606121, 27.3325922 ], [ 92.3617709, 27.3323634 ], [ 92.3625594, 27.3320632 ], [ 92.3635036, 27.3317725 ], [ 92.3649788, 27.331477 ], [ 92.366116, 27.3314532 ], [ 92.3666954, 27.331458 ], [ 92.3673606, 27.3317963 ], [ 92.3675859, 27.3319679 ], [ 92.3681867, 27.3321966 ], [ 92.3684925, 27.3323491 ], [ 92.3689753, 27.332373 ], [ 92.3693227, 27.3322698 ], [ 92.3705256, 27.3318488 ], [ 92.3716628, 27.3314389 ], [ 92.3720276, 27.3314246 ], [ 92.3736101, 27.3311911 ], [ 92.3742807, 27.3310624 ], [ 92.3747688, 27.3308242 ], [ 92.3750907, 27.3302856 ], [ 92.3755574, 27.3293802 ], [ 92.3761368, 27.3286558 ], [ 92.3769736, 27.3279266 ], [ 92.3776603, 27.3272261 ], [ 92.3783576, 27.3260871 ], [ 92.3785615, 27.3256009 ], [ 92.3783523, 27.3252769 ], [ 92.378068, 27.3248861 ], [ 92.3780143, 27.3245096 ], [ 92.3780626, 27.3241569 ], [ 92.3792052, 27.3233324 ], [ 92.379688, 27.3225079 ], [ 92.3793501, 27.3215118 ], [ 92.3792642, 27.3200915 ], [ 92.3791623, 27.3195911 ], [ 92.3789102, 27.3189763 ], [ 92.378878, 27.3183805 ], [ 92.3791087, 27.3180802 ], [ 92.3795861, 27.317923 ], [ 92.3805571, 27.3179611 ], [ 92.3812491, 27.3189095 ], [ 92.3816353, 27.3194624 ], [ 92.3818016, 27.319777 ], [ 92.3826706, 27.3202822 ], [ 92.3834485, 27.3205443 ], [ 92.3843819, 27.3199628 ], [ 92.3850578, 27.3194386 ], [ 92.3854709, 27.3192384 ], [ 92.3867315, 27.3184997 ], [ 92.3878473, 27.3174654 ], [ 92.3888934, 27.3169316 ], [ 92.390036, 27.3168506 ], [ 92.3906368, 27.3169173 ], [ 92.3911947, 27.3172414 ], [ 92.3929864, 27.3189334 ], [ 92.3939735, 27.3199962 ], [ 92.3948479, 27.3201011 ], [ 92.3956793, 27.319715 ], [ 92.3965216, 27.3193862 ], [ 92.3974389, 27.3194767 ], [ 92.3988014, 27.320244 ], [ 92.3994237, 27.3206444 ], [ 92.4009204, 27.3209113 ], [ 92.40143, 27.320897 ], [ 92.4021757, 27.3211925 ], [ 92.4027228, 27.3218121 ], [ 92.404021, 27.3225508 ], [ 92.4047077, 27.322851 ], [ 92.4061936, 27.3237947 ], [ 92.4071377, 27.3237899 ], [ 92.4082857, 27.3246716 ], [ 92.4084842, 27.3253865 ], [ 92.4094284, 27.3262253 ], [ 92.4098307, 27.3264111 ], [ 92.4109894, 27.3263873 ], [ 92.4128991, 27.3262491 ], [ 92.4145836, 27.3260585 ], [ 92.4170995, 27.3263396 ], [ 92.4187732, 27.3267209 ], [ 92.4197388, 27.3274358 ], [ 92.4214661, 27.3273309 ], [ 92.423569, 27.3273023 ], [ 92.4242771, 27.3277217 ], [ 92.4249101, 27.3277694 ], [ 92.4255001, 27.3277313 ], [ 92.4265838, 27.3270545 ], [ 92.4270666, 27.3266065 ], [ 92.4277854, 27.3261109 ], [ 92.4285793, 27.3258917 ], [ 92.4293196, 27.326454 ], [ 92.429502, 27.3267972 ], [ 92.4296307, 27.3271689 ], [ 92.4296737, 27.3276741 ], [ 92.429738, 27.3282174 ], [ 92.4302208, 27.3285224 ], [ 92.4308431, 27.3286463 ], [ 92.4320769, 27.3287892 ], [ 92.4333429, 27.3288369 ], [ 92.4338901, 27.3294469 ], [ 92.4339008, 27.3301427 ], [ 92.4338794, 27.330686 ], [ 92.4341261, 27.3312864 ], [ 92.4345767, 27.3317344 ], [ 92.4350166, 27.332068 ], [ 92.4355316, 27.3323539 ], [ 92.4360573, 27.3324302 ], [ 92.4367118, 27.3324587 ], [ 92.4375486, 27.3324587 ], [ 92.4384928, 27.3324778 ], [ 92.4388897, 27.3324873 ], [ 92.4393082, 27.3324397 ], [ 92.4398446, 27.3322872 ], [ 92.440263, 27.3319917 ], [ 92.4412286, 27.3315342 ], [ 92.4422049, 27.3312483 ], [ 92.4428701, 27.3311816 ], [ 92.4432886, 27.3313531 ], [ 92.4438035, 27.3316391 ], [ 92.4443507, 27.3319155 ], [ 92.4449515, 27.3319059 ], [ 92.4453592, 27.3316391 ], [ 92.4460459, 27.3305049 ], [ 92.4463677, 27.3290847 ], [ 92.4467218, 27.3282174 ], [ 92.4480522, 27.3276264 ], [ 92.4486637, 27.3266351 ], [ 92.4492431, 27.3254246 ], [ 92.4503481, 27.324624 ], [ 92.4513459, 27.3246907 ], [ 92.4520433, 27.3251482 ], [ 92.4528158, 27.3255009 ], [ 92.4537814, 27.3257773 ], [ 92.454232, 27.3257868 ], [ 92.4549615, 27.325701 ], [ 92.4568391, 27.3245763 ], [ 92.4582982, 27.3234801 ], [ 92.4597788, 27.3227081 ], [ 92.46068, 27.3219074 ], [ 92.4614096, 27.3213069 ] ] } },
{ "type": "Feature", "properties": { "osm_id": 474942801, "tags": { "name": "Rama River", "name:en": "Rama River", "waterway": "river" }, "inside_district": true }, "geometry": { "type": "LineString", "coordinates": [ [ 92.2059217, 27.5110765 ], [ 92.2058487, 27.5106599 ], [ 92.2053122, 27.5100223 ], [ 92.2053337, 27.5095656 ], [ 92.2053337, 27.5091754 ], [ 92.2050118, 27.5085093 ], [ 92.2051728, 27.5077861 ], [ 92.2053015, 27.5073008 ], [ 92.2050977, 27.5057116 ], [ 92.2059989, 27.5047315 ], [ 92.2062564, 27.5043794 ], [ 92.2064388, 27.5030376 ], [ 92.206589, 27.5017529 ], [ 92.2060129, 27.5002092 ], [ 92.2065461, 27.498698 ], [ 92.2067606, 27.4982222 ], [ 92.2068035, 27.4968518 ], [ 92.2076082, 27.495862 ], [ 92.2080588, 27.4954433 ], [ 92.2080803, 27.4943678 ], [ 92.2090083, 27.4927928 ], [ 92.2095501, 27.4923978 ], [ 92.2100812, 27.4918886 ], [ 92.2107786, 27.4911415 ], [ 92.2111595, 27.4903516 ], [ 92.2112721, 27.4901565 ], [ 92.2115189, 27.4898329 ], [ 92.211948, 27.4895093 ], [ 92.2124362, 27.4892571 ], [ 92.212742, 27.4883719 ], [ 92.2127044, 27.488015 ], [ 92.2133213, 27.4871441 ], [ 92.2139865, 27.4872346 ], [ 92.2140402, 27.4871394 ], [ 92.2140294, 27.486911 ], [ 92.2138739, 27.4864303 ], [ 92.2136378, 27.4860686 ], [ 92.2132677, 27.4854738 ], [ 92.213935, 27.4846999 ], [ 92.2145444, 27.4836225 ], [ 92.2152954, 27.4819331 ], [ 92.2153974, 27.481243 ], [ 92.215392, 27.4808813 ], [ 92.2156173, 27.4804435 ], [ 92.2162771, 27.4795821 ], [ 92.2163683, 27.4794821 ], [ 92.2163147, 27.4789253 ], [ 92.216422, 27.4778973 ], [ 92.2169906, 27.477488 ], [ 92.2173929, 27.4770692 ], [ 92.2175646, 27.4765266 ], [ 92.2175431, 27.4759555 ], [ 92.2173683, 27.4748008 ], [ 92.2172213, 27.4737424 ], [ 92.2173554, 27.4730285 ], [ 92.2170249, 27.4717547 ], [ 92.2169477, 27.4705678 ], [ 92.2168082, 27.4702442 ], [ 92.2165453, 27.4694398 ], [ 92.2167063, 27.4690495 ], [ 92.2171301, 27.468288 ], [ 92.2170818, 27.4677787 ], [ 92.2168887, 27.4674502 ], [ 92.2169906, 27.4669362 ], [ 92.2172964, 27.4664602 ], [ 92.217629, 27.4656939 ], [ 92.217924, 27.4648371 ], [ 92.2178382, 27.4640232 ], [ 92.217688, 27.4629189 ], [ 92.2169638, 27.4619907 ], [ 92.2167546, 27.4617718 ], [ 92.2166794, 27.4611673 ], [ 92.2166848, 27.4603105 ], [ 92.2165132, 27.4598868 ], [ 92.2151774, 27.4590348 ], [ 92.2148341, 27.4588396 ], [ 92.2146892, 27.4584683 ], [ 92.2148234, 27.4580399 ], [ 92.2150058, 27.4574782 ], [ 92.2146302, 27.4569451 ], [ 92.2143084, 27.4566547 ], [ 92.213847, 27.4564691 ], [ 92.2137237, 27.455855 ], [ 92.2126454, 27.4544269 ], [ 92.2118139, 27.4538271 ], [ 92.2112775, 27.4537557 ], [ 92.2106016, 27.4529512 ], [ 92.2103602, 27.4523181 ], [ 92.2098559, 27.4519992 ], [ 92.2092175, 27.4518516 ], [ 92.208842, 27.4515231 ], [ 92.2087455, 27.4510328 ], [ 92.2089311, 27.4501025 ], [ 92.2090405, 27.4494666 ], [ 92.2092551, 27.4492714 ], [ 92.2097218, 27.4490905 ], [ 92.210328, 27.4487811 ], [ 92.2106337, 27.4476148 ], [ 92.2109771, 27.4472482 ], [ 92.2111487, 27.4468578 ], [ 92.2109932, 27.4463199 ], [ 92.2106177, 27.4458914 ], [ 92.2104654, 27.4441712 ], [ 92.2100758, 27.443116 ], [ 92.2098774, 27.4428446 ], [ 92.2099578, 27.442459 ], [ 92.2103012, 27.4420448 ], [ 92.2105586, 27.4416496 ], [ 92.2106928, 27.4414497 ], [ 92.211256, 27.4413021 ], [ 92.2113633, 27.4409831 ], [ 92.2112668, 27.4406023 ], [ 92.2108859, 27.44015 ], [ 92.2107571, 27.4397786 ], [ 92.210741, 27.4393692 ], [ 92.2110146, 27.4389693 ], [ 92.2115457, 27.4379171 ], [ 92.2116476, 27.4370506 ], [ 92.2117388, 27.4358508 ], [ 92.211594, 27.4353652 ], [ 92.2115081, 27.4349795 ], [ 92.2111165, 27.4341511 ], [ 92.2112668, 27.4337797 ], [ 92.2114491, 27.4329798 ], [ 92.211374, 27.4324561 ], [ 92.2115457, 27.4319943 ], [ 92.2117549, 27.4316324 ], [ 92.2116691, 27.4311944 ], [ 92.2114062, 27.4308135 ], [ 92.2112024, 27.4302897 ], [ 92.2111112, 27.429885 ], [ 92.2109663, 27.4294613 ], [ 92.2110146, 27.429147 ], [ 92.2111541, 27.4283185 ], [ 92.2108108, 27.4270568 ], [ 92.2104943, 27.4265235 ], [ 92.2101831, 27.4260616 ], [ 92.2098666, 27.4256331 ], [ 92.2098935, 27.425095 ], [ 92.2096091, 27.4245522 ], [ 92.2093946, 27.4239523 ], [ 92.2092551, 27.4234094 ], [ 92.2092336, 27.4230904 ], [ 92.2090191, 27.4217905 ], [ 92.2087938, 27.4212905 ], [ 92.2086543, 27.4209191 ], [ 92.2086543, 27.4206429 ], [ 92.2086221, 27.4198239 ], [ 92.208429, 27.4191763 ], [ 92.2082144, 27.418643 ], [ 92.2081017, 27.418462 ], [ 92.2080105, 27.4173858 ], [ 92.2076887, 27.4169192 ], [ 92.2076136, 27.4164049 ], [ 92.2079676, 27.4154382 ], [ 92.2077906, 27.4147954 ], [ 92.2078067, 27.4142477 ], [ 92.2079408, 27.4137192 ], [ 92.2080857, 27.4133001 ], [ 92.2081554, 27.4125525 ], [ 92.2079194, 27.4121334 ], [ 92.2076136, 27.4117238 ], [ 92.207458, 27.4113857 ], [ 92.207222, 27.4111381 ], [ 92.2068089, 27.4102904 ], [ 92.2064817, 27.4099095 ], [ 92.2061974, 27.4095428 ], [ 92.2062349, 27.4090046 ], [ 92.2063798, 27.4087046 ], [ 92.2065997, 27.4082475 ], [ 92.2069538, 27.4077998 ], [ 92.2069859, 27.4072045 ], [ 92.206884, 27.4065283 ], [ 92.2068304, 27.405933 ], [ 92.2066104, 27.4054853 ], [ 92.2061437, 27.4048329 ], [ 92.2056985, 27.4042661 ], [ 92.2055697, 27.4036613 ], [ 92.2054088, 27.4031898 ], [ 92.2052339, 27.4026623 ], [ 92.2050172, 27.4020087 ], [ 92.2046417, 27.4016611 ], [ 92.2041643, 27.4011419 ], [ 92.203263, 27.4004752 ], [ 92.2030324, 27.4001656 ], [ 92.2030806, 27.3997941 ], [ 92.2032469, 27.3994083 ], [ 92.2037297, 27.3987559 ], [ 92.2041911, 27.3980653 ], [ 92.2041911, 27.3975747 ], [ 92.203939, 27.3971365 ], [ 92.2035044, 27.3968317 ], [ 92.2034508, 27.3967508 ], [ 92.2034609, 27.3964191 ], [ 92.2034671, 27.3962177 ], [ 92.2040945, 27.3948361 ], [ 92.2045894, 27.3936228 ] ] } },
{ "type": "Feature", "properties": { "osm_id": 474944797, "tags": { "waterway": "stream" }, "inside_district": true }, "geometry": { "type": "LineString", "coordinates": [ [ 92.094354, 27.4739335 ], [ 92.0944398, 27.4732862 ], [ 92.0944398, 27.4724485 ], [ 92.0943111, 27.471647 ], [ 92.094354, 27.4710016 ], [ 92.0949548, 27.4704686 ], [ 92.0949548, 27.4700117 ], [ 92.0947832, 27.4694024 ], [ 92.0947832, 27.4687932 ], [ 92.0946115, 27.468222 ], [ 92.0947402, 27.4679174 ], [ 92.0949548, 27.4673462 ], [ 92.0951265, 27.4670397 ], [ 92.0952123, 27.4666228 ], [ 92.0952123, 27.466242 ], [ 92.0947832, 27.4654043 ], [ 92.0948261, 27.4649093 ], [ 92.094354, 27.4646027 ], [ 92.0940536, 27.4642619 ], [ 92.093839, 27.4638811 ], [ 92.0938819, 27.4635384 ], [ 92.0941394, 27.4630053 ], [ 92.0943969, 27.4626245 ], [ 92.0943969, 27.4620914 ], [ 92.0947402, 27.4616345 ], [ 92.094869, 27.4610252 ], [ 92.0950407, 27.460454 ], [ 92.0951265, 27.4598828 ], [ 92.0951694, 27.4593877 ], [ 92.0950836, 27.4588546 ], [ 92.0949977, 27.4582834 ], [ 92.0948261, 27.4577122 ], [ 92.0946973, 27.4572933 ], [ 92.0944828, 27.4569886 ], [ 92.094354, 27.456644 ], [ 92.0942253, 27.4563793 ], [ 92.0939249, 27.4559205 ], [ 92.0937532, 27.4555415 ], [ 92.0937103, 27.4552369 ], [ 92.0936674, 27.4549703 ], [ 92.0935815, 27.4545895 ], [ 92.0935815, 27.4541706 ], [ 92.0936674, 27.4536755 ], [ 92.0936674, 27.4531804 ], [ 92.0934903, 27.4528567 ] ] } },
{ "type": "Feature", "properties": { "osm_id": 474944798, "tags": { "name": "Yukmadung", "waterway": "stream" }, "inside_district": true }, "geometry": { "type": "LineString", "coordinates": [ [ 92.0489496, 27.4683743 ], [ 92.049722, 27.4681821 ], [ 92.0503658, 27.4678413 ], [ 92.0510953, 27.467154 ], [ 92.0521253, 27.4667751 ], [ 92.052769, 27.4665847 ], [ 92.0537561, 27.4663562 ], [ 92.0545715, 27.4660878 ], [ 92.0559448, 27.4657089 ], [ 92.0567602, 27.4656689 ], [ 92.0574897, 27.4655185 ], [ 92.0581764, 27.4648712 ], [ 92.0585197, 27.4643762 ], [ 92.0591205, 27.4639173 ], [ 92.0596355, 27.4636888 ], [ 92.0605367, 27.4635384 ], [ 92.0614379, 27.4631576 ], [ 92.0621675, 27.4627369 ], [ 92.0627254, 27.4620533 ], [ 92.0636266, 27.4619772 ], [ 92.0642274, 27.4616345 ], [ 92.0650428, 27.4615583 ], [ 92.0657295, 27.4610994 ], [ 92.0665449, 27.4607586 ], [ 92.0672315, 27.4607586 ], [ 92.0680898, 27.4606825 ], [ 92.0689052, 27.460454 ], [ 92.0694631, 27.4602255 ], [ 92.0701047, 27.4599608 ] ] } },
{ "type": "Feature", "properties": { "osm_id": 474944799, "tags": { "name": "Yukmadung", "waterway": "stream" }, "inside_district": true }, "geometry": { "type": "LineString", "coordinates": [ [ 92.0701047, 27.4599608 ], [ 92.0710939, 27.4598809 ], [ 92.0717805, 27.4596543 ], [ 92.0721239, 27.4589669 ], [ 92.0729392, 27.458588 ], [ 92.0739263, 27.4583215 ], [ 92.0742696, 27.458093 ], [ 92.0750421, 27.4575218 ], [ 92.0758146, 27.4573295 ], [ 92.0762866, 27.4570267 ], [ 92.0766729, 27.4565298 ], [ 92.0771879, 27.4562651 ], [ 92.0777458, 27.455732 ], [ 92.0783466, 27.455275 ], [ 92.0792907, 27.4551226 ], [ 92.0798486, 27.4545876 ], [ 92.0802349, 27.4544353 ], [ 92.0809644, 27.4542848 ], [ 92.0816081, 27.4541306 ], [ 92.0820802, 27.4538278 ], [ 92.082681, 27.4535994 ], [ 92.0838397, 27.4535232 ], [ 92.0845264, 27.4535232 ], [ 92.0851272, 27.4537898 ], [ 92.0853847, 27.4539421 ], [ 92.0858568, 27.4540925 ], [ 92.086243, 27.4539421 ], [ 92.0870584, 27.4538278 ], [ 92.0879167, 27.4537898 ], [ 92.088775, 27.453904 ], [ 92.0900625, 27.453864 ], [ 92.0904916, 27.4535594 ], [ 92.0908779, 27.452952 ], [ 92.0916933, 27.4528758 ], [ 92.0922512, 27.4528758 ], [ 92.0929378, 27.45299 ], [ 92.0934903, 27.4528567 ] ] } },
{ "type": "Feature", "properties": { "osm_id": 474944800, "tags": { "name": "Dirang Chu", "name:en": "Dirang Chu", "name:zh": "科马河", "name:zh-Hans": "科马河", "name:zh-Hant": "科馬河", "waterway": "river" }, "inside_district": true }, "geometry": { "type": "LineString", "coordinates": [ [ 92.0934903, 27.4528567 ], [ 92.0939249, 27.4524569 ], [ 92.0941823, 27.4519237 ], [ 92.0947402, 27.4508574 ], [ 92.0952981, 27.4503623 ], [ 92.0968431, 27.4499796 ], [ 92.097916, 27.4496768 ], [ 92.0988601, 27.4491417 ], [ 92.0998472, 27.448877 ], [ 92.1003622, 27.4486847 ], [ 92.1012205, 27.44838 ], [ 92.1013921, 27.4479249 ], [ 92.1023792, 27.4478868 ], [ 92.1035379, 27.4477345 ], [ 92.104482, 27.4470471 ], [ 92.1055549, 27.4463635 ], [ 92.1057266, 27.4458665 ], [ 92.106027, 27.4451047 ], [ 92.106499, 27.4446477 ], [ 92.1070999, 27.444305 ], [ 92.1079582, 27.4438879 ], [ 92.1087736, 27.4435052 ], [ 92.1092885, 27.4432385 ], [ 92.1097606, 27.4429339 ], [ 92.1102327, 27.4424768 ], [ 92.1110481, 27.4424787 ], [ 92.1114772, 27.4418693 ], [ 92.1116918, 27.4410314 ], [ 92.1118635, 27.4404982 ], [ 92.1118206, 27.4395841 ], [ 92.111606, 27.4388605 ], [ 92.111606, 27.4384034 ], [ 92.1120112, 27.4382104 ], [ 92.1122497, 27.4380968 ], [ 92.1126359, 27.4379064 ], [ 92.1132368, 27.4376417 ], [ 92.1136745, 27.4375113 ], [ 92.114138, 27.4373732 ], [ 92.114653, 27.4373751 ], [ 92.1148675, 27.4369161 ], [ 92.1153396, 27.4366114 ], [ 92.11564, 27.4361543 ], [ 92.1157688, 27.4357373 ], [ 92.116155, 27.4352421 ], [ 92.1167558, 27.434785 ], [ 92.1167987, 27.4343661 ], [ 92.117185, 27.4340994 ], [ 92.1175283, 27.4338328 ], [ 92.1174854, 27.4334519 ], [ 92.1177858, 27.4331091 ], [ 92.1181291, 27.432652 ], [ 92.1182579, 27.4319283 ], [ 92.1185583, 27.4311646 ], [ 92.1193737, 27.4307095 ], [ 92.1200174, 27.4302524 ], [ 92.1209615, 27.4302124 ], [ 92.1223777, 27.4300219 ], [ 92.12251, 27.4299199 ], [ 92.122721, 27.4297572 ], [ 92.1228498, 27.4288049 ], [ 92.1228069, 27.4281955 ], [ 92.1226717, 27.4272296 ], [ 92.1222061, 27.4270508 ], [ 92.1218627, 27.4266718 ], [ 92.1217769, 27.4261747 ], [ 92.1220344, 27.4257576 ], [ 92.1224206, 27.4254529 ], [ 92.1225494, 27.4249196 ], [ 92.1226352, 27.4244244 ], [ 92.1226781, 27.4241196 ], [ 92.1230215, 27.423853 ], [ 92.1231931, 27.4234721 ], [ 92.1230215, 27.4230149 ], [ 92.1228498, 27.4225959 ], [ 92.122764, 27.4220988 ], [ 92.1225065, 27.4216417 ], [ 92.1226352, 27.4211865 ], [ 92.1228069, 27.4208417 ], [ 92.1226781, 27.4202722 ], [ 92.1226781, 27.4200056 ], [ 92.1228498, 27.4196246 ], [ 92.1228069, 27.4190151 ], [ 92.122764, 27.4187104 ], [ 92.1222919, 27.4182532 ], [ 92.1225065, 27.4178342 ], [ 92.1226352, 27.417377 ], [ 92.1228927, 27.4173751 ], [ 92.123236, 27.4171104 ], [ 92.1240943, 27.4171104 ], [ 92.1248668, 27.4169199 ], [ 92.1253389, 27.4166132 ], [ 92.1254247, 27.4159294 ], [ 92.1260255, 27.4156247 ], [ 92.1264547, 27.4156228 ], [ 92.1266693, 27.4152437 ], [ 92.1266263, 27.4148246 ], [ 92.1269697, 27.4143294 ], [ 92.1271842, 27.4139846 ], [ 92.1277851, 27.4136818 ], [ 92.1279567, 27.4131846 ], [ 92.1279567, 27.4128056 ], [ 92.1280855, 27.4122722 ], [ 92.1279138, 27.4116227 ], [ 92.1280855, 27.4111274 ], [ 92.1285146, 27.4104035 ], [ 92.1286863, 27.4099483 ], [ 92.1291583, 27.4099483 ], [ 92.1296733, 27.4100988 ], [ 92.1301883, 27.410175 ], [ 92.13036, 27.4098702 ], [ 92.1305316, 27.4091101 ], [ 92.1307462, 27.4084244 ], [ 92.130875, 27.407891 ], [ 92.1307462, 27.40751 ], [ 92.13036, 27.4071671 ], [ 92.1297162, 27.4068604 ], [ 92.1294588, 27.4064433 ], [ 92.1294158, 27.4057575 ], [ 92.1295017, 27.4051098 ] ] } },
{ "type": "Feature", "properties": { "osm_id": 474944801, "tags": { "waterway": "stream" }, "inside_district": true }, "geometry": { "type": "LineString", "coordinates": [ [ 92.0709651, 27.4806726 ], [ 92.0712656, 27.4799873 ], [ 92.0712226, 27.4793781 ], [ 92.0706647, 27.4788051 ], [ 92.0702785, 27.4784244 ], [ 92.0702785, 27.4778933 ], [ 92.0697206, 27.4775868 ], [ 92.0695489, 27.4772822 ], [ 92.0693773, 27.4769776 ], [ 92.0693344, 27.4764445 ], [ 92.0689481, 27.4760657 ], [ 92.0688623, 27.475645 ], [ 92.0688623, 27.4751119 ], [ 92.0687335, 27.4746569 ], [ 92.0686477, 27.4742 ], [ 92.0684331, 27.473667 ], [ 92.0684331, 27.4732101 ], [ 92.0688194, 27.472677 ], [ 92.0687765, 27.4722582 ], [ 92.068991, 27.4718774 ], [ 92.0691627, 27.4714205 ], [ 92.0695489, 27.4709636 ], [ 92.0697635, 27.4703924 ], [ 92.0698064, 27.4699736 ], [ 92.0696777, 27.4695547 ], [ 92.0696348, 27.4685267 ], [ 92.0697206, 27.4677651 ], [ 92.0693773, 27.466737 ], [ 92.0698064, 27.4662401 ], [ 92.0696348, 27.4654785 ], [ 92.0692056, 27.4645646 ], [ 92.0690769, 27.4639573 ], [ 92.0686906, 27.4633099 ], [ 92.068519, 27.4627768 ], [ 92.0683902, 27.4622418 ], [ 92.0686477, 27.4614441 ], [ 92.0691627, 27.4609871 ], [ 92.0694631, 27.460454 ], [ 92.0701047, 27.4599608 ] ] } },
{ "type": "Feature", "properties": { "osm_id": 474944802, "tags": { "name": "科马河", "waterway": "river" }, "inside_district": true }, "geometry": { "type": "LineString", "coordinates": [ [ 92.1270984, 27.4786928 ], [ 92.1274417, 27.4780436 ], [ 92.1275705, 27.4774364 ], [ 92.1276563, 27.4768272 ], [ 92.1276563, 27.4762561 ], [ 92.1274417, 27.4755707 ], [ 92.127313, 27.4750358 ], [ 92.1270555, 27.4744646 ], [ 92.1269697, 27.4738174 ], [ 92.1267122, 27.4730578 ], [ 92.1265834, 27.4724866 ], [ 92.1263689, 27.4719535 ], [ 92.1261114, 27.4712663 ], [ 92.1260255, 27.4705809 ], [ 92.1259826, 27.4699355 ], [ 92.1258968, 27.4693244 ], [ 92.1254247, 27.4686009 ], [ 92.125768, 27.4678394 ], [ 92.125811, 27.4674605 ], [ 92.1256822, 27.4668893 ], [ 92.1257251, 27.4663181 ], [ 92.1256393, 27.4655928 ], [ 92.1254247, 27.4649854 ], [ 92.1253818, 27.4644142 ], [ 92.1254676, 27.463805 ], [ 92.1255964, 27.4631176 ], [ 92.1258968, 27.4624703 ], [ 92.1261114, 27.4620152 ], [ 92.1264547, 27.4608729 ], [ 92.1270984, 27.4606063 ], [ 92.1272272, 27.4600713 ], [ 92.1271413, 27.4596143 ], [ 92.1268838, 27.4593477 ], [ 92.1266693, 27.4588908 ], [ 92.1264547, 27.4584357 ], [ 92.1263689, 27.4578645 ], [ 92.126283, 27.4574837 ], [ 92.125811, 27.4568744 ], [ 92.125811, 27.4564155 ], [ 92.1253389, 27.4559604 ], [ 92.1249526, 27.45573 ], [ 92.1246952, 27.4555035 ], [ 92.1247381, 27.4550827 ], [ 92.1248668, 27.4544353 ], [ 92.1248668, 27.453904 ], [ 92.1254247, 27.4536355 ], [ 92.1258539, 27.4528758 ], [ 92.1261972, 27.4521903 ], [ 92.1259397, 27.4514648 ], [ 92.125811, 27.4508174 ], [ 92.125811, 27.45017 ], [ 92.1260684, 27.4496768 ], [ 92.1262401, 27.4491055 ], [ 92.1264976, 27.4486866 ], [ 92.126798, 27.4481534 ], [ 92.1267122, 27.4475441 ], [ 92.1265405, 27.4468947 ], [ 92.1261972, 27.4462111 ], [ 92.1262401, 27.4458684 ], [ 92.1264118, 27.4452971 ], [ 92.1265834, 27.4446877 ], [ 92.1267551, 27.4437737 ], [ 92.1268838, 27.4432024 ], [ 92.1270555, 27.4428215 ], [ 92.1277851, 27.4424406 ], [ 92.128343, 27.4422864 ], [ 92.1288579, 27.4419455 ], [ 92.1296304, 27.4414485 ], [ 92.1302312, 27.44126 ], [ 92.1304029, 27.440841 ], [ 92.1305746, 27.440384 ], [ 92.1307462, 27.4399269 ], [ 92.1305746, 27.4393556 ], [ 92.1301454, 27.4387081 ], [ 92.1301883, 27.438213 ], [ 92.1305316, 27.4380206 ], [ 92.1306175, 27.4375274 ], [ 92.1301025, 27.4366876 ], [ 92.1298021, 27.436042 ], [ 92.1295446, 27.4356992 ], [ 92.1293729, 27.4352021 ], [ 92.1293729, 27.4349374 ], [ 92.12933, 27.4344803 ], [ 92.1286863, 27.4342137 ], [ 92.1279996, 27.4338328 ], [ 92.1274417, 27.4335662 ], [ 92.1271842, 27.4328425 ], [ 92.1268838, 27.4318141 ], [ 92.1264976, 27.4314713 ], [ 92.1260684, 27.4310523 ], [ 92.1255105, 27.4306714 ], [ 92.1249097, 27.4304047 ], [ 92.1244806, 27.4299857 ], [ 92.1233219, 27.4302524 ], [ 92.122721, 27.4300619 ], [ 92.12251, 27.4299199 ] ] } },
{ "type": "Feature", "properties": { "osm_id": 474944805, "tags": { "waterway": "stream" }, "inside_district": true }, "geometry": { "type": "LineString", "coordinates": [ [ 92.0432418, 27.4796047 ], [ 92.0428556, 27.4788451 ], [ 92.0425123, 27.4780456 ], [ 92.042641, 27.4776248 ], [ 92.0424264, 27.4770176 ], [ 92.0423835, 27.4762561 ], [ 92.0424264, 27.4750377 ], [ 92.0428556, 27.4745046 ], [ 92.0432418, 27.4738193 ], [ 92.0437568, 27.4732481 ], [ 92.0443147, 27.4726008 ], [ 92.0448297, 27.471687 ], [ 92.0455593, 27.4709255 ], [ 92.0462888, 27.470659 ], [ 92.047705, 27.4702382 ], [ 92.0479196, 27.4697832 ], [ 92.0486062, 27.4690978 ], [ 92.0489496, 27.4683743 ] ] } },
{ "type": "Feature", "properties": { "osm_id": 475762902, "tags": { "waterway": "river" }, "inside_district": true }, "geometry": { "type": "LineString", "coordinates": [ [ 92.9088276, 27.6038739 ], [ 92.9091253, 27.6038715 ], [ 92.909812, 27.6038715 ], [ 92.9104557, 27.6041757 ], [ 92.9110136, 27.6042518 ], [ 92.9118719, 27.6043659 ], [ 92.9126015, 27.604518 ], [ 92.9132452, 27.604518 ], [ 92.9134728, 27.6044188 ] ] } },
{ "type": "Feature", "properties": { "osm_id": 475762905, "tags": { "waterway": "stream" }, "inside_district": true }, "geometry": { "type": "LineString", "coordinates": [ [ 92.8109533, 27.6750489 ], [ 92.8109318, 27.6746498 ], [ 92.8110177, 27.6741748 ], [ 92.8110391, 27.6737567 ], [ 92.8113181, 27.6733766 ], [ 92.8115541, 27.6730536 ], [ 92.8115112, 27.6726355 ], [ 92.8117258, 27.6725405 ], [ 92.8119403, 27.6723315 ], [ 92.8122837, 27.6720084 ], [ 92.8122837, 27.6717044 ], [ 92.812348, 27.6711723 ], [ 92.812627, 27.6710392 ], [ 92.8129703, 27.6707922 ], [ 92.8133136, 27.6705451 ], [ 92.8133995, 27.6702221 ], [ 92.8134424, 27.669728 ], [ 92.8136355, 27.6693859 ], [ 92.8137428, 27.6687968 ], [ 92.8137642, 27.6683027 ], [ 92.8137642, 27.6677516 ], [ 92.8138715, 27.6674855 ], [ 92.814129, 27.6672765 ], [ 92.8143007, 27.6669154 ], [ 92.8145367, 27.6665733 ], [ 92.8146225, 27.6662312 ], [ 92.814644, 27.6657371 ], [ 92.8149015, 27.665395 ], [ 92.8149873, 27.665091 ], [ 92.815159, 27.6647489 ], [ 92.8154165, 27.6643308 ], [ 92.8155452, 27.6638937 ], [ 92.8154165, 27.6633045 ], [ 92.8156096, 27.6628484 ], [ 92.8161031, 27.6624303 ], [ 92.8167683, 27.6619932 ], [ 92.8170043, 27.6616891 ], [ 92.8173262, 27.6615181 ], [ 92.8176266, 27.661214 ], [ 92.8178412, 27.6610239 ], [ 92.8180343, 27.6608149 ], [ 92.8182918, 27.6606438 ], [ 92.8185922, 27.6604347 ], [ 92.8188926, 27.6603587 ], [ 92.8191716, 27.6601117 ], [ 92.8194934, 27.6598836 ], [ 92.8197938, 27.6596365 ], [ 92.8200299, 27.6593704 ], [ 92.8200513, 27.6589713 ], [ 92.8201372, 27.6585532 ], [ 92.8203517, 27.6581541 ], [ 92.8205019, 27.657755 ], [ 92.8206522, 27.6575079 ], [ 92.8207809, 27.6573178 ], [ 92.8211457, 27.6572418 ], [ 92.8215963, 27.6572988 ], [ 92.8218109, 27.6573558 ], [ 92.8221971, 27.6572038 ], [ 92.8224331, 27.6571088 ], [ 92.8228194, 27.6569567 ], [ 92.8229481, 27.6567096 ], [ 92.8232271, 27.6562915 ], [ 92.8234416, 27.6561204 ], [ 92.8238493, 27.6560064 ], [ 92.8242141, 27.6559114 ], [ 92.8244716, 27.6559114 ], [ 92.8248364, 27.6559304 ], [ 92.8251583, 27.6557973 ], [ 92.8254587, 27.6557213 ], [ 92.8256732, 27.6554362 ], [ 92.8260166, 27.6551891 ], [ 92.8263599, 27.6550561 ], [ 92.8267032, 27.6551701 ], [ 92.8270895, 27.6551511 ], [ 92.8276259, 27.6549611 ], [ 92.8279478, 27.6549991 ], [ 92.8282267, 27.6550181 ], [ 92.8285271, 27.6549231 ], [ 92.8289348, 27.654866 ], [ 92.8293425, 27.654714 ], [ 92.829836, 27.6544859 ], [ 92.8301794, 27.6542578 ], [ 92.8304583, 27.6540488 ], [ 92.8308016, 27.6538017 ], [ 92.8310377, 27.6536116 ], [ 92.8314668, 27.6533645 ], [ 92.8318101, 27.6530224 ], [ 92.8322178, 27.6527563 ], [ 92.8324968, 27.6524142 ], [ 92.8327543, 27.6521671 ], [ 92.8331405, 27.6520341 ], [ 92.8335697, 27.651863 ], [ 92.8338701, 27.6517109 ], [ 92.8339774, 27.6514448 ], [ 92.8337413, 27.6509126 ], [ 92.8335053, 27.6506656 ], [ 92.8334195, 27.6501524 ], [ 92.833162, 27.6494111 ], [ 92.8333122, 27.6490119 ], [ 92.8335053, 27.6487648 ], [ 92.8339559, 27.6484607 ], [ 92.8342778, 27.6480425 ], [ 92.8345567, 27.6477574 ], [ 92.8345782, 27.6475674 ], [ 92.8345782, 27.6472442 ], [ 92.8345353, 27.6468641 ], [ 92.834428, 27.6464649 ], [ 92.8345353, 27.6461038 ], [ 92.8347069, 27.6457236 ], [ 92.8349, 27.6454765 ], [ 92.835179, 27.6451534 ], [ 92.8355438, 27.6453244 ], [ 92.8359086, 27.6453625 ], [ 92.8361017, 27.6454575 ], [ 92.8364235, 27.6455905 ], [ 92.8367883, 27.6457046 ], [ 92.8372818, 27.6458186 ], [ 92.8377539, 27.6460277 ], [ 92.8379256, 27.6461228 ], [ 92.838226, 27.6461228 ], [ 92.8384191, 27.6459897 ], [ 92.838741, 27.6457996 ], [ 92.8389985, 27.6456856 ], [ 92.8392989, 27.6456856 ], [ 92.8395778, 27.6457806 ], [ 92.8397709, 27.6458947 ], [ 92.8399855, 27.6460277 ], [ 92.8403074, 27.6462368 ], [ 92.8405649, 27.6464649 ], [ 92.8408867, 27.6464079 ], [ 92.8411871, 27.6464649 ], [ 92.8414876, 27.6463509 ], [ 92.8418094, 27.6461038 ], [ 92.8417665, 27.6456666 ], [ 92.8414876, 27.6453244 ], [ 92.8415305, 27.6450393 ], [ 92.8417021, 27.6448682 ], [ 92.8421313, 27.6448682 ], [ 92.8424961, 27.6449063 ], [ 92.8429038, 27.6450203 ], [ 92.8431398, 27.6450773 ], [ 92.8434831, 27.6449633 ], [ 92.8437406, 27.6448682 ], [ 92.8440196, 27.6446972 ], [ 92.8443414, 27.644412 ], [ 92.8448779, 27.644222 ], [ 92.8452856, 27.64426 ], [ 92.8456503, 27.6444691 ], [ 92.8458005, 27.6446401 ], [ 92.8459293, 27.6450203 ], [ 92.8459507, 27.6454005 ], [ 92.8461224, 27.6455715 ], [ 92.8462726, 27.6458757 ], [ 92.846573, 27.6460657 ], [ 92.8470236, 27.6460657 ], [ 92.847367, 27.6460657 ], [ 92.8477532, 27.6458377 ], [ 92.8481823, 27.6455905 ], [ 92.8485042, 27.6456286 ], [ 92.8489334, 27.6457426 ], [ 92.8491694, 27.6459707 ], [ 92.8495986, 27.6462558 ], [ 92.8501779, 27.6464649 ], [ 92.8504569, 27.646769 ], [ 92.8508002, 27.6468261 ], [ 92.851122, 27.646617 ], [ 92.8515297, 27.64656 ], [ 92.8520018, 27.6465409 ], [ 92.8524095, 27.6469211 ], [ 92.8524953, 27.6472252 ], [ 92.8527957, 27.6474913 ], [ 92.8529674, 27.6478525 ], [ 92.8532249, 27.6481756 ], [ 92.853418, 27.6483467 ], [ 92.8537399, 27.6484417 ], [ 92.8540832, 27.6482706 ], [ 92.8542549, 27.6478905 ], [ 92.8544694, 27.6476624 ], [ 92.8548557, 27.6470351 ], [ 92.8552419, 27.646617 ], [ 92.8555852, 27.6461798 ], [ 92.8558427, 27.6457236 ], [ 92.8562719, 27.6455335 ], [ 92.8566367, 27.6453815 ], [ 92.8569585, 27.6451534 ], [ 92.857495, 27.6450773 ], [ 92.8579885, 27.6450013 ], [ 92.8584391, 27.6451534 ], [ 92.8590185, 27.6451914 ], [ 92.8595978, 27.6449443 ], [ 92.8598768, 27.644374 ], [ 92.8602201, 27.6439368 ], [ 92.8603918, 27.6434616 ], [ 92.8606493, 27.6429484 ], [ 92.8607351, 27.6424352 ], [ 92.8609711, 27.6417699 ], [ 92.8612286, 27.6415228 ], [ 92.8615076, 27.6413897 ], [ 92.8618938, 27.6414467 ], [ 92.8621942, 27.6414848 ], [ 92.8624946, 27.6415418 ], [ 92.8628165, 27.6415418 ], [ 92.8630954, 27.6411046 ], [ 92.8633315, 27.6407054 ], [ 92.8635031, 27.6402492 ], [ 92.8638035, 27.6399831 ], [ 92.8641469, 27.6397169 ], [ 92.8643614, 27.6392987 ], [ 92.8646189, 27.6390706 ], [ 92.8650695, 27.6388045 ], [ 92.8654129, 27.6384623 ], [ 92.8659278, 27.6382532 ], [ 92.8664214, 27.6383673 ], [ 92.8666359, 27.6383673 ], [ 92.8669578, 27.6383673 ], [ 92.8673011, 27.6382532 ], [ 92.8677947, 27.6381012 ], [ 92.8682024, 27.6380251 ], [ 92.8687817, 27.6376639 ], [ 92.8692538, 27.6372457 ], [ 92.8695113, 27.6366564 ], [ 92.8693182, 27.6361812 ], [ 92.8695542, 27.6356489 ], [ 92.8698117, 27.6354018 ], [ 92.8700906, 27.6350977 ], [ 92.8702194, 27.6348125 ], [ 92.8705198, 27.6344513 ], [ 92.8710348, 27.6342232 ], [ 92.8713137, 27.6336909 ], [ 92.8716785, 27.6332727 ], [ 92.8721076, 27.6329115 ], [ 92.8725797, 27.6329685 ], [ 92.8729874, 27.6326834 ], [ 92.8733093, 27.6324553 ], [ 92.8735239, 27.631999 ], [ 92.8735668, 27.6315998 ], [ 92.8738457, 27.6311055 ], [ 92.874232, 27.6307063 ], [ 92.8747899, 27.6299839 ], [ 92.875734, 27.6296417 ], [ 92.876721, 27.6291855 ], [ 92.8779656, 27.6288433 ], [ 92.8788239, 27.6285771 ], [ 92.8793818, 27.6279688 ], [ 92.8800684, 27.6274745 ], [ 92.8804976, 27.6271323 ], [ 92.8810555, 27.6268661 ], [ 92.8818709, 27.626638 ], [ 92.8817851, 27.6262197 ], [ 92.8817851, 27.6256114 ], [ 92.8816563, 27.624927 ], [ 92.8816992, 27.6242045 ], [ 92.882343, 27.6240144 ], [ 92.8828579, 27.6236342 ], [ 92.8836733, 27.6226075 ], [ 92.8844458, 27.6223414 ], [ 92.8851754, 27.6225315 ], [ 92.8859049, 27.6227976 ], [ 92.8866345, 27.6222273 ], [ 92.8870207, 27.6215429 ], [ 92.8877503, 27.6211626 ], [ 92.888394, 27.6207443 ], [ 92.8892094, 27.6201359 ] ] } },
{ "type": "Feature", "properties": { "osm_id": 475762907, "tags": { "waterway": "river" }, "inside_district": true }, "geometry": { "type": "LineString", "coordinates": [ [ 92.9021247, 27.6079837 ], [ 92.9021913, 27.6077202 ], [ 92.9022451, 27.6075113 ], [ 92.9024305, 27.6071421 ], [ 92.9027309, 27.6067237 ], [ 92.903203, 27.6062674 ], [ 92.9040184, 27.605811 ], [ 92.9045763, 27.6055068 ], [ 92.9050484, 27.6050885 ] ] } },
{ "type": "Feature", "properties": { "osm_id": 475763920, "tags": { "waterway": "river" }, "inside_district": true }, "geometry": { "type": "LineString", "coordinates": [ [ 92.9830134, 27.6574266 ], [ 92.9837, 27.6571985 ], [ 92.984494, 27.6570085 ], [ 92.9852235, 27.6571415 ], [ 92.9861247, 27.6571795 ], [ 92.9871225, 27.6570655 ], [ 92.9879916, 27.6572746 ], [ 92.9885602, 27.6574171 ], [ 92.9891825, 27.6574551 ], [ 92.9904163, 27.6574646 ], [ 92.9912531, 27.6576167 ], [ 92.9921651, 27.6579018 ], [ 92.9929805, 27.6584244 ], [ 92.9940212, 27.6589186 ], [ 92.9947615, 27.6592037 ], [ 92.9957163, 27.6595363 ], [ 92.9963279, 27.6597643 ], [ 92.9969501, 27.6599924 ], [ 92.9974437, 27.6597928 ], [ 92.9977226, 27.6595267 ], [ 92.9984522, 27.6591561 ], [ 92.9990744, 27.6590611 ], [ 92.9997182, 27.6591181 ], [ 93.0008984, 27.6590706 ], [ 93.0018425, 27.6586145 ], [ 93.0021429, 27.6581583 ], [ 93.0022502, 27.6576642 ], [ 93.0024111, 27.6571225 ], [ 93.0027008, 27.6566474 ], [ 93.0029066, 27.6565016 ], [ 93.0031836, 27.6563053 ], [ 93.0038702, 27.6560297 ], [ 93.0046964, 27.6558871 ], [ 93.0053508, 27.6559917 ], [ 93.0060053, 27.6560012 ], [ 93.0066705, 27.6556781 ], [ 93.0079257, 27.655564 ], [ 93.00843, 27.6553359 ], [ 93.0087197, 27.6550984 ], [ 93.0093098, 27.6546232 ], [ 93.0096638, 27.6544617 ], [ 93.0101895, 27.6544617 ], [ 93.0105758, 27.6545377 ], [ 93.0109942, 27.6547182 ], [ 93.0113912, 27.6549843 ], [ 93.0126679, 27.6556305 ], [ 93.0133653, 27.65564 ], [ 93.0139768, 27.65545 ], [ 93.0145991, 27.6550794 ], [ 93.015039, 27.6549178 ], [ 93.0155325, 27.6548893 ], [ 93.0160582, 27.6551364 ], [ 93.0164981, 27.6551174 ], [ 93.0170345, 27.6550223 ], [ 93.0174422, 27.6548513 ], [ 93.0179679, 27.6545472 ], [ 93.0183542, 27.6546137 ], [ 93.0188906, 27.6546422 ], [ 93.0192983, 27.6547087 ], [ 93.0201459, 27.6549178 ], [ 93.0205965, 27.6551079 ], [ 93.0212188, 27.6550889 ], [ 93.021487, 27.6548513 ], [ 93.0219927, 27.6543642 ], [ 93.0228081, 27.6541741 ], [ 93.0236664, 27.653756 ], [ 93.0246105, 27.6532238 ], [ 93.0252542, 27.6530337 ], [ 93.02637, 27.6529197 ], [ 93.0270138, 27.6524635 ], [ 93.027915, 27.6522735 ], [ 93.0286875, 27.6521975 ], [ 93.029417, 27.6517033 ], [ 93.0301466, 27.6512471 ], [ 93.0306186, 27.6504488 ], [ 93.0316486, 27.6502207 ], [ 93.0326786, 27.6502207 ], [ 93.032979, 27.6507149 ], [ 93.0334081, 27.6512851 ], [ 93.0331077, 27.6521214 ], [ 93.0331507, 27.6527296 ], [ 93.0329361, 27.6532998 ], [ 93.0331077, 27.6540601 ], [ 93.0332365, 27.6548584 ], [ 93.033494, 27.6551625 ], [ 93.0341806, 27.6554286 ], [ 93.0345669, 27.6554286 ], [ 93.0351248, 27.6551245 ], [ 93.035511, 27.6549724 ], [ 93.0358543, 27.6549724 ], [ 93.0361118, 27.6552765 ], [ 93.0369272, 27.6557707 ], [ 93.0378713, 27.6561888 ], [ 93.0381292, 27.656283 ] ] } },
{ "type": "Feature", "properties": { "osm_id": 475765165, "tags": { "name": "Keynia River", "name:en": "Keynia River", "name:suv": "kamyang", "waterway": "river" }, "inside_district": true }, "geometry": { "type": "LineString", "coordinates": [ [ 93.0191769, 27.7654558 ], [ 93.0180015, 27.7620965 ], [ 93.0173793, 27.7615079 ], [ 93.0177011, 27.7606914 ], [ 93.0177655, 27.7600268 ], [ 93.0178084, 27.759628 ], [ 93.0178084, 27.7590774 ], [ 93.017508, 27.7582039 ], [ 93.0176797, 27.7571406 ], [ 93.0177655, 27.7565899 ], [ 93.0176582, 27.7558683 ], [ 93.0176582, 27.7552227 ], [ 93.0174651, 27.7543113 ], [ 93.0174436, 27.7534567 ], [ 93.0177226, 27.7528111 ], [ 93.017744, 27.7521845 ], [ 93.0183019, 27.7517667 ], [ 93.0184951, 27.7515008 ], [ 93.0183449, 27.7509691 ], [ 93.0179372, 27.7504944 ], [ 93.0174222, 27.7500576 ], [ 93.016993, 27.7498867 ], [ 93.0163922, 27.7496399 ], [ 93.0164351, 27.7492411 ], [ 93.0161562, 27.7489752 ], [ 93.0157699, 27.7487663 ], [ 93.0152764, 27.7485005 ], [ 93.0151262, 27.7479118 ], [ 93.0151262, 27.7473041 ], [ 93.0149116, 27.7468103 ], [ 93.0145254, 27.7464875 ], [ 93.014225, 27.7462786 ], [ 93.0135598, 27.7461267 ], [ 93.0126157, 27.7457848 ], [ 93.0124225, 27.7452911 ], [ 93.0125084, 27.7445884 ], [ 93.0128088, 27.7441137 ], [ 93.0128088, 27.7437908 ], [ 93.0123582, 27.7432211 ], [ 93.0117359, 27.7429742 ], [ 93.0110278, 27.7426324 ], [ 93.0104484, 27.7422526 ], [ 93.0099335, 27.7419107 ], [ 93.0097403, 27.741246 ], [ 93.0097832, 27.7408092 ], [ 93.0098476, 27.7401825 ], [ 93.0101051, 27.7396317 ], [ 93.0100253, 27.7393695 ], [ 93.0099549, 27.739138 ], [ 93.009912, 27.7382833 ], [ 93.0095687, 27.7377326 ], [ 93.0092468, 27.7373527 ], [ 93.0089035, 27.736802 ], [ 93.0086245, 27.7361942 ], [ 93.0083885, 27.7359283 ], [ 93.0080452, 27.7355105 ], [ 93.0077448, 27.7352636 ], [ 93.0075946, 27.7349027 ], [ 93.0074229, 27.7344849 ], [ 93.0070796, 27.734276 ], [ 93.0065431, 27.734219 ], [ 93.0063071, 27.734143 ], [ 93.0057492, 27.7340671 ], [ 93.0052557, 27.7338582 ], [ 93.0046549, 27.7334973 ], [ 93.0043545, 27.7332884 ], [ 93.004097, 27.7328705 ], [ 93.0042472, 27.7322248 ], [ 93.004569, 27.7314841 ], [ 93.0049982, 27.7309522 ], [ 93.0052557, 27.7304204 ], [ 93.005599, 27.7299456 ], [ 93.0060282, 27.7294138 ], [ 93.0061784, 27.7289959 ], [ 93.0062427, 27.7285021 ], [ 93.0060925, 27.7280653 ], [ 93.0057921, 27.7276284 ], [ 93.0054917, 27.7272485 ] ] } },
{ "type": "Feature", "properties": { "osm_id": 475765166, "tags": { "waterway": "river" }, "inside_district": true }, "geometry": { "type": "LineString", "coordinates": [ [ 93.0049553, 27.728939 ], [ 93.0048051, 27.7286731 ], [ 93.0044188, 27.7278943 ], [ 93.0043115, 27.7272485 ], [ 93.0044403, 27.7265458 ], [ 93.0044188, 27.7261849 ], [ 93.0044617, 27.7254821 ], [ 93.004569, 27.7253301 ] ] } },
{ "type": "Feature", "properties": { "osm_id": 475765167, "tags": { "waterway": "stream" }, "inside_district": true }, "geometry": { "type": "LineString", "coordinates": [ [ 93.0176153, 27.7527162 ], [ 93.017272, 27.7524693 ], [ 93.0171003, 27.7519946 ], [ 93.0167999, 27.7516907 ], [ 93.0164995, 27.751235 ], [ 93.0162635, 27.7506843 ], [ 93.016242, 27.7502855 ], [ 93.0162635, 27.7500007 ], [ 93.0163922, 27.7496399 ] ] } },
{ "type": "Feature", "properties": { "osm_id": 475765168, "tags": { "waterway": "stream" }, "inside_district": true }, "geometry": { "type": "LineString", "coordinates": [ [ 93.0113926, 27.7427463 ], [ 93.0113067, 27.7425754 ], [ 93.0112638, 27.7423475 ], [ 93.0111136, 27.7421006 ], [ 93.0109634, 27.7417588 ], [ 93.0107703, 27.7415499 ], [ 93.010427, 27.741303 ], [ 93.0103626, 27.7410941 ], [ 93.0105343, 27.7406763 ], [ 93.0106201, 27.7401635 ], [ 93.010427, 27.7397077 ], [ 93.0102553, 27.7394798 ], [ 93.0100253, 27.7393695 ] ] } },
{ "type": "Feature", "properties": { "osm_id": 475766650, "tags": { "alt_name:zh": "帕罗里河", "alt_name:zh-Hans": "帕罗里河", "alt_name:zh-Hant": "帕羅里河", "boat": "no", "name": "Kameng River", "name:bn": "ভৰলী নদ", "name:en": "Kameng River", "name:zh": "卡门河", "name:zh-Hans": "卡门河", "name:zh-Hant": "卡門河", "old_name:en": "Bhareli River", "source": "Yahoo", "waterway": "river" }, "inside_district": true }, "geometry": { "type": "LineString", "coordinates": [ [ 93.0430247, 27.6389868 ], [ 93.0429512, 27.6387202 ], [ 93.042478, 27.637861 ], [ 93.0412187, 27.6369529 ], [ 93.0401459, 27.6357363 ], [ 93.0388584, 27.6349379 ], [ 93.0383005, 27.6337593 ], [ 93.0387726, 27.6327328 ], [ 93.039588, 27.6324666 ], [ 93.0404033, 27.6320484 ], [ 93.0405321, 27.631402 ], [ 93.0404033, 27.6306416 ], [ 93.0399313, 27.6302614 ], [ 93.0394592, 27.6302614 ], [ 93.0388584, 27.6303374 ], [ 93.0384722, 27.6302234 ], [ 93.0380859, 27.6301093 ], [ 93.0377426, 27.6299953 ], [ 93.0371976, 27.6294858 ], [ 93.0369487, 27.628963 ], [ 93.0367555, 27.6281322 ], [ 93.0361547, 27.627714 ], [ 93.0352106, 27.6262691 ], [ 93.0356397, 27.624444 ], [ 93.0365083, 27.623096 ], [ 93.0359552, 27.6216647 ], [ 93.0354541, 27.6203677 ], [ 93.0344933, 27.619175 ], [ 93.034675, 27.6171066 ], [ 93.035925, 27.6148984 ], [ 93.0353541, 27.6135074 ], [ 93.0337515, 27.6121998 ], [ 93.0322065, 27.6112872 ], [ 93.0312825, 27.6104643 ], [ 93.0309102, 27.6091323 ], [ 93.0312624, 27.6076364 ], [ 93.0323983, 27.6062117 ], [ 93.0326054, 27.6053142 ], [ 93.0325179, 27.6039151 ], [ 93.0318007, 27.6027169 ], [ 93.0309787, 27.6018093 ], [ 93.0295165, 27.6004805 ], [ 93.0286016, 27.59965 ], [ 93.0265417, 27.5985851 ], [ 93.0250826, 27.5978245 ], [ 93.0231943, 27.5977484 ], [ 93.022336, 27.5981288 ], [ 93.0217352, 27.5986612 ], [ 93.0212202, 27.5988894 ], [ 93.0200186, 27.598357 ], [ 93.0187311, 27.597292 ], [ 93.0173342, 27.596274 ], [ 93.0164995, 27.5947058 ], [ 93.0164137, 27.5931844 ], [ 93.0176153, 27.592652 ], [ 93.017787, 27.5918152 ], [ 93.0175295, 27.5905981 ], [ 93.0160703, 27.5906742 ], [ 93.0145254, 27.5915109 ], [ 93.0139246, 27.5909024 ], [ 93.0137529, 27.5893049 ], [ 93.0130663, 27.587251 ], [ 93.0123796, 27.5853491 ], [ 93.0117788, 27.5838276 ], [ 93.0104055, 27.5827626 ], [ 93.0092039, 27.5833712 ], [ 93.0082598, 27.5839798 ], [ 93.0072298, 27.5832951 ], [ 93.0062856, 27.5816975 ], [ 93.005599, 27.5790348 ], [ 93.0039682, 27.5781219 ], [ 93.0034532, 27.5783501 ], [ 93.0024233, 27.5785023 ], [ 93.001565, 27.5785784 ], [ 93.0004492, 27.5778176 ], [ 93.0006208, 27.5769046 ], [ 93.0003633, 27.5756113 ], [ 92.9997625, 27.5748505 ], [ 92.9985609, 27.5742418 ], [ 92.9979601, 27.5735571 ], [ 92.9964151, 27.5723398 ], [ 92.9957285, 27.5714268 ], [ 92.994956, 27.5710464 ], [ 92.9934969, 27.5699812 ], [ 92.9920378, 27.5696008 ], [ 92.9906645, 27.5688399 ], [ 92.9889478, 27.5683073 ], [ 92.9881754, 27.5678508 ], [ 92.98698, 27.5671564 ], [ 92.9861154, 27.566253 ], [ 92.984828, 27.5650356 ], [ 92.9840555, 27.564503 ], [ 92.9828539, 27.5642747 ], [ 92.9819956, 27.5639704 ], [ 92.9801931, 27.5633616 ], [ 92.9795923, 27.5629051 ], [ 92.978734, 27.5622203 ], [ 92.9779186, 27.5616306 ], [ 92.9766741, 27.5605463 ], [ 92.9752149, 27.5591767 ], [ 92.9734983, 27.5573505 ], [ 92.9734983, 27.5557525 ], [ 92.9735842, 27.553774 ], [ 92.9743566, 27.5526326 ], [ 92.9752149, 27.5511107 ], [ 92.9760732, 27.5497409 ], [ 92.9771032, 27.5484472 ], [ 92.9781332, 27.5469252 ], [ 92.978734, 27.546012 ], [ 92.9793348, 27.5447183 ], [ 92.9802789, 27.5428918 ], [ 92.9808798, 27.5416742 ], [ 92.9819097, 27.5403043 ], [ 92.9820814, 27.5387061 ], [ 92.9826822, 27.537184 ], [ 92.9816522, 27.5361185 ], [ 92.9803648, 27.5355096 ], [ 92.9788198, 27.5352052 ], [ 92.9775324, 27.5349768 ], [ 92.9760732, 27.5338352 ], [ 92.9756441, 27.5326174 ], [ 92.9758158, 27.5306386 ], [ 92.9765882, 27.5298774 ], [ 92.9774465, 27.5288119 ], [ 92.978219, 27.5277463 ], [ 92.9781332, 27.5269851 ], [ 92.9785623, 27.52493 ], [ 92.9794206, 27.52356 ], [ 92.9810427, 27.5228063 ], [ 92.9823317, 27.5221456 ], [ 92.984828, 27.5220376 ], [ 92.9867163, 27.5223421 ], [ 92.987832, 27.5218093 ], [ 92.9894628, 27.5213526 ], [ 92.9907503, 27.5207436 ], [ 92.9923811, 27.5199063 ], [ 92.9940119, 27.51846 ], [ 92.9945268, 27.5176988 ], [ 92.9957285, 27.5167854 ], [ 92.9967584, 27.5157958 ], [ 92.9980459, 27.5151107 ], [ 92.9991617, 27.514045 ], [ 93.0007925, 27.5129031 ], [ 93.0022516, 27.5119896 ], [ 93.0033674, 27.511 ], [ 93.004569, 27.5097059 ], [ 93.0059423, 27.5081834 ], [ 93.0070581, 27.5076505 ], [ 93.0076589, 27.5063563 ], [ 93.0090322, 27.5046815 ], [ 93.0097189, 27.5033872 ], [ 93.0107488, 27.5023214 ], [ 93.0116071, 27.5016362 ], [ 93.0129804, 27.5007988 ], [ 93.0139246, 27.4995045 ], [ 93.0141821, 27.4978296 ], [ 93.0151262, 27.4968398 ], [ 93.0160703, 27.4955455 ], [ 93.0165853, 27.4945558 ], [ 93.0173578, 27.4927285 ], [ 93.0183019, 27.491891 ], [ 93.0189886, 27.4907489 ], [ 93.0196752, 27.4893784 ], [ 93.0208769, 27.4877033 ], [ 93.022336, 27.4874748 ], [ 93.0239668, 27.4868657 ], [ 93.0250826, 27.4865611 ], [ 93.0257692, 27.4863327 ], [ 93.0266275, 27.4860281 ], [ 93.0274, 27.4856474 ], [ 93.0286016, 27.4852667 ], [ 93.0294599, 27.4846576 ], [ 93.0304041, 27.48382 ], [ 93.0305757, 27.4824113 ], [ 93.0298891, 27.4820687 ], [ 93.0291166, 27.4810026 ], [ 93.02843, 27.4799366 ], [ 93.027915, 27.4789467 ], [ 93.0269548, 27.4781614 ], [ 93.025746, 27.4775096 ], [ 93.0244818, 27.4768145 ], [ 93.0237951, 27.4759007 ], [ 93.0234518, 27.47453 ], [ 93.0234518, 27.4733878 ], [ 93.0237093, 27.4720932 ], [ 93.0242243, 27.4710271 ], [ 93.0245676, 27.4695802 ], [ 93.0251684, 27.4682855 ], [ 93.025855, 27.4666863 ], [ 93.0256834, 27.4651631 ], [ 93.0247392, 27.4642493 ], [ 93.0237093, 27.4631069 ], [ 93.022851, 27.4619645 ], [ 93.0216493, 27.460289 ], [ 93.0212202, 27.4592228 ], [ 93.021821, 27.4577757 ], [ 93.0210485, 27.4562524 ], [ 93.0203619, 27.4559478 ], [ 93.0193319, 27.4551862 ], [ 93.0183878, 27.453739 ], [ 93.0176153, 27.4516064 ], [ 93.016757, 27.4499307 ], [ 93.0160703, 27.4484074 ], [ 93.015727, 27.4467317 ], [ 93.0158129, 27.4442942 ], [ 93.0165853, 27.4430755 ], [ 93.0173578, 27.4423899 ], [ 93.0179474, 27.4410625 ], [ 93.0176297, 27.440342 ], [ 93.0168428, 27.4398 ], [ 93.0169287, 27.4382003 ], [ 93.0169287, 27.43721 ], [ 93.016242, 27.4350009 ], [ 93.0153837, 27.4340868 ], [ 93.0149545, 27.4325632 ], [ 93.0144396, 27.4314205 ], [ 93.0135813, 27.429516 ], [ 93.0127229, 27.4279924 ], [ 93.011693, 27.4276114 ], [ 93.0104914, 27.4267734 ], [ 93.0092039, 27.4255545 ], [ 93.0083456, 27.4238784 ], [ 93.0086889, 27.4225071 ], [ 93.0084314, 27.4211357 ], [ 93.0083456, 27.4186977 ], [ 93.0084314, 27.4160311 ], [ 93.0085127, 27.4150152 ], [ 93.0089676, 27.4140819 ], [ 93.0094305, 27.413747 ], [ 93.0096746, 27.4135704 ], [ 93.0123954, 27.412219 ], [ 93.0129804, 27.4117643 ], [ 93.0140962, 27.4103928 ], [ 93.0137698, 27.4083883 ], [ 93.0127624, 27.4061024 ], [ 93.0125513, 27.4049828 ], [ 93.0127229, 27.4032303 ], [ 93.0135813, 27.4017063 ], [ 93.0140962, 27.4001822 ], [ 93.015727, 27.398582 ], [ 93.0164995, 27.3968293 ], [ 93.0168428, 27.3953052 ], [ 93.0180445, 27.3937811 ], [ 93.0178728, 27.392257 ], [ 93.0181303, 27.3906566 ], [ 93.0192461, 27.3896659 ], [ 93.0191603, 27.388599 ], [ 93.0195894, 27.387151 ], [ 93.0206808, 27.3848993 ], [ 93.0214812, 27.3836332 ], [ 93.0226978, 27.3829292 ], [ 93.023756, 27.3824806 ], [ 93.0247878, 27.3822995 ], [ 93.025549, 27.3821013 ], [ 93.0267646, 27.381242 ], [ 93.0272865, 27.3799459 ], [ 93.0278568, 27.3790889 ], [ 93.0289849, 27.3781353 ], [ 93.0298083, 27.3768415 ], [ 93.0319879, 27.3748584 ], [ 93.0333301, 27.3737832 ], [ 93.0348643, 27.3727747 ], [ 93.0362671, 27.3722197 ], [ 93.0372807, 27.3716069 ], [ 93.038168, 27.3708297 ], [ 93.0389012, 27.3700823 ], [ 93.0394794, 27.3693717 ], [ 93.0400373, 27.3685859 ], [ 93.0402338, 27.368243 ], [ 93.040222, 27.3679339 ], [ 93.040013, 27.3676819 ], [ 93.0396636, 27.3674624 ], [ 93.0388815, 27.3670818 ], [ 93.0381606, 27.3666682 ], [ 93.037701, 27.3662937 ], [ 93.0373707, 27.3659164 ], [ 93.0372255, 27.3655179 ], [ 93.0371522, 27.3648262 ], [ 93.0372315, 27.3642125 ], [ 93.0374423, 27.3632844 ], [ 93.037548, 27.3624713 ], [ 93.0375851, 27.3618444 ], [ 93.0375501, 27.3609888 ], [ 93.0374005, 27.3599161 ], [ 93.0374207, 27.3591864 ], [ 93.0375014, 27.358784 ], [ 93.0376688, 27.358443 ], [ 93.0378514, 27.3582067 ], [ 93.0383824, 27.3577781 ], [ 93.0387607, 27.3574984 ], [ 93.0393397, 27.3569712 ], [ 93.0397358, 27.3564747 ], [ 93.0399798, 27.3560303 ], [ 93.0400642, 27.3555449 ], [ 93.0400348, 27.3551834 ], [ 93.0398838, 27.3548643 ], [ 93.0395703, 27.3544588 ], [ 93.0393056, 27.353951 ], [ 93.0391374, 27.3536251 ], [ 93.0390376, 27.3533335 ], [ 93.0381186, 27.3509237 ], [ 93.0376852, 27.3495295 ], [ 93.0373614, 27.3474406 ], [ 93.0371796, 27.345573 ], [ 93.0371206, 27.3443167 ], [ 93.0367518, 27.3431782 ], [ 93.0362406, 27.3424063 ], [ 93.0351248, 27.3412627 ], [ 93.0334081, 27.3400428 ], [ 93.031949, 27.3386704 ], [ 93.0300607, 27.3366118 ], [ 93.0293741, 27.3360018 ], [ 93.0283441, 27.3346294 ], [ 93.0280008, 27.3334857 ], [ 93.0273142, 27.3322657 ], [ 93.02637, 27.3302832 ], [ 93.0257692, 27.328682 ], [ 93.0251684, 27.3274619 ], [ 93.0243825, 27.3260815 ], [ 93.0239471, 27.3247652 ], [ 93.0234316, 27.3236136 ], [ 93.0232801, 27.3221242 ], [ 93.0232801, 27.3209804 ], [ 93.0235376, 27.3196077 ], [ 93.0230226, 27.3189977 ], [ 93.0222502, 27.3186164 ], [ 93.0204477, 27.3180826 ], [ 93.0183878, 27.317625 ], [ 93.0173578, 27.3171675 ], [ 93.0160703, 27.317015 ], [ 93.0140104, 27.3170912 ], [ 93.0121221, 27.3174725 ], [ 93.0104055, 27.3173963 ], [ 93.0080881, 27.3167099 ], [ 93.0065431, 27.3159473 ], [ 93.0048265, 27.3151847 ], [ 93.0039682, 27.3147272 ], [ 93.0014791, 27.3141933 ], [ 93.0001917, 27.3137358 ], [ 92.9983892, 27.3131257 ], [ 92.9967584, 27.312058 ], [ 92.9952135, 27.3119818 ], [ 92.993411, 27.3122868 ], [ 92.9906645, 27.3124393 ], [ 92.9889478, 27.3125156 ], [ 92.9868021, 27.3122105 ], [ 92.9844847, 27.3119055 ], [ 92.9829397, 27.3116767 ], [ 92.9808798, 27.3119818 ], [ 92.978219, 27.3122868 ], [ 92.9759016, 27.3122105 ], [ 92.9743566, 27.3127444 ], [ 92.9724684, 27.3127444 ], [ 92.9703226, 27.3119818 ], [ 92.968606, 27.3116004 ], [ 92.9673185, 27.3109903 ], [ 92.9660442, 27.3104939 ], [ 92.9644271, 27.3095552 ], [ 92.9609743, 27.3091973 ], [ 92.9589601, 27.3077144 ], [ 92.9572912, 27.306027 ], [ 92.9563129, 27.3044418 ], [ 92.9553346, 27.301885 ], [ 92.9547592, 27.3008622 ], [ 92.9532629, 27.3005554 ], [ 92.951594, 27.3005043 ], [ 92.9488318, 27.3006577 ], [ 92.9471053, 27.3017316 ], [ 92.9437676, 27.3032145 ], [ 92.9408327, 27.303777 ], [ 92.9372647, 27.3039816 ], [ 92.9348477, 27.3029077 ], [ 92.9342723, 27.3012202 ], [ 92.9343298, 27.2998395 ], [ 92.9349053, 27.2964643 ], [ 92.935826, 27.2931402 ], [ 92.9347902, 27.2913503 ], [ 92.9328911, 27.290174 ], [ 92.9308194, 27.2896626 ], [ 92.9277118, 27.2885375 ], [ 92.9269637, 27.2868497 ], [ 92.9266184, 27.2858269 ], [ 92.9245467, 27.284446 ], [ 92.9237986, 27.2841902 ], [ 92.9217269, 27.2834742 ], [ 92.9205184, 27.2822467 ], [ 92.9197703, 27.2809681 ], [ 92.9197359, 27.275616 ], [ 92.9192867, 27.2742196 ], [ 92.918672, 27.273509 ], [ 92.9178516, 27.2730014 ], [ 92.9170312, 27.2726897 ], [ 92.9156318, 27.2722795 ], [ 92.9143975, 27.2713185 ], [ 92.9131264, 27.2704882 ], [ 92.9117233, 27.2696767 ], [ 92.9095786, 27.2688374 ], [ 92.9085593, 27.2681388 ], [ 92.9076227, 27.2668263 ], [ 92.9054285, 27.2660945 ], [ 92.9037726, 27.264844 ], [ 92.9017125, 27.2634955 ], [ 92.9004472, 27.2628636 ], [ 92.8988695, 27.2624277 ], [ 92.8980972, 27.2622361 ], [ 92.8971045, 27.262273 ], [ 92.8951008, 27.2625593 ], [ 92.8937806, 27.2625467 ] ] } },
{ "type": "Feature", "properties": { "osm_id": 475766662, "tags": { "waterway": "river" }, "inside_district": true }, "geometry": { "type": "LineString", "coordinates": [ [ 93.0279416, 27.670203 ], [ 93.0281296, 27.6698343 ], [ 93.0282583, 27.6694733 ], [ 93.0287089, 27.6688081 ], [ 93.0293312, 27.6684471 ], [ 93.0299105, 27.668276 ], [ 93.0303397, 27.668124 ], [ 93.0309191, 27.668067 ], [ 93.0312624, 27.667991 ], [ 93.0314889, 27.6679401 ] ] } },
{ "type": "Feature", "properties": { "osm_id": 475766664, "tags": { "name": "Waleng Bung", "waterway": "river" }, "inside_district": true }, "geometry": { "type": "LineString", "coordinates": [ [ 92.8523268, 27.9186622 ], [ 92.8533568, 27.915856 ], [ 92.8549018, 27.912443 ], [ 92.8579058, 27.9088782 ], [ 92.8605666, 27.9040239 ], [ 92.8626265, 27.8984107 ], [ 92.8660598, 27.8949213 ], [ 92.8713813, 27.8914318 ], [ 92.8753295, 27.8883215 ], [ 92.8810801, 27.8847559 ], [ 92.8874101, 27.8832272 ], [ 92.8903498, 27.8808867 ], [ 92.8919806, 27.8788383 ], [ 92.8949847, 27.8745895 ], [ 92.895843, 27.8692783 ], [ 92.8967871, 27.8666985 ], [ 92.896358, 27.8638151 ], [ 92.8967013, 27.8580481 ], [ 92.8997054, 27.8538745 ], [ 92.9033961, 27.8520532 ], [ 92.9072585, 27.8488658 ], [ 92.9108634, 27.845982 ], [ 92.9122367, 27.8441606 ], [ 92.9137816, 27.8417319 ], [ 92.9174116, 27.8378805 ], [ 92.9177298, 27.8370415 ], [ 92.9178559, 27.8359669 ], [ 92.9191321, 27.8348619 ], [ 92.9191375, 27.8342485 ], [ 92.9196626, 27.8312711 ], [ 92.9190827, 27.8296921 ], [ 92.9192109, 27.8286666 ], [ 92.9187426, 27.8284343 ], [ 92.9181847, 27.8277663 ], [ 92.918365, 27.8266885 ], [ 92.9188285, 27.8262027 ], [ 92.9189634, 27.8253293 ], [ 92.9180684, 27.8244559 ], [ 92.9182104, 27.8231816 ], [ 92.9201808, 27.8215883 ], [ 92.9204935, 27.8207677 ], [ 92.9227007, 27.8210377 ], [ 92.9229852, 27.8217632 ], [ 92.9234194, 27.8222626 ], [ 92.9244418, 27.8222252 ], [ 92.9255141, 27.8218794 ], [ 92.9266295, 27.8216273 ], [ 92.9282342, 27.8216337 ], [ 92.9292827, 27.8204489 ], [ 92.9323211, 27.8194924 ], [ 92.9378786, 27.8149263 ], [ 92.9408312, 27.8138938 ], [ 92.944891, 27.8104194 ], [ 92.9466309, 27.8091591 ], [ 92.9469424, 27.8080179 ], [ 92.9475096, 27.8075857 ], [ 92.9485355, 27.8077358 ], [ 92.9491143, 27.807288 ], [ 92.9497857, 27.8057736 ], [ 92.9511747, 27.8050938 ], [ 92.9516802, 27.8046926 ], [ 92.9519451, 27.8039097 ], [ 92.9521302, 27.8028435 ], [ 92.9532251, 27.8016254 ], [ 92.9537981, 27.8001478 ], [ 92.9540094, 27.7990417 ], [ 92.9533968, 27.7980114 ], [ 92.9522124, 27.7962043 ], [ 92.9490685, 27.7948623 ], [ 92.9480409, 27.7947769 ], [ 92.9465818, 27.7952629 ], [ 92.9455628, 27.7941783 ], [ 92.9450306, 27.792885 ], [ 92.9433718, 27.7918461 ], [ 92.9417799, 27.7920652 ], [ 92.9409005, 27.7922223 ], [ 92.9401358, 27.7919107 ], [ 92.9399085, 27.7914608 ], [ 92.9388826, 27.7912887 ], [ 92.9379816, 27.7912235 ], [ 92.9370695, 27.7906293 ], [ 92.9354582, 27.7896289 ], [ 92.9343134, 27.7892238 ], [ 92.9329519, 27.7887936 ], [ 92.9320893, 27.7886722 ], [ 92.9317717, 27.7876433 ], [ 92.9315872, 27.786603 ], [ 92.9313211, 27.7862347 ], [ 92.9307418, 27.7861968 ], [ 92.9305658, 27.785445 ], [ 92.930613, 27.7846439 ], [ 92.9310207, 27.784192 ], [ 92.9314198, 27.784025 ], [ 92.9315271, 27.7837403 ], [ 92.9314327, 27.7832618 ], [ 92.9315486, 27.7827911 ], [ 92.931673, 27.7823924 ], [ 92.9313941, 27.7820279 ], [ 92.931334, 27.7817089 ] ] } },
{ "type": "Feature", "properties": { "osm_id": 475767095, "tags": { "name": "Wacha River", "name:en": "Wacha River", "name:suv": "katchiye", "waterway": "stream" }, "inside_district": true }, "geometry": { "type": "LineString", "coordinates": [ [ 93.086709, 27.7762793 ], [ 93.086194, 27.7695963 ], [ 93.0868807, 27.7656471 ], [ 93.087739, 27.7594192 ], [ 93.086709, 27.7541024 ], [ 93.0849924, 27.7504564 ], [ 93.0839624, 27.7478738 ], [ 93.0841341, 27.7430122 ], [ 93.0849924, 27.7384543 ], [ 93.0836191, 27.7342 ], [ 93.0808725, 27.7311612 ], [ 93.0752077, 27.7290339 ], [ 93.0743031, 27.7276827 ], [ 93.0726966, 27.7277607 ], [ 93.0695397, 27.7278544 ], [ 93.0671799, 27.7279422 ], [ 93.0651572, 27.7283158 ], [ 93.064102, 27.7282925 ], [ 93.0631503, 27.7286378 ], [ 93.0622547, 27.7283244 ], [ 93.0612358, 27.7279088 ], [ 93.0602648, 27.7284572 ], [ 93.0588928, 27.7279564 ], [ 93.0579911, 27.7283442 ], [ 93.0570441, 27.7281629 ], [ 93.05581, 27.7275144 ], [ 93.0547706, 27.7275977 ], [ 93.0539698, 27.7276312 ], [ 93.0530703, 27.727487 ], [ 93.0525769, 27.7269501 ], [ 93.0509163, 27.7266841 ], [ 93.049728, 27.7271258 ], [ 93.0488626, 27.7267598 ], [ 93.0474968, 27.7260277 ], [ 93.0457886, 27.7259218 ], [ 93.0438699, 27.7258966 ], [ 93.043107, 27.7273625 ], [ 93.0431515, 27.7275815 ], [ 93.043323, 27.7284267 ], [ 93.043403, 27.7290271 ], [ 93.0430337, 27.7295033 ], [ 93.0419643, 27.7296477 ], [ 93.0411196, 27.7291334 ], [ 93.0404972, 27.7294408 ], [ 93.039519, 27.7296578 ], [ 93.038707, 27.7296259 ], [ 93.0387984, 27.7287677 ], [ 93.0378438, 27.7283355 ], [ 93.0372121, 27.727953 ], [ 93.0364122, 27.7262988 ], [ 93.0317377, 27.7252583 ], [ 93.0304196, 27.724495 ], [ 93.0296376, 27.7234404 ], [ 93.0286059, 27.7227472 ], [ 93.0272207, 27.7222051 ], [ 93.0257524, 27.7211924 ], [ 93.0248082, 27.7200719 ], [ 93.0247156, 27.7192725 ], [ 93.0220692, 27.7177401 ], [ 93.0213211, 27.7169812 ], [ 93.0212137, 27.716695 ], [ 93.0214479, 27.7161728 ], [ 93.0212749, 27.7156879 ], [ 93.0201897, 27.7155442 ], [ 93.0192751, 27.715286 ], [ 93.0187396, 27.7146176 ] ] } },
{ "type": "Feature", "properties": { "osm_id": 476000053, "tags": { "waterway": "river" }, "inside_district": true }, "geometry": { "type": "LineString", "coordinates": [ [ 92.5459108, 27.0640167 ], [ 92.5462756, 27.0638065 ], [ 92.5464902, 27.0636919 ], [ 92.5469386, 27.0636164 ], [ 92.547606, 27.0635199 ], [ 92.5481209, 27.063539 ] ] } },
{ "type": "Feature", "properties": { "osm_id": 476000057, "tags": { "waterway": "river" }, "inside_district": true }, "geometry": { "type": "LineString", "coordinates": [ [ 92.5043451, 27.07766 ], [ 92.5044331, 27.077831 ], [ 92.5045619, 27.0779838 ], [ 92.5045619, 27.0782895 ], [ 92.5046262, 27.0784996 ], [ 92.5046692, 27.0787098 ], [ 92.5045619, 27.0790537 ], [ 92.504431, 27.0792648 ], [ 92.504476, 27.0795122 ], [ 92.5046477, 27.0797224 ], [ 92.5049267, 27.0797224 ], [ 92.5051176, 27.079838 ], [ 92.5053773, 27.0799517 ], [ 92.5056112, 27.0799526 ], [ 92.5058922, 27.0799135 ], [ 92.5062141, 27.0799326 ], [ 92.506536, 27.0799326 ], [ 92.5067506, 27.0799135 ], [ 92.5069651, 27.0798943 ], [ 92.5072226, 27.0799708 ], [ 92.5074994, 27.0799908 ], [ 92.5077376, 27.0801236 ], [ 92.5079093, 27.0803529 ], [ 92.5080595, 27.0805057 ], [ 92.5082097, 27.0806968 ], [ 92.5084672, 27.0810025 ], [ 92.5086796, 27.0810798 ], [ 92.5089585, 27.0809843 ], [ 92.5093898, 27.0806777 ], [ 92.5097117, 27.0807541 ], [ 92.5101623, 27.0807541 ], [ 92.5105056, 27.0807541 ], [ 92.5106988, 27.0807732 ], [ 92.510997, 27.080755 ], [ 92.511321, 27.080563 ], [ 92.5115785, 27.0803911 ], [ 92.5119433, 27.080372 ], [ 92.51263, 27.0804484 ], [ 92.5130806, 27.0806203 ], [ 92.5133595, 27.0807541 ], [ 92.5138101, 27.081098 ], [ 92.5142607, 27.0812317 ], [ 92.5148809, 27.0812518 ], [ 92.5152456, 27.0811754 ], [ 92.5155053, 27.0810407 ], [ 92.5158271, 27.0807541 ], [ 92.516149, 27.0807541 ], [ 92.516385, 27.0807541 ], [ 92.5167284, 27.0807732 ], [ 92.517179, 27.0804484 ], [ 92.5173292, 27.080009 ], [ 92.5176296, 27.0796078 ], [ 92.5179515, 27.0793976 ], [ 92.5183162, 27.079283 ], [ 92.5186166, 27.079283 ], [ 92.5190007, 27.079303 ], [ 92.5192818, 27.079283 ], [ 92.5196895, 27.079283 ], [ 92.5198612, 27.0791492 ], [ 92.5202024, 27.0790738 ], [ 92.5205242, 27.0789209 ], [ 92.5209963, 27.0786917 ], [ 92.5213396, 27.0785197 ], [ 92.5215971, 27.0780994 ], [ 92.5215993, 27.0776208 ], [ 92.5213418, 27.0770094 ], [ 92.5213847, 27.07657 ], [ 92.5215563, 27.0761305 ], [ 92.5219834, 27.0753864 ], [ 92.5223503, 27.0751179 ], [ 92.5225413, 27.0749851 ], [ 92.5229511, 27.074774 ], [ 92.5234017, 27.0745638 ], [ 92.5240669, 27.0743919 ], [ 92.5247106, 27.0743919 ], [ 92.5251162, 27.074431 ], [ 92.5254616, 27.0742772 ], [ 92.5256977, 27.074239 ], [ 92.5262749, 27.0741636 ], [ 92.5266418, 27.0739333 ], [ 92.5272426, 27.0736658 ], [ 92.5277791, 27.0734748 ], [ 92.5282297, 27.0735512 ], [ 92.5286374, 27.0735321 ], [ 92.5290778, 27.0736372 ], [ 92.5298433, 27.0731686 ], [ 92.5303969, 27.0734175 ], [ 92.5306115, 27.0735512 ], [ 92.5310836, 27.073876 ], [ 92.5312123, 27.0740671 ], [ 92.5316415, 27.074239 ], [ 92.5320277, 27.0742772 ], [ 92.5323045, 27.0743355 ], [ 92.5327122, 27.0740107 ], [ 92.5327358, 27.0736658 ], [ 92.5329289, 27.0732455 ], [ 92.5332508, 27.0727678 ], [ 92.533637, 27.0726723 ], [ 92.5340018, 27.0725194 ], [ 92.5341928, 27.0725968 ], [ 92.5345146, 27.0727879 ], [ 92.5346026, 27.0731882 ], [ 92.5347743, 27.0736085 ], [ 92.5349674, 27.073876 ], [ 92.5352227, 27.0740489 ], [ 92.535654, 27.0739333 ], [ 92.5359544, 27.0737423 ], [ 92.5362312, 27.0735139 ], [ 92.5368964, 27.0732465 ], [ 92.5371561, 27.0727296 ], [ 92.5372827, 27.0725395 ], [ 92.5377547, 27.0723102 ], [ 92.5381217, 27.0722711 ], [ 92.5385079, 27.0721946 ], [ 92.5387439, 27.07208 ], [ 92.5393426, 27.0720045 ], [ 92.5397095, 27.0719654 ], [ 92.5403082, 27.0718708 ], [ 92.5406515, 27.0717752 ], [ 92.5410828, 27.0714686 ], [ 92.5415764, 27.0713157 ], [ 92.5418961, 27.0708581 ], [ 92.5421321, 27.0703996 ], [ 92.5419819, 27.069941 ], [ 92.5416836, 27.0697299 ], [ 92.5415528, 27.0694633 ], [ 92.5413811, 27.0689092 ], [ 92.5415334, 27.0682013 ], [ 92.5418338, 27.0674943 ], [ 92.5419197, 27.0669211 ], [ 92.5427565, 27.0668447 ], [ 92.5429926, 27.0666154 ], [ 92.5431857, 27.0662714 ], [ 92.5432286, 27.0659084 ], [ 92.5433573, 27.0655453 ], [ 92.5435505, 27.0654116 ], [ 92.5437843, 27.0652979 ], [ 92.5441062, 27.0648966 ], [ 92.5447092, 27.0647428 ], [ 92.5452456, 27.0645135 ], [ 92.5454795, 27.0643043 ], [ 92.5458893, 27.0641313 ], [ 92.5462756, 27.0640549 ], [ 92.5465116, 27.064246 ], [ 92.5468099, 27.0642278 ], [ 92.5473249, 27.064075 ], [ 92.5475845, 27.0639403 ], [ 92.5479471, 27.0637501 ], [ 92.5481209, 27.063539 ], [ 92.5485286, 27.0635008 ], [ 92.5489578, 27.0635008 ], [ 92.549344, 27.0635581 ], [ 92.5497088, 27.0635581 ], [ 92.550138, 27.0635008 ], [ 92.5505006, 27.0632151 ], [ 92.5507602, 27.0627938 ], [ 92.5509319, 27.0623925 ], [ 92.5511894, 27.0622205 ], [ 92.5515327, 27.0621441 ], [ 92.5518975, 27.0621441 ], [ 92.5522601, 27.0619922 ], [ 92.5525841, 27.0618001 ], [ 92.5529253, 27.0614571 ], [ 92.5530755, 27.0610559 ], [ 92.5532922, 27.060539 ], [ 92.5532708, 27.0600995 ], [ 92.5535905, 27.059852 ], [ 92.5539982, 27.0595272 ], [ 92.5541699, 27.059145 ], [ 92.5540862, 27.0588383 ], [ 92.553848, 27.0585335 ], [ 92.5535047, 27.0579794 ], [ 92.553333, 27.0575398 ], [ 92.5535283, 27.0570994 ], [ 92.5540647, 27.0569465 ], [ 92.554687, 27.0569083 ], [ 92.5552449, 27.0566981 ], [ 92.5557599, 27.056335 ], [ 92.5560174, 27.0560484 ], [ 92.5564465, 27.0558573 ], [ 92.5567684, 27.0559528 ], [ 92.5571525, 27.0559538 ], [ 92.5574958, 27.0557818 ], [ 92.5574765, 27.0553795 ], [ 92.5576482, 27.0547871 ], [ 92.5581631, 27.0543285 ], [ 92.5584829, 27.0542339 ], [ 92.5585472, 27.0536988 ], [ 92.5585065, 27.0532393 ], [ 92.5584206, 27.0527233 ], [ 92.5583348, 27.0523029 ], [ 92.5585065, 27.0520544 ], [ 92.5588476, 27.0518643 ], [ 92.559427, 27.0516159 ], [ 92.559751, 27.0514238 ], [ 92.5602424, 27.051119 ], [ 92.5604806, 27.0509843 ], [ 92.5609076, 27.0509279 ], [ 92.5611458, 27.0507741 ], [ 92.5614891, 27.0505447 ], [ 92.5618753, 27.0501052 ], [ 92.5618303, 27.0496475 ], [ 92.5619375, 27.0491697 ], [ 92.5619826, 27.048691 ], [ 92.5622379, 27.0484053 ], [ 92.5624096, 27.0480995 ], [ 92.5627336, 27.0476017 ], [ 92.5629246, 27.0470484 ], [ 92.5630963, 27.0465133 ], [ 92.5631392, 27.0458827 ], [ 92.5630748, 27.0453284 ], [ 92.5628624, 27.0448879 ], [ 92.5628195, 27.044391 ], [ 92.5630126, 27.0441426 ], [ 92.5635061, 27.0438941 ], [ 92.5639352, 27.0436648 ], [ 92.5643644, 27.0433781 ], [ 92.5645768, 27.0430733 ], [ 92.5645768, 27.0427484 ], [ 92.5647506, 27.0424417 ], [ 92.5648365, 27.041983 ], [ 92.5653064, 27.041659 ], [ 92.5655853, 27.041315 ], [ 92.5659716, 27.0411048 ], [ 92.5657999, 27.0404932 ], [ 92.5659308, 27.039938 ], [ 92.5660166, 27.0394793 ], [ 92.5662076, 27.0390598 ], [ 92.5664007, 27.0386011 ], [ 92.566508, 27.0381233 ], [ 92.5667677, 27.0376827 ], [ 92.566832, 27.0373196 ], [ 92.566832, 27.036708 ], [ 92.5666797, 27.0363076 ], [ 92.5671324, 27.0360199 ], [ 92.5675831, 27.0358862 ], [ 92.5684843, 27.0359435 ], [ 92.56904, 27.0357724 ], [ 92.5697074, 27.0355612 ], [ 92.5699005, 27.0350834 ], [ 92.5701365, 27.0345291 ], [ 92.5706086, 27.034338 ], [ 92.5710377, 27.0340895 ], [ 92.5714218, 27.0337847 ], [ 92.5716793, 27.0331922 ], [ 92.5721085, 27.0330775 ], [ 92.5728187, 27.032981 ], [ 92.5733959, 27.0329628 ], [ 92.5738272, 27.032656 ], [ 92.5739324, 27.032313 ], [ 92.5739774, 27.0318342 ], [ 92.5743422, 27.0316813 ], [ 92.5747499, 27.0316048 ], [ 92.5752864, 27.0314137 ], [ 92.5755224, 27.0308785 ], [ 92.5758636, 27.0301722 ], [ 92.5766596, 27.0296934 ], [ 92.5772369, 27.0298091 ], [ 92.5776875, 27.0297326 ], [ 92.5779686, 27.0293303 ], [ 92.5780759, 27.0288715 ], [ 92.5783956, 27.0287769 ], [ 92.5791037, 27.0287005 ], [ 92.5795972, 27.0284902 ], [ 92.5800714, 27.0282599 ], [ 92.5806079, 27.0282599 ], [ 92.5811014, 27.0281834 ], [ 92.5813803, 27.0278203 ], [ 92.5818739, 27.0275718 ], [ 92.5824082, 27.0273816 ], [ 92.5827536, 27.0269983 ], [ 92.5832257, 27.0269601 ], [ 92.5837171, 27.0268655 ], [ 92.5842986, 27.0266352 ], [ 92.5852213, 27.0265396 ], [ 92.5857792, 27.0266161 ], [ 92.5864873, 27.0264249 ], [ 92.5869808, 27.0261191 ], [ 92.5877104, 27.025775 ], [ 92.588118, 27.0256794 ], [ 92.588633, 27.0256412 ], [ 92.5891051, 27.0256986 ], [ 92.589427, 27.0255839 ], [ 92.5901994, 27.0253736 ], [ 92.5908003, 27.0251251 ], [ 92.5914848, 27.0250496 ], [ 92.5917444, 27.0251825 ], [ 92.5923881, 27.0252589 ], [ 92.5936112, 27.025106 ], [ 92.5943408, 27.0250295 ], [ 92.5950253, 27.0249349 ], [ 92.5954351, 27.0247237 ], [ 92.5960145, 27.0245517 ], [ 92.5967655, 27.0243605 ], [ 92.5971281, 27.0245526 ], [ 92.5974092, 27.0247811 ], [ 92.5979886, 27.0249149 ], [ 92.5983748, 27.0249531 ], [ 92.5988469, 27.0246664 ], [ 92.5993619, 27.024265 ], [ 92.6000485, 27.0240356 ], [ 92.6004541, 27.0240748 ], [ 92.6007352, 27.0242841 ], [ 92.6009283, 27.0243605 ], [ 92.6013145, 27.0243988 ], [ 92.6021084, 27.0245899 ], [ 92.6028573, 27.0248967 ], [ 92.6034796, 27.0250496 ], [ 92.6043379, 27.0252981 ], [ 92.6050911, 27.0253736 ], [ 92.6059258, 27.0260627 ], [ 92.606636, 27.0266161 ], [ 92.6073012, 27.026941 ], [ 92.6078999, 27.0271713 ], [ 92.6088655, 27.0272478 ], [ 92.6099169, 27.0273051 ], [ 92.6103675, 27.0273242 ], [ 92.6110756, 27.0276301 ], [ 92.6115284, 27.0279732 ], [ 92.6122987, 27.0281653 ], [ 92.6125583, 27.0284701 ], [ 92.6125776, 27.0290254 ], [ 92.6126656, 27.0293876 ], [ 92.6128802, 27.029961 ], [ 92.6131999, 27.0304398 ], [ 92.6140175, 27.0309549 ], [ 92.614187, 27.0312426 ], [ 92.6148114, 27.0314519 ], [ 92.6153907, 27.0317386 ], [ 92.6160967, 27.0318733 ], [ 92.616676, 27.0319212 ], [ 92.6172871, 27.0319628 ] ] } },
{ "type": "Feature", "properties": { "osm_id": 476000058, "tags": { "waterway": "river" }, "inside_district": true }, "geometry": { "type": "LineString", "coordinates": [ [ 92.5418124, 27.0668064 ], [ 92.5420248, 27.066559 ], [ 92.5422394, 27.0662915 ], [ 92.5426492, 27.0663479 ], [ 92.5430355, 27.0661759 ] ] } },
{ "type": "Feature", "properties": { "osm_id": 476004715, "tags": { "waterway": "stream" }, "inside_district": true }, "geometry": { "type": "LineString", "coordinates": [ [ 92.5253538, 27.0744592 ], [ 92.5256435, 27.0744306 ], [ 92.5258473, 27.0744497 ], [ 92.526137, 27.0744497 ], [ 92.5263409, 27.0744497 ], [ 92.5266413, 27.0744688 ], [ 92.5269186, 27.0744979 ], [ 92.5272298, 27.0745075 ], [ 92.5275302, 27.0744406 ], [ 92.5278107, 27.0742777 ], [ 92.5280253, 27.0741535 ], [ 92.5281846, 27.0740203 ], [ 92.5284437, 27.0739434 ], [ 92.5286583, 27.0739338 ], [ 92.528787, 27.0737905 ], [ 92.5289678, 27.0737337 ], [ 92.5290231, 27.0736759 ] ] } },
{ "type": "Feature", "properties": { "osm_id": 560909665, "tags": { "intermittent": "yes", "waterway": "river" }, "inside_district": true }, "geometry": { "type": "LineString", "coordinates": [ [ 92.0107019, 27.2827099 ], [ 92.0111042, 27.2825478 ], [ 92.0114395, 27.2825001 ], [ 92.0117292, 27.2822855 ], [ 92.011874, 27.282338 ], [ 92.0121931, 27.2819541 ], [ 92.012314, 27.2818815 ], [ 92.0127363, 27.281728 ], [ 92.0131972, 27.2815687 ], [ 92.0134953, 27.281337 ], [ 92.0138813, 27.2811064 ], [ 92.0142384, 27.2808552 ], [ 92.0143439, 27.2807907 ], [ 92.0148955, 27.2806191 ], [ 92.0152674, 27.280553 ], [ 92.0156017, 27.2804539 ], [ 92.0159452, 27.2803755 ], [ 92.0163888, 27.2803021 ], [ 92.0167163, 27.2802501 ], [ 92.0171211, 27.2801394 ], [ 92.0174908, 27.279852 ], [ 92.0177773, 27.279523 ], [ 92.0183213, 27.2788936 ], [ 92.0185186, 27.2787322 ], [ 92.0188088, 27.2785859 ], [ 92.0189558, 27.2785545 ], [ 92.019248, 27.2785545 ], [ 92.0195857, 27.2785878 ], [ 92.0199766, 27.2786594 ], [ 92.0206348, 27.2786594 ], [ 92.0213778, 27.2785768 ], [ 92.0218437, 27.2783008 ], [ 92.0221303, 27.2780191 ], [ 92.0224374, 27.2774839 ], [ 92.0225165, 27.2773487 ], [ 92.0227787, 27.2771973 ], [ 92.0232408, 27.2768164 ], [ 92.0238645, 27.2764485 ], [ 92.0242034, 27.2763298 ], [ 92.0246784, 27.2760886 ], [ 92.0249592, 27.2759549 ], [ 92.0253634, 27.2757916 ], [ 92.0257159, 27.2755174 ], [ 92.0260153, 27.2753801 ], [ 92.0263396, 27.2751976 ], [ 92.0267302, 27.2750132 ], [ 92.0270134, 27.2747614 ], [ 92.0270972, 27.2743365 ], [ 92.0271274, 27.2742697 ], [ 92.0272791, 27.2741011 ], [ 92.0273512, 27.2740775 ], [ 92.0274271, 27.2740741 ], [ 92.0275788, 27.2740842 ], [ 92.0276509, 27.2741078 ], [ 92.0278216, 27.2741078 ], [ 92.0281743, 27.2739763 ], [ 92.0284361, 27.2738246 ], [ 92.0285309, 27.2737066 ], [ 92.0286978, 27.2735684 ], [ 92.028732, 27.2735043 ], [ 92.0287244, 27.2732043 ], [ 92.0287357, 27.2731368 ], [ 92.0287813, 27.2730795 ], [ 92.0288495, 27.2730458 ], [ 92.0290658, 27.2731335 ], [ 92.0291302, 27.2730964 ], [ 92.0291985, 27.272975 ], [ 92.0293692, 27.2728132 ], [ 92.0295209, 27.2727693 ], [ 92.0296765, 27.2727491 ], [ 92.0297485, 27.2727558 ], [ 92.0298104, 27.2727852 ], [ 92.0298889, 27.2727828 ], [ 92.029961, 27.2727626 ], [ 92.0300785, 27.2726716 ], [ 92.0301772, 27.2724861 ], [ 92.0302341, 27.2724423 ], [ 92.0303061, 27.2724288 ], [ 92.0303744, 27.2724591 ], [ 92.0305223, 27.2724693 ], [ 92.0306551, 27.2723883 ], [ 92.030731, 27.2723681 ], [ 92.0308751, 27.2724153 ], [ 92.0310306, 27.2724457 ], [ 92.0311639, 27.2724497 ], [ 92.0313151, 27.2724322 ], [ 92.031391, 27.2724119 ], [ 92.0315124, 27.2723209 ], [ 92.0316072, 27.272213 ], [ 92.0316793, 27.2721928 ], [ 92.0318272, 27.2721827 ], [ 92.0319031, 27.2721861 ], [ 92.0319789, 27.2722097 ], [ 92.0323962, 27.2722231 ], [ 92.0324721, 27.2722366 ], [ 92.0326276, 27.2724052 ], [ 92.0327755, 27.2724423 ], [ 92.032931, 27.2724524 ], [ 92.0329993, 27.272476 ], [ 92.0332079, 27.2725906 ], [ 92.0334469, 27.2725906 ], [ 92.0336821, 27.2725704 ], [ 92.0339173, 27.272567 ], [ 92.0339931, 27.2725434 ], [ 92.0340918, 27.2724322 ], [ 92.0342397, 27.2724052 ], [ 92.0343838, 27.2724052 ], [ 92.0344369, 27.2723546 ], [ 92.0344673, 27.2722872 ], [ 92.034528, 27.2720782 ], [ 92.0345583, 27.2720175 ], [ 92.0346001, 27.2718185 ], [ 92.0347783, 27.2716803 ], [ 92.0348618, 27.2715691 ], [ 92.0349414, 27.2715421 ], [ 92.0350932, 27.2715421 ], [ 92.035169, 27.2715185 ], [ 92.0353018, 27.2714443 ], [ 92.0353701, 27.2714207 ], [ 92.035427, 27.2713735 ], [ 92.0354953, 27.2712386 ], [ 92.0355408, 27.2711813 ], [ 92.0356963, 27.2711543 ], [ 92.0357418, 27.271097 ], [ 92.0358935, 27.2710633 ], [ 92.0359429, 27.2710127 ], [ 92.035958, 27.2709487 ], [ 92.0360187, 27.2709015 ], [ 92.0360946, 27.2708947 ], [ 92.0361704, 27.2709116 ], [ 92.0362463, 27.2709082 ], [ 92.0364701, 27.270834 ], [ 92.0365422, 27.270716 ], [ 92.0365953, 27.2706587 ], [ 92.0366712, 27.2706621 ], [ 92.036747, 27.2706891 ], [ 92.0368267, 27.2707026 ], [ 92.0369063, 27.2707026 ], [ 92.0370619, 27.2706756 ], [ 92.0372136, 27.270625 ], [ 92.0372705, 27.2705711 ], [ 92.0373008, 27.2705036 ], [ 92.0373122, 27.270362 ], [ 92.0373843, 27.270335 ], [ 92.0374639, 27.2703418 ], [ 92.0375246, 27.2703789 ], [ 92.0376005, 27.2703822 ], [ 92.0376839, 27.2703789 ], [ 92.0378281, 27.2703216 ], [ 92.0379229, 27.270335 ], [ 92.0382264, 27.2704025 ], [ 92.0383781, 27.2704564 ], [ 92.0385109, 27.27048 ], [ 92.0387347, 27.2704598 ], [ 92.0387916, 27.2704193 ], [ 92.0389395, 27.2703654 ], [ 92.0390192, 27.2703654 ], [ 92.039095, 27.2703822 ], [ 92.0392543, 27.2703688 ], [ 92.0393188, 27.270335 ], [ 92.0394668, 27.2701597 ], [ 92.039535, 27.270126 ], [ 92.0396185, 27.2701226 ], [ 92.0396906, 27.2701462 ], [ 92.039994, 27.2701968 ], [ 92.0400737, 27.2701934 ], [ 92.0401457, 27.27018 ], [ 92.0404113, 27.2700282 ], [ 92.0405668, 27.2700417 ], [ 92.0406389, 27.2700687 ], [ 92.0407602, 27.270153 ], [ 92.0408323, 27.2701665 ], [ 92.0410371, 27.2700687 ], [ 92.0412837, 27.2701058 ], [ 92.0413444, 27.2700721 ], [ 92.0413899, 27.2700215 ], [ 92.0414582, 27.2699844 ], [ 92.0416213, 27.2699878 ], [ 92.0416706, 27.2699406 ], [ 92.0417123, 27.2698057 ], [ 92.0417768, 27.269681 ], [ 92.0419741, 27.2693977 ], [ 92.0420348, 27.2693573 ], [ 92.0421941, 27.269337 ], [ 92.0424141, 27.2693539 ], [ 92.0424786, 27.2693202 ], [ 92.0425468, 27.2692528 ], [ 92.0426227, 27.2692359 ], [ 92.0428048, 27.2691078 ], [ 92.0429413, 27.2690437 ], [ 92.0431576, 27.2689864 ], [ 92.0433851, 27.2690066 ], [ 92.0434724, 27.2689864 ], [ 92.0436165, 27.2689291 ], [ 92.0436962, 27.268919 ], [ 92.0439996, 27.2689796 ], [ 92.0440755, 27.2689796 ], [ 92.0443562, 27.2688819 ], [ 92.0444283, 27.2688954 ], [ 92.0445686, 27.2689729 ], [ 92.0446445, 27.268983 ], [ 92.0448835, 27.2689291 ], [ 92.044948, 27.2688987 ], [ 92.0450617, 27.2688043 ], [ 92.0451338, 27.2687706 ], [ 92.0452135, 27.2687639 ], [ 92.04535, 27.2688279 ], [ 92.045498, 27.2688482 ], [ 92.0455625, 27.2688886 ], [ 92.0456156, 27.2689392 ], [ 92.0456838, 27.2690673 ], [ 92.0457375, 27.2691189 ], [ 92.0459532, 27.2692258 ], [ 92.0460252, 27.2692224 ], [ 92.0461732, 27.2691718 ], [ 92.046249, 27.2691786 ], [ 92.046397, 27.2692325 ], [ 92.0465183, 27.2693168 ], [ 92.0466625, 27.2693303 ], [ 92.0468104, 27.2693134 ], [ 92.0468787, 27.2692831 ], [ 92.0469584, 27.2692696 ], [ 92.0471215, 27.2692764 ], [ 92.0472732, 27.2693033 ], [ 92.0474932, 27.2693977 ], [ 92.0475691, 27.2694011 ], [ 92.0476449, 27.2693741 ], [ 92.0477094, 27.269337 ], [ 92.0477815, 27.2693202 ], [ 92.0478573, 27.2693236 ], [ 92.0479294, 27.2693067 ], [ 92.0479977, 27.2692764 ], [ 92.0480698, 27.2692662 ], [ 92.0481456, 27.2692797 ], [ 92.0483656, 27.2693876 ], [ 92.0485174, 27.2694078 ], [ 92.0487336, 27.2694888 ], [ 92.0489801, 27.2696843 ], [ 92.0490484, 27.2697147 ], [ 92.0492533, 27.2699406 ], [ 92.0493177, 27.2699743 ], [ 92.0493936, 27.2699878 ], [ 92.0495491, 27.2700013 ], [ 92.0497502, 27.2701125 ], [ 92.0498071, 27.2701597 ], [ 92.0498791, 27.2702002 ], [ 92.0501105, 27.2702238 ], [ 92.0503267, 27.2702845 ], [ 92.0504102, 27.2702845 ], [ 92.0506454, 27.2702609 ], [ 92.0507743, 27.2701901 ], [ 92.0508502, 27.2701698 ], [ 92.0511043, 27.2701698 ], [ 92.0512523, 27.2702002 ], [ 92.0514912, 27.2702103 ], [ 92.051734, 27.2701833 ], [ 92.051882, 27.2701564 ], [ 92.0520413, 27.2701496 ], [ 92.0522158, 27.2702002 ], [ 92.0524092, 27.2703114 ], [ 92.052504, 27.2703114 ], [ 92.0525837, 27.2703249 ], [ 92.0527354, 27.270335 ], [ 92.0530465, 27.270335 ], [ 92.0535017, 27.2702744 ], [ 92.0535775, 27.2702777 ], [ 92.0537217, 27.2703047 ], [ 92.0539417, 27.2703047 ], [ 92.0540099, 27.2703384 ], [ 92.0540668, 27.2703957 ], [ 92.0541478, 27.2704288 ], [ 92.0543741, 27.2704901 ], [ 92.054541, 27.2704901 ], [ 92.0546003, 27.2705027 ], [ 92.0546738, 27.2705137 ], [ 92.0547951, 27.2706014 ], [ 92.0549024, 27.2706398 ], [ 92.0549764, 27.2706398 ], [ 92.0552086, 27.270652 ], [ 92.0554514, 27.2707026 ], [ 92.0557207, 27.270861 ], [ 92.0559559, 27.2709251 ], [ 92.0561835, 27.2709419 ], [ 92.0564186, 27.2709285 ], [ 92.0565855, 27.2709521 ], [ 92.056798, 27.2710869 ], [ 92.0570483, 27.2713061 ], [ 92.0571128, 27.2713465 ], [ 92.057238, 27.2714544 ], [ 92.0574276, 27.2715927 ], [ 92.0575794, 27.2716061 ], [ 92.0578828, 27.2715758 ], [ 92.0580308, 27.2715927 ], [ 92.058099, 27.2715657 ], [ 92.0581825, 27.2715825 ], [ 92.0584556, 27.2717343 ], [ 92.0585808, 27.2718388 ], [ 92.0587325, 27.2719231 ], [ 92.0591156, 27.2719467 ], [ 92.0592673, 27.2719332 ], [ 92.0596808, 27.2719939 ], [ 92.0597529, 27.272004 ], [ 92.0600412, 27.272122 ], [ 92.0602763, 27.2721726 ], [ 92.0604319, 27.2721422 ], [ 92.0605001, 27.2721085 ], [ 92.0608377, 27.2718624 ], [ 92.0611184, 27.2716871 ], [ 92.0613688, 27.271623 ], [ 92.0619416, 27.2716972 ], [ 92.062006, 27.2717376 ], [ 92.0620478, 27.2717949 ], [ 92.0621047, 27.272149 ], [ 92.0621843, 27.2724389 ], [ 92.0622488, 27.2725738 ], [ 92.0623512, 27.272685 ], [ 92.0626054, 27.2728705 ], [ 92.0628937, 27.2729986 ], [ 92.0629468, 27.2730559 ], [ 92.0630719, 27.2731469 ], [ 92.0634057, 27.2733492 ], [ 92.0636561, 27.2735279 ], [ 92.0639558, 27.273656 ], [ 92.0641189, 27.2737606 ], [ 92.0641378, 27.2738314 ], [ 92.0641113, 27.2740202 ], [ 92.0639785, 27.2742461 ], [ 92.0638913, 27.2744517 ], [ 92.0638647, 27.2745967 ], [ 92.0638685, 27.2747383 ], [ 92.0639406, 27.2749507 ], [ 92.0639937, 27.2750046 ], [ 92.0642099, 27.275099 ], [ 92.0644678, 27.2752642 ], [ 92.0647599, 27.2754294 ], [ 92.0650444, 27.2756823 ], [ 92.0651089, 27.2757295 ], [ 92.0652379, 27.2757936 ], [ 92.0653517, 27.2758846 ], [ 92.0655148, 27.276043 ], [ 92.0656931, 27.2761847 ], [ 92.0657955, 27.2763027 ], [ 92.0659851, 27.2764443 ], [ 92.0663682, 27.2765791 ], [ 92.0667514, 27.2766803 ], [ 92.0669069, 27.2766971 ], [ 92.0672065, 27.2766971 ], [ 92.0675214, 27.2766533 ], [ 92.0677566, 27.2766398 ], [ 92.0679083, 27.2766027 ], [ 92.0681169, 27.2764948 ], [ 92.0682231, 27.2763903 ], [ 92.0683142, 27.2762791 ], [ 92.0683749, 27.2762352 ], [ 92.0684166, 27.2761779 ], [ 92.0684849, 27.2761341 ], [ 92.0686328, 27.2760936 ], [ 92.0688869, 27.2760936 ], [ 92.0690425, 27.2760599 ], [ 92.0691145, 27.2760329 ], [ 92.0694445, 27.2758441 ], [ 92.0696911, 27.2758037 ], [ 92.0700249, 27.275807 ], [ 92.0703625, 27.2757632 ], [ 92.0704384, 27.2757666 ], [ 92.0704953, 27.2759048 ], [ 92.0704721, 27.2761729 ], [ 92.070576, 27.2765887 ], [ 92.070659, 27.2768099 ], [ 92.0708661, 27.2769479 ], [ 92.0711147, 27.277161 ], [ 92.0714179, 27.2773884 ], [ 92.0717408, 27.2776429 ], [ 92.0722319, 27.2779414 ], [ 92.0724799, 27.2781001 ], [ 92.072841, 27.2782807 ], [ 92.0731171, 27.2783841 ], [ 92.0735012, 27.2784775 ], [ 92.073906, 27.2785566 ], [ 92.0746306, 27.2786572 ], [ 92.0750171, 27.2786455 ], [ 92.0754432, 27.2785746 ], [ 92.0758493, 27.2782966 ], [ 92.0760818, 27.2781924 ], [ 92.0765007, 27.277993 ], [ 92.0768588, 27.2777691 ], [ 92.0771055, 27.2775388 ], [ 92.0772044, 27.277267 ], [ 92.0773486, 27.2769877 ], [ 92.0774644, 27.2767045 ], [ 92.0774754, 27.2764172 ], [ 92.07751, 27.276182 ], [ 92.0775932, 27.2760094 ], [ 92.0777045, 27.2758362 ], [ 92.0777757, 27.2757819 ], [ 92.0779481, 27.2757199 ], [ 92.0781862, 27.2756179 ], [ 92.078472, 27.2754484 ], [ 92.0786695, 27.27532 ], [ 92.0789342, 27.2751396 ], [ 92.0789784, 27.2750844 ], [ 92.0791202, 27.2750236 ], [ 92.0795015, 27.274871 ], [ 92.0797274, 27.2746974 ], [ 92.0799579, 27.2743772 ], [ 92.0800772, 27.2740988 ], [ 92.0801136, 27.2738809 ], [ 92.080205, 27.2736784 ], [ 92.0805066, 27.2732592 ], [ 92.0806291, 27.2731848 ], [ 92.0809633, 27.2730852 ], [ 92.0813916, 27.2730228 ], [ 92.0817826, 27.2729301 ], [ 92.0823588, 27.272752 ], [ 92.0827825, 27.2725153 ], [ 92.0830119, 27.2722733 ], [ 92.0831844, 27.2720515 ], [ 92.0831785, 27.2718155 ], [ 92.083522, 27.2717549 ], [ 92.0842456, 27.2717172 ], [ 92.0848158, 27.2715893 ], [ 92.0853098, 27.2713135 ], [ 92.0856841, 27.2710212 ], [ 92.085938, 27.2706736 ], [ 92.0860875, 27.2701611 ], [ 92.0861321, 27.270002 ], [ 92.0861778, 27.2699422 ], [ 92.0863195, 27.2698175 ], [ 92.0866858, 27.2696583 ], [ 92.0870597, 27.2694714 ], [ 92.0870606, 27.2694403 ], [ 92.0873153, 27.269448 ], [ 92.0875396, 27.2694616 ], [ 92.0877076, 27.2695192 ], [ 92.0877896, 27.2695875 ], [ 92.0879216, 27.2697196 ], [ 92.0882751, 27.2699444 ], [ 92.0886758, 27.2698111 ], [ 92.0887368, 27.2697844 ], [ 92.0888132, 27.2697761 ], [ 92.0889125, 27.2697897 ], [ 92.0891099, 27.269802 ], [ 92.0891932, 27.2697892 ], [ 92.0892174, 27.269794 ], [ 92.0894413, 27.2698581 ], [ 92.0897256, 27.2697396 ], [ 92.0897349, 27.2697356 ], [ 92.0897661, 27.2697384 ], [ 92.0900401, 27.2696973 ], [ 92.0901067, 27.2696835 ], [ 92.0902977, 27.269762 ], [ 92.0905126, 27.2698696 ], [ 92.0909201, 27.2697933 ], [ 92.091273, 27.2695985 ], [ 92.0915279, 27.2694363 ], [ 92.091763, 27.2692123 ], [ 92.0919296, 27.269036 ], [ 92.0920191, 27.2688901 ], [ 92.0923873, 27.2690236 ], [ 92.0923962, 27.2690236 ], [ 92.0925772, 27.2692271 ], [ 92.0927702, 27.269331 ], [ 92.0929949, 27.2694527 ], [ 92.093203, 27.269561 ], [ 92.0935417, 27.2697932 ], [ 92.0937587, 27.2698862 ], [ 92.0938738, 27.2700014 ], [ 92.0939699, 27.2700457 ], [ 92.0940213, 27.2701099 ], [ 92.0941657, 27.2702706 ], [ 92.0943718, 27.2703692 ], [ 92.0944728, 27.2705374 ], [ 92.0947222, 27.2706208 ], [ 92.0949353, 27.2706692 ], [ 92.0952457, 27.2707597 ], [ 92.095562, 27.2707226 ], [ 92.0962102, 27.2705164 ], [ 92.0963593, 27.2702182 ], [ 92.0963802, 27.2696723 ], [ 92.0963991, 27.2695273 ], [ 92.0964255, 27.2695124 ], [ 92.0965818, 27.2694745 ], [ 92.0968256, 27.2694681 ], [ 92.0971215, 27.2695155 ], [ 92.0979859, 27.2692808 ], [ 92.098375, 27.2689565 ], [ 92.0986151, 27.2686715 ], [ 92.0989925, 27.2685371 ], [ 92.0991944, 27.2685023 ], [ 92.0994353, 27.2684804 ], [ 92.0996071, 27.2684919 ], [ 92.0998481, 27.2685666 ], [ 92.1003708, 27.2686571 ], [ 92.1008643, 27.268726 ], [ 92.1013193, 27.2686399 ], [ 92.1019554, 27.268451 ], [ 92.1027091, 27.2681619 ], [ 92.1036943, 27.2680387 ], [ 92.1039077, 27.268148 ], [ 92.1044186, 27.2685815 ], [ 92.1048035, 27.2687538 ], [ 92.1052184, 27.2689526 ], [ 92.1054251, 27.2690784 ], [ 92.1058173, 27.2692795 ], [ 92.1062892, 27.2694803 ], [ 92.1065528, 27.2695656 ], [ 92.1066112, 27.2696065 ], [ 92.1069564, 27.2697847 ], [ 92.1073684, 27.2699326 ], [ 92.1078276, 27.2700562 ], [ 92.108149, 27.2702032 ], [ 92.1084247, 27.2702796 ], [ 92.1089781, 27.2702796 ], [ 92.1094615, 27.2702133 ], [ 92.1098626, 27.2701946 ], [ 92.1103871, 27.2701149 ], [ 92.1108574, 27.2699021 ], [ 92.1112078, 27.2697102 ], [ 92.1117623, 27.2695634 ], [ 92.1120225, 27.2695082 ], [ 92.1122805, 27.2694854 ], [ 92.1127831, 27.2694854 ], [ 92.1132575, 27.2694854 ], [ 92.1136094, 27.2695666 ], [ 92.1143166, 27.2699508 ], [ 92.1148786, 27.2701931 ], [ 92.1158978, 27.2706043 ], [ 92.1161123, 27.2707362 ], [ 92.1164678, 27.2709325 ], [ 92.1167973, 27.2709856 ], [ 92.117269, 27.2711516 ], [ 92.1176565, 27.2712581 ], [ 92.1180847, 27.271375 ], [ 92.1184995, 27.2714517 ], [ 92.1189358, 27.2712932 ], [ 92.1190501, 27.2710073 ], [ 92.1190653, 27.2709659 ], [ 92.1192161, 27.2709605 ], [ 92.1195105, 27.2712661 ], [ 92.1197012, 27.2714433 ], [ 92.1200045, 27.2715888 ], [ 92.1201258, 27.2716437 ], [ 92.1204364, 27.2721805 ], [ 92.1205991, 27.2724652 ], [ 92.1206239, 27.2725436 ], [ 92.1208587, 27.2725607 ], [ 92.1210023, 27.2728677 ], [ 92.1209725, 27.27325 ], [ 92.1211494, 27.2736638 ], [ 92.1214739, 27.2741205 ], [ 92.1221598, 27.2744547 ], [ 92.1229309, 27.2746999 ], [ 92.1231294, 27.2750194 ], [ 92.1230005, 27.2752959 ], [ 92.1229051, 27.2755376 ], [ 92.1228908, 27.2758118 ], [ 92.12293, 27.2760863 ], [ 92.1230421, 27.2763748 ], [ 92.1233235, 27.2766098 ], [ 92.1235664, 27.2767878 ], [ 92.1238725, 27.2769103 ], [ 92.1239153, 27.276938 ], [ 92.1242988, 27.2771316 ], [ 92.1243944, 27.2775681 ], [ 92.1244465, 27.2778373 ], [ 92.1245387, 27.2781829 ], [ 92.1243362, 27.2783999 ], [ 92.1241585, 27.2786093 ], [ 92.1241798, 27.2788488 ], [ 92.1242297, 27.2790418 ], [ 92.1242902, 27.2791316 ], [ 92.1244487, 27.2795045 ], [ 92.124386, 27.2797875 ], [ 92.1243169, 27.2800672 ], [ 92.1243382, 27.2803871 ], [ 92.1243959, 27.28071 ], [ 92.1243777, 27.2811511 ], [ 92.1246633, 27.2815128 ], [ 92.1249736, 27.2817597 ], [ 92.1252321, 27.2817698 ] ] } },
{ "type": "Feature", "properties": { "osm_id": 561124481, "tags": { "name": "Pachuk River", "name:zh": "巴秋河", "waterway": "river" }, "inside_district": true }, "geometry": { "type": "LineString", "coordinates": [ [ 92.6467603, 27.7498222 ], [ 92.646889, 27.7494044 ], [ 92.6469963, 27.7489487 ], [ 92.6472538, 27.7487208 ], [ 92.6475756, 27.7484739 ], [ 92.6480263, 27.7484929 ], [ 92.6484339, 27.74836 ], [ 92.6488631, 27.7480751 ], [ 92.6492923, 27.7477903 ], [ 92.6493341, 27.7474257 ], [ 92.6492708, 27.7471636 ], [ 92.6495712, 27.7466129 ], [ 92.6497429, 27.7462521 ], [ 92.6500004, 27.7458153 ], [ 92.6502579, 27.7454735 ], [ 92.6505583, 27.7450936 ], [ 92.6510722, 27.744843 ], [ 92.6512449, 27.744391 ], [ 92.6514809, 27.7441251 ], [ 92.6516515, 27.7438365 ], [ 92.6518017, 27.7434566 ], [ 92.6519519, 27.7431338 ], [ 92.6521676, 27.7427768 ], [ 92.6523811, 27.7424691 ], [ 92.6525324, 27.7421691 ], [ 92.652704, 27.7418842 ], [ 92.6531332, 27.7416943 ], [ 92.6534121, 27.7414094 ], [ 92.6537758, 27.7411397 ], [ 92.6538198, 27.7407447 ], [ 92.6539915, 27.7403079 ], [ 92.6541417, 27.740061 ], [ 92.6544206, 27.7398711 ], [ 92.6546341, 27.7395255 ], [ 92.6548069, 27.7391494 ], [ 92.6548916, 27.7386328 ], [ 92.6549571, 27.7382378 ], [ 92.6549571, 27.7380099 ], [ 92.655, 27.737725 ], [ 92.6549346, 27.7373034 ], [ 92.6549131, 27.7368286 ], [ 92.6548713, 27.7364336 ], [ 92.6548498, 27.7359968 ], [ 92.6551491, 27.7357461 ], [ 92.6555364, 27.7355219 ], [ 92.6557939, 27.7352371 ], [ 92.6560729, 27.7349142 ], [ 92.6562445, 27.7346293 ], [ 92.6563947, 27.7343824 ], [ 92.6566737, 27.7342305 ], [ 92.6569097, 27.7339836 ], [ 92.6572316, 27.7338696 ], [ 92.6572949, 27.7335999 ], [ 92.6572734, 27.7332618 ], [ 92.6572531, 27.732787 ], [ 92.6575105, 27.7325211 ], [ 92.6575749, 27.7322172 ], [ 92.6578753, 27.7320083 ], [ 92.6581747, 27.7317006 ], [ 92.6582401, 27.7313815 ], [ 92.6581972, 27.7310207 ], [ 92.658562, 27.7307548 ], [ 92.6589053, 27.7305648 ], [ 92.6591628, 27.7305648 ], [ 92.6594203, 27.7303939 ], [ 92.6597636, 27.73009 ], [ 92.6597421, 27.7298621 ], [ 92.6595919, 27.7295202 ], [ 92.6593334, 27.7292125 ], [ 92.6588838, 27.7289314 ], [ 92.6590759, 27.7285288 ], [ 92.6592057, 27.7281337 ], [ 92.6593988, 27.7277918 ], [ 92.6597207, 27.727298 ], [ 92.6601498, 27.7268801 ], [ 92.6606208, 27.7268193 ], [ 92.6609427, 27.7261545 ], [ 92.6610071, 27.7256987 ], [ 92.6612002, 27.7253948 ], [ 92.66133, 27.7249237 ], [ 92.6616304, 27.7244679 ], [ 92.6618665, 27.724164 ], [ 92.6622956, 27.7236131 ], [ 92.6627677, 27.7233092 ], [ 92.663303, 27.7229825 ], [ 92.6634962, 27.7225836 ], [ 92.6636464, 27.7223937 ], [ 92.6640111, 27.7223937 ], [ 92.664333, 27.7222227 ], [ 92.664612, 27.7219758 ], [ 92.6650626, 27.7217669 ], [ 92.6654488, 27.7215769 ], [ 92.6659423, 27.7214439 ], [ 92.6663715, 27.721368 ], [ 92.6668221, 27.721197 ], [ 92.6670367, 27.7208171 ], [ 92.6673371, 27.7203612 ], [ 92.6674229, 27.7199813 ], [ 92.6674873, 27.7196394 ], [ 92.6671869, 27.7192975 ], [ 92.6669723, 27.7191076 ], [ 92.6672727, 27.7188986 ], [ 92.6675087, 27.7185757 ], [ 92.6678092, 27.7181388 ], [ 92.6680023, 27.7177209 ], [ 92.6680881, 27.717246 ], [ 92.668087, 27.7166752 ] ] } },
{ "type": "Feature", "properties": { "osm_id": 561124484, "tags": { "waterway": "stream" }, "inside_district": true }, "geometry": { "type": "LineString", "coordinates": [ [ 92.7263903, 27.506197 ], [ 92.7269912, 27.5061208 ], [ 92.7273989, 27.506216 ], [ 92.728064, 27.5064063 ], [ 92.7287292, 27.5059115 ], [ 92.7294159, 27.5057402 ], [ 92.7305102, 27.5060447 ], [ 92.7317118, 27.5075102 ], [ 92.7325701, 27.5079098 ], [ 92.7337074, 27.5081001 ], [ 92.7345228, 27.5084618 ], [ 92.7351665, 27.5088614 ], [ 92.7358746, 27.5090327 ], [ 92.7364754, 27.5089756 ], [ 92.7371192, 27.5089756 ], [ 92.7375698, 27.5093182 ], [ 92.7377414, 27.5099082 ], [ 92.7379131, 27.5103459 ], [ 92.738707, 27.5103459 ], [ 92.7394795, 27.5102507 ], [ 92.7404237, 27.5100985 ], [ 92.741754, 27.5096988 ], [ 92.742548, 27.5091088 ], [ 92.743299, 27.5089756 ], [ 92.7440285, 27.5091088 ], [ 92.7457452, 27.5093943 ], [ 92.7479124, 27.5101746 ], [ 92.7487707, 27.5100604 ], [ 92.7495432, 27.5100223 ], [ 92.7504015, 27.5101746 ], [ 92.7511525, 27.5101365 ], [ 92.7514314, 27.5098891 ], [ 92.751925, 27.5095085 ], [ 92.7526974, 27.5096036 ], [ 92.7529549, 27.5089566 ], [ 92.7528906, 27.5083285 ], [ 92.753706, 27.5078527 ], [ 92.7535343, 27.5070344 ], [ 92.7538991, 27.5069011 ], [ 92.7544999, 27.506844 ], [ 92.7550578, 27.5071676 ], [ 92.7555728, 27.5077005 ], [ 92.7563453, 27.5079098 ], [ 92.7572679, 27.5078337 ], [ 92.7581692, 27.507415 ], [ 92.7581048, 27.5068631 ], [ 92.7582335, 27.5060637 ], [ 92.7587271, 27.5053215 ], [ 92.7587485, 27.504484 ], [ 92.7595639, 27.504484 ], [ 92.7603364, 27.5045411 ], [ 92.7614307, 27.5048266 ], [ 92.7618384, 27.5055689 ], [ 92.7620101, 27.5061399 ], [ 92.763083, 27.5063682 ], [ 92.7637911, 27.506235 ], [ 92.7640271, 27.5068631 ], [ 92.7645635, 27.506844 ], [ 92.7654433, 27.5064253 ], [ 92.7664947, 27.5058924 ], [ 92.7676535, 27.5057307 ], [ 92.7680719, 27.5055879 ], [ 92.7685976, 27.5055689 ], [ 92.7694237, 27.5056165 ], [ 92.7703249, 27.5055118 ], [ 92.770797, 27.50535 ], [ 92.7709257, 27.5048171 ], [ 92.7714085, 27.5041986 ], [ 92.7735543, 27.5038465 ], [ 92.7742839, 27.5036466 ], [ 92.7749491, 27.5035134 ], [ 92.7754319, 27.5033421 ], [ 92.7756679, 27.5029234 ], [ 92.7758181, 27.5024951 ], [ 92.7760541, 27.5022192 ], [ 92.7766549, 27.5016577 ], [ 92.7769339, 27.5011248 ], [ 92.7772128, 27.5006394 ], [ 92.7778244, 27.5007251 ], [ 92.7782214, 27.5007156 ], [ 92.7788436, 27.5006965 ], [ 92.7792406, 27.5009344 ], [ 92.779777, 27.5011723 ], [ 92.7804422, 27.5016387 ], [ 92.7810699, 27.5020574 ], [ 92.7816492, 27.5018195 ], [ 92.7819174, 27.5016577 ], [ 92.7824861, 27.5015292 ], [ 92.7829421, 27.5011152 ], [ 92.7831405, 27.500687 ], [ 92.7827489, 27.4999019 ], [ 92.7822769, 27.4990073 ], [ 92.7821159, 27.4983316 ], [ 92.7822286, 27.497556 ], [ 92.7825504, 27.4969327 ], [ 92.7829581, 27.4965234 ], [ 92.7840686, 27.4958477 ], [ 92.7855867, 27.4960143 ], [ 92.7863163, 27.4959048 ], [ 92.7869278, 27.4957621 ], [ 92.7875233, 27.4955717 ], [ 92.7881724, 27.4956003 ], [ 92.7883977, 27.4958477 ], [ 92.7888483, 27.4961808 ], [ 92.7895349, 27.4965567 ], [ 92.7899319, 27.497123 ], [ 92.790125, 27.4975751 ], [ 92.7900928, 27.4980937 ], [ 92.7901679, 27.4988693 ], [ 92.7909404, 27.4996402 ], [ 92.7911442, 27.4999495 ], [ 92.7913213, 27.5002397 ], [ 92.7914286, 27.5005014 ], [ 92.7916914, 27.5006109 ], [ 92.7920079, 27.5006632 ], [ 92.7922547, 27.5005347 ], [ 92.7926195, 27.5003016 ], [ 92.7929306, 27.5000351 ], [ 92.7933061, 27.4998876 ], [ 92.793805, 27.4998448 ], [ 92.7942824, 27.5001541 ], [ 92.7946794, 27.5008345 ], [ 92.7949315, 27.5011533 ], [ 92.7953446, 27.5016577 ], [ 92.7957201, 27.5020288 ], [ 92.796278, 27.5023524 ], [ 92.7967125, 27.5027854 ], [ 92.7972275, 27.5029567 ], [ 92.7976781, 27.5032279 ], [ 92.7980429, 27.5036752 ], [ 92.7982843, 27.5043413 ], [ 92.7986222, 27.5047077 ], [ 92.7992874, 27.5052311 ], [ 92.7998185, 27.505783 ], [ 92.8004193, 27.5061969 ], [ 92.8007948, 27.5067394 ], [ 92.8008753, 27.5070391 ], [ 92.8008968, 27.5072532 ], [ 92.8009558, 27.5074578 ], [ 92.8012669, 27.5075768 ], [ 92.8016853, 27.507553 ], [ 92.8023291, 27.5073817 ], [ 92.8028432, 27.5072666 ], [ 92.8028906, 27.5072585 ], [ 92.8032714, 27.5071633 ], [ 92.8038293, 27.5071062 ], [ 92.8043229, 27.5070111 ], [ 92.8046018, 27.5067065 ], [ 92.8047306, 27.506383 ], [ 92.8049237, 27.5059643 ], [ 92.8051812, 27.5058311 ], [ 92.8057391, 27.505774 ], [ 92.806297, 27.5061356 ], [ 92.8064257, 27.5064401 ], [ 92.8066188, 27.5066304 ], [ 92.8067476, 27.5068398 ], [ 92.8069836, 27.5070872 ], [ 92.8071767, 27.5074488 ], [ 92.8074128, 27.5078294 ], [ 92.8076703, 27.5082862 ], [ 92.8079707, 27.5086668 ], [ 92.8081852, 27.5090284 ], [ 92.8085286, 27.5090665 ], [ 92.8091508, 27.5091046 ], [ 92.8095371, 27.5090855 ], [ 92.8097517, 27.5090475 ], [ 92.8100735, 27.509352 ], [ 92.8102452, 27.5097707 ], [ 92.8102881, 27.5102274 ], [ 92.8101164, 27.5105509 ], [ 92.8096873, 27.5108554 ], [ 92.8094512, 27.5111409 ], [ 92.8097302, 27.5115786 ], [ 92.8099662, 27.5120354 ], [ 92.8102881, 27.5122638 ], [ 92.8106958, 27.5126634 ], [ 92.8112966, 27.5128537 ], [ 92.811833, 27.5128347 ], [ 92.8123266, 27.5127776 ], [ 92.8128201, 27.5126253 ], [ 92.813142, 27.5124921 ], [ 92.8135497, 27.5123779 ], [ 92.8135282, 27.513025 ], [ 92.8139359, 27.5134627 ], [ 92.814129, 27.5138624 ], [ 92.8145796, 27.5145284 ], [ 92.8150517, 27.5152135 ], [ 92.8152019, 27.5157083 ] ] } },
{ "type": "Feature", "properties": { "osm_id": 561125656, "tags": { "name": "Pachuk River", "name:en": "Pachuk River", "name:zh": "巴秋河", "waterway": "river" }, "inside_district": true }, "geometry": { "type": "LineString", "coordinates": [ [ 92.668087, 27.7166752 ], [ 92.6682168, 27.7166002 ], [ 92.6686675, 27.7163152 ], [ 92.6693326, 27.7159733 ], [ 92.6697403, 27.7157644 ], [ 92.6703841, 27.7154604 ], [ 92.670942, 27.7152705 ], [ 92.671457, 27.7151565 ], [ 92.6721651, 27.7150805 ], [ 92.6725513, 27.7150045 ], [ 92.6731307, 27.7150425 ], [ 92.6734954, 27.7151565 ], [ 92.6738602, 27.7152325 ], [ 92.6741392, 27.7154794 ], [ 92.6743967, 27.7156694 ], [ 92.6748902, 27.7153845 ], [ 92.6750404, 27.7149096 ], [ 92.6751906, 27.7143777 ], [ 92.6756197, 27.7140927 ], [ 92.6760274, 27.7140547 ], [ 92.6763922, 27.7138458 ], [ 92.676757, 27.7134469 ], [ 92.6770789, 27.7131429 ], [ 92.6773793, 27.712801 ], [ 92.6777655, 27.712554 ], [ 92.6784307, 27.7122691 ], [ 92.6789457, 27.7119272 ], [ 92.6795465, 27.7115852 ], [ 92.6799757, 27.7111103 ], [ 92.6804692, 27.7106164 ], [ 92.6809198, 27.7102555 ], [ 92.6813704, 27.7098565 ], [ 92.6816708, 27.7096476 ], [ 92.6821858, 27.7093246 ], [ 92.6830441, 27.7089637 ], [ 92.6834518, 27.7087167 ], [ 92.684117, 27.7085078 ], [ 92.6845461, 27.7085647 ], [ 92.6848895, 27.7087927 ], [ 92.6852328, 27.7089637 ], [ 92.6856834, 27.7090207 ], [ 92.6862198, 27.7088117 ], [ 92.6867134, 27.7086027 ], [ 92.6870567, 27.7083748 ], [ 92.6875073, 27.7079188 ], [ 92.6877004, 27.707197 ], [ 92.6881081, 27.70657 ], [ 92.6882154, 27.7060001 ], [ 92.6884085, 27.7056202 ], [ 92.688666, 27.7053922 ], [ 92.6889879, 27.7050502 ], [ 92.6893097, 27.7050312 ], [ 92.6895029, 27.7050882 ], [ 92.689696, 27.7052782 ], [ 92.6901251, 27.7053162 ], [ 92.690683, 27.7050502 ], [ 92.691198, 27.7047083 ], [ 92.6914984, 27.7041194 ], [ 92.6919705, 27.7037014 ], [ 92.6924855, 27.7031885 ], [ 92.6930863, 27.7028085 ], [ 92.6937729, 27.7024665 ], [ 92.6943952, 27.7023526 ], [ 92.6946527, 27.7024475 ], [ 92.6949102, 27.7027705 ], [ 92.695275, 27.7030745 ], [ 92.6960045, 27.7027895 ], [ 92.6964551, 27.7021056 ], [ 92.6969058, 27.7017446 ], [ 92.6972062, 27.7014406 ], [ 92.6974637, 27.7008137 ], [ 92.6975924, 27.7002247 ], [ 92.6976997, 27.6997878 ], [ 92.698043, 27.6996168 ], [ 92.6984078, 27.6993888 ], [ 92.6988799, 27.6992178 ], [ 92.6990515, 27.6989708 ], [ 92.6991159, 27.6986289 ], [ 92.6991374, 27.6980399 ], [ 92.6991803, 27.6973369 ], [ 92.6994378, 27.697033 ], [ 92.6996953, 27.69671 ], [ 92.7002746, 27.696596 ], [ 92.7008754, 27.696254 ], [ 92.7011758, 27.69576 ], [ 92.701326, 27.695266 ], [ 92.7014333, 27.6946581 ], [ 92.7014977, 27.6941071 ], [ 92.7016264, 27.6937081 ], [ 92.7017552, 27.6932331 ], [ 92.7019483, 27.6927391 ], [ 92.70212, 27.6924731 ], [ 92.7023345, 27.6920551 ], [ 92.7026779, 27.6915991 ], [ 92.7031929, 27.6913521 ], [ 92.7035362, 27.6910481 ], [ 92.7038795, 27.6906491 ], [ 92.7041799, 27.6902881 ], [ 92.7043301, 27.6899461 ], [ 92.7042872, 27.6895091 ], [ 92.7044159, 27.6891101 ], [ 92.7046305, 27.6885781 ], [ 92.7046305, 27.6879511 ], [ 92.7045876, 27.687438 ], [ 92.7048666, 27.686963 ], [ 92.7053386, 27.686583 ], [ 92.7056605, 27.686336 ], [ 92.7060038, 27.685975 ], [ 92.7060896, 27.685386 ], [ 92.7062398, 27.6850249 ], [ 92.7064544, 27.6846069 ], [ 92.7067334, 27.6841319 ], [ 92.7070123, 27.6841509 ], [ 92.7074629, 27.6840749 ], [ 92.7079994, 27.6842269 ], [ 92.7083212, 27.6839419 ], [ 92.7082354, 27.6834668 ], [ 92.708171, 27.6831628 ], [ 92.7082569, 27.6827258 ], [ 92.7080852, 27.6820417 ], [ 92.7084071, 27.6815287 ], [ 92.7089006, 27.6809776 ], [ 92.709201, 27.6806166 ], [ 92.7093297, 27.6804076 ], [ 92.7098018, 27.6802556 ], [ 92.7101237, 27.6801985 ], [ 92.7104241, 27.6801605 ], [ 92.7109176, 27.6799705 ], [ 92.7112609, 27.6798375 ], [ 92.7115399, 27.6797235 ], [ 92.7119047, 27.6794765 ], [ 92.7123767, 27.6792484 ], [ 92.7127844, 27.6790204 ], [ 92.712999, 27.6787164 ], [ 92.7131492, 27.6782603 ], [ 92.7131063, 27.6777853 ], [ 92.7130205, 27.6772912 ], [ 92.7129561, 27.6768542 ], [ 92.7128059, 27.6764931 ], [ 92.7126128, 27.6761511 ], [ 92.7124411, 27.67579 ], [ 92.7122265, 27.675524 ], [ 92.7119261, 27.6752769 ], [ 92.7112609, 27.6751439 ], [ 92.7109391, 27.6747639 ], [ 92.7106172, 27.6743458 ], [ 92.7106172, 27.6740037 ], [ 92.7107245, 27.6736427 ], [ 92.7110464, 27.6732626 ], [ 92.7113897, 27.6729586 ], [ 92.711733, 27.6725025 ], [ 92.712012, 27.6722555 ], [ 92.7121192, 27.6718374 ], [ 92.7120549, 27.6715713 ], [ 92.7118832, 27.6713433 ], [ 92.711497, 27.6710202 ], [ 92.7110678, 27.6706021 ], [ 92.7108318, 27.6701841 ], [ 92.7108962, 27.669823 ], [ 92.7110678, 27.6693669 ], [ 92.7112395, 27.6688918 ], [ 92.7114755, 27.6684737 ], [ 92.7116901, 27.6681126 ], [ 92.711969, 27.6677136 ], [ 92.7118403, 27.6672195 ], [ 92.711969, 27.6665733 ], [ 92.7119905, 27.6661172 ], [ 92.7119261, 27.6654521 ], [ 92.7118832, 27.665053 ], [ 92.711733, 27.6646349 ], [ 92.7115613, 27.6640837 ], [ 92.7115184, 27.6634566 ], [ 92.711218, 27.6628294 ], [ 92.7112395, 27.6622212 ], [ 92.7108747, 27.6616131 ], [ 92.710703, 27.6610429 ], [ 92.710467, 27.6600356 ], [ 92.7105099, 27.6596935 ], [ 92.7104885, 27.6591234 ], [ 92.7108532, 27.6585532 ], [ 92.7111751, 27.6581351 ], [ 92.7112824, 27.657869 ], [ 92.7112824, 27.6571848 ], [ 92.7114111, 27.6567286 ], [ 92.7114457, 27.6565449 ], [ 92.7115184, 27.6561585 ], [ 92.7116257, 27.6556073 ], [ 92.7121192, 27.6549801 ], [ 92.7127201, 27.6545619 ], [ 92.7132136, 27.6539727 ], [ 92.7135784, 27.6535166 ], [ 92.7140504, 27.6527753 ], [ 92.7143723, 27.6520721 ], [ 92.7143723, 27.6513498 ], [ 92.7146942, 27.6504945 ], [ 92.715016, 27.6497722 ], [ 92.7151662, 27.6490309 ], [ 92.7153379, 27.6484607 ], [ 92.7153379, 27.6480806 ], [ 92.7154881, 27.6474913 ], [ 92.7156812, 27.6469971 ], [ 92.7160675, 27.6465029 ], [ 92.7167326, 27.6460657 ], [ 92.7173978, 27.6456286 ], [ 92.7180845, 27.6452484 ], [ 92.7184707, 27.6447922 ], [ 92.7185995, 27.644317 ], [ 92.7185995, 27.6437658 ], [ 92.7184922, 27.6431575 ], [ 92.7187282, 27.6422641 ], [ 92.7190072, 27.6419029 ], [ 92.7190286, 27.6415038 ], [ 92.7194149, 27.6411806 ], [ 92.7199084, 27.6411046 ], [ 92.7203375, 27.6412947 ], [ 92.720595, 27.6414848 ], [ 92.7209598, 27.6414848 ], [ 92.7213675, 27.6414277 ], [ 92.7217108, 27.6410856 ], [ 92.7217967, 27.6406674 ], [ 92.7219039, 27.6400401 ], [ 92.7217537, 27.639774 ], [ 92.7219683, 27.6393177 ], [ 92.7224189, 27.6390706 ], [ 92.7229554, 27.6388235 ], [ 92.7232772, 27.6383863 ], [ 92.7235776, 27.6380441 ], [ 92.7240283, 27.637816 ], [ 92.7247578, 27.6376259 ], [ 92.7251655, 27.6373598 ], [ 92.725702, 27.6367135 ], [ 92.725938, 27.6359911 ], [ 92.7263242, 27.6354969 ], [ 92.727204, 27.6348125 ], [ 92.7277619, 27.6345084 ], [ 92.7283198, 27.6341091 ], [ 92.7288133, 27.633862 ], [ 92.7292425, 27.6336719 ], [ 92.7297575, 27.6332917 ], [ 92.7301651, 27.6329876 ], [ 92.7306801, 27.6326264 ], [ 92.7313882, 27.6325313 ], [ 92.7319461, 27.6326073 ], [ 92.7326113, 27.6326644 ], [ 92.7333623, 27.6326264 ], [ 92.7342636, 27.6327214 ], [ 92.7348, 27.6326454 ], [ 92.7353364, 27.6324743 ], [ 92.7356154, 27.63198 ], [ 92.7356154, 27.6315238 ], [ 92.7356798, 27.6309915 ], [ 92.7359802, 27.6306493 ], [ 92.7364522, 27.6305352 ], [ 92.7369029, 27.6305352 ], [ 92.7377182, 27.6307063 ], [ 92.7383405, 27.6308394 ], [ 92.738598, 27.6308774 ], [ 92.7390486, 27.6308204 ], [ 92.7394349, 27.6304972 ], [ 92.7398211, 27.6299269 ], [ 92.7399928, 27.6292805 ], [ 92.7401001, 27.6285391 ], [ 92.7402717, 27.6278167 ], [ 92.7403575, 27.6274555 ], [ 92.7406365, 27.6268661 ], [ 92.7408296, 27.6263718 ], [ 92.7410442, 27.6258965 ], [ 92.7410656, 27.6254022 ], [ 92.74113, 27.625079 ], [ 92.7413661, 27.6245277 ], [ 92.7416879, 27.6238813 ], [ 92.7420956, 27.62333 ], [ 92.7422887, 27.6228167 ], [ 92.7430612, 27.6224554 ], [ 92.7438551, 27.6222463 ], [ 92.7443701, 27.6219611 ], [ 92.7449924, 27.62179 ], [ 92.7457649, 27.6216569 ], [ 92.7462369, 27.6215619 ], [ 92.7466017, 27.6212196 ], [ 92.7469236, 27.6206873 ], [ 92.7470523, 27.6198888 ], [ 92.7472884, 27.6194135 ], [ 92.7472455, 27.6190522 ], [ 92.7473098, 27.618748 ], [ 92.7471596, 27.6184819 ], [ 92.7470094, 27.6180446 ], [ 92.7466232, 27.6177213 ], [ 92.746194, 27.6173221 ], [ 92.7458722, 27.6168468 ], [ 92.7458292, 27.6165425 ], [ 92.7461297, 27.6162383 ], [ 92.746473, 27.6160292 ], [ 92.7471811, 27.615763 ], [ 92.7475888, 27.6154398 ], [ 92.7481252, 27.6150785 ], [ 92.7487904, 27.6148884 ], [ 92.7491337, 27.6145462 ], [ 92.7494341, 27.614242 ], [ 92.7497131, 27.6140328 ], [ 92.7501208, 27.6137666 ], [ 92.7504856, 27.6135004 ], [ 92.7511293, 27.6131392 ], [ 92.7515584, 27.612873 ], [ 92.7517945, 27.6122836 ], [ 92.7518589, 27.6118843 ], [ 92.751773, 27.6112948 ], [ 92.7515584, 27.6107244 ], [ 92.7518159, 27.6103061 ], [ 92.7520091, 27.6098117 ], [ 92.752288, 27.6093174 ], [ 92.7529103, 27.6088991 ], [ 92.7532536, 27.6086138 ], [ 92.7539402, 27.6084237 ], [ 92.754305, 27.6080434 ], [ 92.7547556, 27.6076441 ], [ 92.7554637, 27.6071307 ], [ 92.7558929, 27.6066363 ], [ 92.7560216, 27.60618 ], [ 92.7561933, 27.6054384 ], [ 92.7563221, 27.6048489 ], [ 92.7566439, 27.6042595 ], [ 92.7567727, 27.603632 ], [ 92.7568156, 27.6029854 ], [ 92.756601, 27.6022058 ], [ 92.756365, 27.6014642 ], [ 92.7561718, 27.6006846 ], [ 92.7560002, 27.6 ], [ 92.7562791, 27.5997528 ], [ 92.7564508, 27.5993915 ], [ 92.7567083, 27.5989921 ], [ 92.7571374, 27.5986118 ], [ 92.7575666, 27.5983836 ], [ 92.7580601, 27.5982125 ], [ 92.7588111, 27.5979272 ], [ 92.759412, 27.5977561 ], [ 92.7597338, 27.5973758 ], [ 92.7597338, 27.5969004 ], [ 92.7596694, 27.596425 ], [ 92.7594334, 27.5961017 ], [ 92.7593476, 27.5955502 ], [ 92.7592618, 27.5951318 ], [ 92.7593261, 27.5947895 ], [ 92.759412, 27.5943521 ], [ 92.7595836, 27.5939147 ], [ 92.7600557, 27.5936295 ], [ 92.7605921, 27.5936105 ], [ 92.7610857, 27.5937626 ], [ 92.7618367, 27.5942951 ], [ 92.7620727, 27.5945043 ], [ 92.7628666, 27.5947515 ], [ 92.7636391, 27.5950177 ], [ 92.7640039, 27.595322 ], [ 92.7644545, 27.5956453 ], [ 92.7649266, 27.5959305 ], [ 92.7653343, 27.5963299 ], [ 92.7657205, 27.5965771 ], [ 92.7663213, 27.5968053 ], [ 92.7667076, 27.5969954 ], [ 92.7675444, 27.5970905 ], [ 92.7682096, 27.5970715 ], [ 92.7688962, 27.5970335 ], [ 92.7696902, 27.5970525 ], [ 92.7702695, 27.5969574 ], [ 92.7708489, 27.5969954 ], [ 92.7713639, 27.5969954 ], [ 92.7719003, 27.5969004 ], [ 92.7723724, 27.5967102 ], [ 92.7731878, 27.596501 ], [ 92.7739173, 27.5962918 ], [ 92.7745396, 27.5961777 ], [ 92.7753121, 27.5959686 ], [ 92.7759558, 27.5955692 ], [ 92.7765137, 27.5951128 ], [ 92.7770502, 27.5944472 ], [ 92.7774364, 27.5938197 ], [ 92.7776081, 27.593135 ], [ 92.7776939, 27.5927737 ], [ 92.7776724, 27.5923173 ], [ 92.7776295, 27.5918419 ], [ 92.7774793, 27.5915186 ], [ 92.7771789, 27.5909671 ], [ 92.7767927, 27.5906248 ], [ 92.7762777, 27.5899972 ], [ 92.7761489, 27.5895408 ], [ 92.7762348, 27.5890463 ], [ 92.7766425, 27.588742 ], [ 92.7772647, 27.5884568 ], [ 92.7777368, 27.5882095 ], [ 92.7782089, 27.5879243 ], [ 92.7789814, 27.5874488 ], [ 92.7795178, 27.5872206 ], [ 92.7799469, 27.5870304 ], [ 92.7805263, 27.5867832 ], [ 92.7812773, 27.5863648 ], [ 92.7820069, 27.5861556 ], [ 92.7827579, 27.5856611 ], [ 92.7835089, 27.5855089 ], [ 92.7843029, 27.5853378 ], [ 92.7848393, 27.5850525 ], [ 92.7852899, 27.5843488 ], [ 92.7855045, 27.5838163 ], [ 92.7857405, 27.5832267 ], [ 92.7861268, 27.5827703 ], [ 92.7864057, 27.5823518 ], [ 92.7869421, 27.5821617 ], [ 92.7876288, 27.5823138 ], [ 92.7881223, 27.5824089 ], [ 92.7886373, 27.5822377 ], [ 92.7891523, 27.5817432 ], [ 92.7893883, 27.5813819 ], [ 92.7896244, 27.5807352 ], [ 92.7897102, 27.5800886 ], [ 92.789796, 27.579537 ], [ 92.7897746, 27.5790045 ], [ 92.7896887, 27.5781676 ], [ 92.7898389, 27.577578 ], [ 92.7899677, 27.5768362 ], [ 92.7901393, 27.5761895 ], [ 92.7899891, 27.5755238 ], [ 92.7898819, 27.5748962 ], [ 92.7901393, 27.5741163 ], [ 92.7903325, 27.5736408 ], [ 92.7906543, 27.5732414 ], [ 92.7913624, 27.57288 ], [ 92.7919632, 27.5723474 ], [ 92.7925641, 27.571929 ], [ 92.7924782, 27.5712252 ], [ 92.792328, 27.5706356 ], [ 92.7922422, 27.570103 ], [ 92.7924353, 27.5695133 ], [ 92.7927357, 27.5688286 ], [ 92.7930576, 27.568334 ], [ 92.7935726, 27.5679726 ], [ 92.7941305, 27.5676683 ], [ 92.7946669, 27.5672308 ], [ 92.7953106, 27.5667172 ], [ 92.7958042, 27.5660895 ], [ 92.7961046, 27.56569 ], [ 92.796405, 27.5650623 ], [ 92.7964694, 27.5645677 ], [ 92.7965123, 27.5637688 ], [ 92.7967698, 27.5633123 ], [ 92.7970916, 27.5628367 ], [ 92.7976495, 27.562228 ], [ 92.7982503, 27.5617714 ], [ 92.7982933, 27.5612578 ], [ 92.7981001, 27.5605159 ], [ 92.798186, 27.5598502 ], [ 92.798422, 27.5589751 ], [ 92.798701, 27.5582332 ], [ 92.7988726, 27.5576625 ], [ 92.798701, 27.5569396 ], [ 92.7985293, 27.5563499 ], [ 92.7983791, 27.555627 ], [ 92.7982933, 27.5551324 ], [ 92.7980358, 27.5545617 ], [ 92.7980143, 27.5541432 ], [ 92.7981431, 27.5538197 ], [ 92.7986151, 27.5537437 ], [ 92.7992589, 27.5537056 ], [ 92.8000957, 27.5539339 ], [ 92.8005249, 27.554048 ], [ 92.8007394, 27.5541051 ], [ 92.8012115, 27.5542192 ], [ 92.8015977, 27.554048 ], [ 92.8017909, 27.5534012 ], [ 92.8019625, 27.5528686 ], [ 92.801984, 27.5523169 ], [ 92.8015334, 27.5518222 ], [ 92.801233, 27.5513466 ], [ 92.8010398, 27.5509852 ], [ 92.8008038, 27.5506427 ], [ 92.8005034, 27.5502813 ], [ 92.8002459, 27.5498437 ], [ 92.7998811, 27.5490447 ], [ 92.7996236, 27.5484739 ], [ 92.7997095, 27.5479412 ], [ 92.7998382, 27.5473895 ], [ 92.800439, 27.5472183 ], [ 92.8011686, 27.5471041 ], [ 92.8019411, 27.5468187 ], [ 92.8029281, 27.5466665 ], [ 92.8035718, 27.5466095 ], [ 92.8041297, 27.5464573 ], [ 92.804516, 27.5462099 ], [ 92.8048593, 27.5457724 ], [ 92.8047306, 27.5452396 ], [ 92.8044516, 27.5448401 ], [ 92.8040868, 27.5443074 ], [ 92.8036577, 27.5441742 ], [ 92.8031212, 27.5439079 ], [ 92.8026706, 27.5436035 ], [ 92.8023702, 27.543299 ], [ 92.802456, 27.5429756 ], [ 92.8025633, 27.5426522 ], [ 92.8028637, 27.5423858 ], [ 92.8032714, 27.5419672 ], [ 92.8034431, 27.5416438 ], [ 92.8035933, 27.5412062 ], [ 92.8037864, 27.5408447 ], [ 92.8038723, 27.5400837 ], [ 92.8037864, 27.5393036 ], [ 92.8039581, 27.5389992 ], [ 92.8043658, 27.5385996 ], [ 92.8046233, 27.5382381 ], [ 92.805031, 27.5377244 ], [ 92.8052171, 27.5375514 ], [ 92.8055519, 27.5372025 ], [ 92.8058523, 27.5367186 ], [ 92.8054601, 27.5361261 ], [ 92.8053743, 27.5357075 ], [ 92.8051168, 27.5352319 ], [ 92.8047735, 27.5348133 ], [ 92.8042585, 27.5341854 ], [ 92.8040439, 27.5335955 ], [ 92.8041727, 27.5331959 ], [ 92.804237, 27.5328154 ], [ 92.8044087, 27.53253 ], [ 92.8046662, 27.5321684 ], [ 92.8051383, 27.531826 ], [ 92.8054601, 27.5317879 ], [ 92.8055674, 27.5315025 ], [ 92.8055245, 27.5310078 ], [ 92.8057176, 27.5304559 ], [ 92.8059751, 27.5300183 ], [ 92.8062326, 27.5298661 ], [ 92.8064257, 27.5297519 ], [ 92.8070694, 27.5298661 ], [ 92.8074557, 27.5300564 ], [ 92.8079492, 27.5302276 ], [ 92.8082282, 27.5304369 ], [ 92.8085071, 27.5306462 ], [ 92.8087861, 27.5306272 ], [ 92.8090436, 27.5305701 ], [ 92.8091294, 27.5302657 ], [ 92.8089148, 27.5297329 ], [ 92.8085286, 27.5290859 ], [ 92.808314, 27.528477 ], [ 92.8078634, 27.5274876 ], [ 92.8078848, 27.5268406 ], [ 92.8079707, 27.5263078 ], [ 92.8081638, 27.5259272 ], [ 92.8084642, 27.5254515 ], [ 92.8089363, 27.5249948 ], [ 92.8095371, 27.5247855 ], [ 92.8099019, 27.5255466 ], [ 92.8104383, 27.5261556 ], [ 92.8108675, 27.5266693 ], [ 92.8112751, 27.5269928 ], [ 92.8117901, 27.5273544 ], [ 92.812348, 27.527088 ], [ 92.8126699, 27.5267835 ], [ 92.812627, 27.5263268 ], [ 92.8124982, 27.5255657 ], [ 92.8122837, 27.5247094 ], [ 92.8120476, 27.523834 ], [ 92.8120476, 27.5234344 ], [ 92.8124124, 27.5229587 ], [ 92.8125626, 27.5226733 ], [ 92.8129488, 27.5224068 ], [ 92.8136355, 27.5221024 ], [ 92.8136355, 27.5217408 ], [ 92.8134424, 27.521208 ], [ 92.8133995, 27.5208274 ], [ 92.8131849, 27.5203136 ], [ 92.8130561, 27.519952 ], [ 92.8124339, 27.5194382 ], [ 92.8119618, 27.5191338 ], [ 92.8117901, 27.5189435 ], [ 92.8112108, 27.5184106 ], [ 92.8110606, 27.5180871 ], [ 92.8108675, 27.5176875 ], [ 92.8114039, 27.5169643 ], [ 92.8116828, 27.516755 ], [ 92.8123695, 27.5165266 ], [ 92.8128416, 27.5164695 ], [ 92.8133995, 27.5162602 ], [ 92.8140432, 27.516108 ], [ 92.8146011, 27.5159938 ], [ 92.81488, 27.5159177 ], [ 92.8152019, 27.5157083 ], [ 92.8157169, 27.5158035 ], [ 92.8165108, 27.5156893 ], [ 92.817176, 27.515499 ], [ 92.8183776, 27.5153848 ], [ 92.8194934, 27.5151564 ], [ 92.8204161, 27.5150423 ], [ 92.8211457, 27.5149281 ], [ 92.8221327, 27.5149281 ], [ 92.822991, 27.514871 ], [ 92.8247506, 27.5151374 ], [ 92.8265101, 27.5156132 ], [ 92.8271538, 27.5160509 ], [ 92.8275401, 27.5168311 ], [ 92.8276044, 27.5179349 ], [ 92.8274757, 27.5185629 ], [ 92.8272397, 27.5193241 ], [ 92.8267676, 27.519914 ], [ 92.8261882, 27.5204278 ], [ 92.8258235, 27.5210558 ], [ 92.8254801, 27.5217028 ], [ 92.825287, 27.5220453 ], [ 92.8253085, 27.5223878 ], [ 92.8257591, 27.5225401 ], [ 92.8262097, 27.5227113 ], [ 92.8272397, 27.5225781 ], [ 92.8282911, 27.5222736 ], [ 92.8290636, 27.521855 ], [ 92.8297717, 27.5213602 ], [ 92.8301364, 27.5210938 ], [ 92.8313166, 27.5206371 ], [ 92.8326255, 27.5204849 ], [ 92.8335268, 27.5206371 ], [ 92.8344924, 27.5209987 ], [ 92.8342992, 27.5214744 ], [ 92.8338915, 27.5221595 ], [ 92.833913, 27.5227874 ], [ 92.8342778, 27.5234915 ], [ 92.8345138, 27.523834 ], [ 92.8352219, 27.5248806 ], [ 92.8363592, 27.5254515 ], [ 92.8376466, 27.5258701 ], [ 92.8383118, 27.525775 ], [ 92.8386551, 27.5255276 ], [ 92.839213, 27.5249758 ], [ 92.839492, 27.5246142 ], [ 92.8395564, 27.524443 ], [ 92.8398997, 27.5242336 ], [ 92.8405434, 27.5243288 ], [ 92.8417665, 27.5246713 ], [ 92.8426248, 27.5248806 ], [ 92.84329, 27.5252231 ], [ 92.8435689, 27.5254325 ], [ 92.8443629, 27.5260033 ], [ 92.8445775, 27.5266884 ], [ 92.8449637, 27.5274114 ], [ 92.8457147, 27.5278872 ], [ 92.8465945, 27.5285341 ], [ 92.8474957, 27.529124 ], [ 92.8481394, 27.5296187 ], [ 92.8494483, 27.530513 ], [ 92.8501565, 27.5308365 ], [ 92.8508319, 27.5311719 ], [ 92.8512293, 27.5313693 ], [ 92.8525168, 27.5317118 ], [ 92.8535038, 27.531845 ], [ 92.8542978, 27.5317689 ], [ 92.8557998, 27.5316928 ], [ 92.85698, 27.5321875 ], [ 92.8574735, 27.5324919 ], [ 92.8585893, 27.532568 ], [ 92.8593403, 27.532568 ], [ 92.8603059, 27.5324348 ], [ 92.8609497, 27.5322255 ], [ 92.8617651, 27.5317118 ], [ 92.8618938, 27.531198 ], [ 92.8624302, 27.5306653 ], [ 92.8629881, 27.5301515 ], [ 92.8632456, 27.5298851 ], [ 92.8640181, 27.5296568 ], [ 92.8646404, 27.52979 ], [ 92.865327, 27.5303418 ], [ 92.8659064, 27.5308936 ], [ 92.8665287, 27.5317308 ], [ 92.8668291, 27.5320923 ], [ 92.8674084, 27.5324729 ], [ 92.8687817, 27.5323968 ], [ 92.8699833, 27.5322255 ], [ 92.8709489, 27.5324919 ], [ 92.8718287, 27.5331389 ], [ 92.8723008, 27.5338619 ], [ 92.8731591, 27.5346991 ], [ 92.8741676, 27.5352509 ], [ 92.874983, 27.535308 ], [ 92.8759486, 27.5348894 ], [ 92.8765279, 27.5346991 ], [ 92.8774292, 27.534623 ], [ 92.8781158, 27.5347371 ], [ 92.8789526, 27.5351177 ], [ 92.8799612, 27.535365 ], [ 92.8813344, 27.536012 ], [ 92.8818923, 27.5364876 ], [ 92.882815, 27.5370014 ], [ 92.8838235, 27.537439 ], [ 92.8844887, 27.5375151 ], [ 92.8851325, 27.5373248 ], [ 92.8855831, 27.5368301 ], [ 92.8860551, 27.5361071 ], [ 92.8864414, 27.5354602 ], [ 92.886892, 27.5349464 ], [ 92.8877074, 27.5345088 ], [ 92.8884799, 27.5341663 ], [ 92.8892952, 27.5340522 ], [ 92.8899604, 27.533919 ], [ 92.8906042, 27.5337097 ], [ 92.8913337, 27.5334623 ], [ 92.8918487, 27.5331008 ], [ 92.8927499, 27.5328725 ], [ 92.8934795, 27.5326632 ], [ 92.8944022, 27.5327202 ], [ 92.8952819, 27.5327393 ], [ 92.8958184, 27.5329676 ], [ 92.8966981, 27.5335765 ], [ 92.8969771, 27.5341854 ], [ 92.8971702, 27.5345278 ], [ 92.8973633, 27.5349655 ], [ 92.8977281, 27.5354412 ], [ 92.8983289, 27.5363735 ], [ 92.8987366, 27.5369443 ], [ 92.8989512, 27.5374009 ], [ 92.8995091, 27.5376102 ], [ 92.9001743, 27.5377244 ], [ 92.9011613, 27.5378576 ], [ 92.9018051, 27.5378576 ], [ 92.902363, 27.5377244 ], [ 92.9028994, 27.5375912 ], [ 92.903629, 27.5374199 ], [ 92.9042298, 27.5373248 ], [ 92.9051739, 27.537439 ], [ 92.9058391, 27.5376292 ], [ 92.9065258, 27.5377624 ], [ 92.9074484, 27.5378385 ], [ 92.9079849, 27.5377624 ], [ 92.9084784, 27.5375531 ], [ 92.9087574, 27.5369823 ], [ 92.9089934, 27.5365067 ], [ 92.9095084, 27.5362974 ], [ 92.9098517, 27.536031 ], [ 92.9103452, 27.5359739 ], [ 92.9110962, 27.5361642 ], [ 92.9120833, 27.5364115 ], [ 92.913006, 27.5366018 ], [ 92.9136282, 27.5366589 ], [ 92.9143363, 27.5366208 ], [ 92.9149801, 27.5363354 ], [ 92.9153663, 27.5359929 ], [ 92.9156024, 27.5356314 ], [ 92.9157955, 27.5354412 ], [ 92.9161173, 27.5352889 ], [ 92.9165036, 27.5351177 ], [ 92.9169542, 27.5350987 ], [ 92.9173833, 27.5349845 ], [ 92.9178125, 27.5350226 ], [ 92.9185206, 27.5348703 ], [ 92.9191214, 27.5345659 ], [ 92.9199583, 27.5341854 ], [ 92.9210097, 27.5337858 ], [ 92.9217607, 27.5334623 ], [ 92.9224259, 27.5329866 ], [ 92.922898, 27.5324158 ], [ 92.9234559, 27.5319972 ], [ 92.9237348, 27.5314644 ], [ 92.9241425, 27.5311029 ], [ 92.9244215, 27.5308175 ], [ 92.9248721, 27.5305891 ], [ 92.9256445, 27.5302657 ], [ 92.9262454, 27.5301705 ], [ 92.9266101, 27.5299612 ], [ 92.9266316, 27.5296568 ], [ 92.9264599, 27.529162 ], [ 92.9262883, 27.5287625 ], [ 92.9260952, 27.5283248 ], [ 92.9258162, 27.5279442 ], [ 92.9255373, 27.5275066 ], [ 92.9251939, 27.5271641 ], [ 92.9248721, 27.5266122 ], [ 92.9248506, 27.5260985 ], [ 92.9247648, 27.5255657 ], [ 92.9246575, 27.5251851 ], [ 92.9245931, 27.5248806 ], [ 92.9250437, 27.5245571 ], [ 92.9258162, 27.5241575 ], [ 92.9265672, 27.5237769 ], [ 92.9274684, 27.5236247 ], [ 92.9278761, 27.5233773 ], [ 92.9289705, 27.5230538 ], [ 92.9295928, 27.5228065 ], [ 92.9299361, 27.522521 ], [ 92.929979, 27.5220263 ], [ 92.9300434, 27.5215886 ], [ 92.9301292, 27.5211509 ], [ 92.9303652, 27.5207893 ], [ 92.9304296, 27.5205229 ], [ 92.9306871, 27.5200662 ], [ 92.9308802, 27.5198569 ], [ 92.9311162, 27.5197617 ], [ 92.9316312, 27.5198569 ], [ 92.9321248, 27.5201423 ], [ 92.9326612, 27.5204087 ], [ 92.9332835, 27.5208464 ], [ 92.9337126, 27.5212651 ], [ 92.9341203, 27.5215315 ], [ 92.9348499, 27.5218169 ], [ 92.9351717, 27.5218169 ], [ 92.9354507, 27.5215125 ], [ 92.9355794, 27.521189 ], [ 92.9356867, 27.5208464 ], [ 92.9356867, 27.5205039 ], [ 92.9355794, 27.5201423 ], [ 92.9355151, 27.5196856 ], [ 92.935322, 27.519267 ], [ 92.9350645, 27.5189625 ], [ 92.9345924, 27.518658 ], [ 92.9342276, 27.5182964 ], [ 92.9339701, 27.5178587 ], [ 92.9337341, 27.517364 ], [ 92.933498, 27.5169263 ], [ 92.9336268, 27.5165076 ], [ 92.9342276, 27.5162792 ], [ 92.9344851, 27.5160889 ], [ 92.9351288, 27.5160509 ], [ 92.935558, 27.5160509 ], [ 92.9361159, 27.5160509 ], [ 92.9367382, 27.5160318 ], [ 92.9374248, 27.5160318 ], [ 92.9385191, 27.5158796 ], [ 92.9389912, 27.5158225 ], [ 92.9395277, 27.5157083 ], [ 92.9400426, 27.5152706 ], [ 92.9403645, 27.5149852 ], [ 92.9407293, 27.5147568 ], [ 92.9409653, 27.5145284 ], [ 92.9413516, 27.5141478 ], [ 92.9417593, 27.5136911 ], [ 92.9423172, 27.5135388 ], [ 92.9428965, 27.5133866 ], [ 92.9437334, 27.5132343 ], [ 92.9443127, 27.5131582 ], [ 92.9447633, 27.5128537 ], [ 92.9454285, 27.5126444 ], [ 92.9460937, 27.5125302 ], [ 92.9466731, 27.5123208 ], [ 92.9474455, 27.5121115 ], [ 92.9482395, 27.5120925 ], [ 92.9488832, 27.5122828 ], [ 92.9493338, 27.5125873 ], [ 92.9504067, 27.5129869 ], [ 92.9512006, 27.5132343 ], [ 92.9518014, 27.5132724 ], [ 92.9522735, 27.5132343 ], [ 92.9528529, 27.5133295 ], [ 92.9533249, 27.5131963 ], [ 92.9538828, 27.5131392 ], [ 92.9545051, 27.5130631 ], [ 92.9551274, 27.5129869 ], [ 92.9556424, 27.5129869 ], [ 92.9561574, 27.5131963 ], [ 92.9565865, 27.5133105 ], [ 92.9572946, 27.513634 ], [ 92.9577667, 27.5139004 ], [ 92.9581529, 27.5139575 ], [ 92.9587323, 27.5142049 ], [ 92.9594404, 27.5142239 ], [ 92.960127, 27.5143191 ], [ 92.9606205, 27.5145855 ], [ 92.9611784, 27.5147949 ], [ 92.9618651, 27.5150232 ], [ 92.9621655, 27.5152897 ], [ 92.9625088, 27.5156132 ], [ 92.9627234, 27.5160318 ], [ 92.9628736, 27.5162602 ], [ 92.9631955, 27.5165837 ], [ 92.9634959, 27.5169453 ], [ 92.9637748, 27.5172688 ], [ 92.964204, 27.5177446 ], [ 92.9643971, 27.5180871 ], [ 92.9645473, 27.5184296 ], [ 92.9648477, 27.5188483 ], [ 92.9650837, 27.5190767 ], [ 92.9656416, 27.5196095 ], [ 92.9657918, 27.5200091 ], [ 92.9661566, 27.5204849 ], [ 92.9663712, 27.5207323 ], [ 92.9664785, 27.5210177 ], [ 92.9668004, 27.5214173 ], [ 92.9670793, 27.5217028 ], [ 92.9673368, 27.5219311 ], [ 92.9677445, 27.5222166 ], [ 92.968002, 27.5224068 ], [ 92.9683882, 27.5225971 ], [ 92.9690749, 27.5228065 ], [ 92.9697186, 27.5231109 ], [ 92.9702121, 27.5233012 ], [ 92.9707057, 27.5235105 ], [ 92.9716283, 27.5237199 ], [ 92.9719931, 27.5238531 ], [ 92.972551, 27.5239672 ], [ 92.9731947, 27.5240624 ], [ 92.9739458, 27.5241575 ], [ 92.9742462, 27.5247094 ], [ 92.9744178, 27.5254896 ], [ 92.9744822, 27.5260985 ], [ 92.9746109, 27.5266313 ], [ 92.974847, 27.527088 ], [ 92.975083, 27.5276778 ], [ 92.9754049, 27.5281535 ], [ 92.9758984, 27.5284199 ], [ 92.9763705, 27.5286102 ], [ 92.9769713, 27.5288005 ], [ 92.9774465, 27.5288119 ] ] } },
{ "type": "Feature", "properties": { "osm_id": 561126110, "tags": { "waterway": "stream" }, "inside_district": true }, "geometry": { "type": "LineString", "coordinates": [ [ 92.5670665, 27.724126 ], [ 92.5673669, 27.724088 ], [ 92.5677102, 27.723917 ], [ 92.5680321, 27.7237841 ], [ 92.5683528, 27.7234004 ], [ 92.5687187, 27.7233662 ], [ 92.5691908, 27.7233662 ], [ 92.5697057, 27.7234612 ], [ 92.5699203, 27.7235182 ], [ 92.5702422, 27.723879 ], [ 92.5702636, 27.72405 ], [ 92.5702636, 27.7242589 ], [ 92.5704997, 27.7244679 ], [ 92.5708215, 27.7245818 ], [ 92.5711434, 27.7246578 ], [ 92.5715726, 27.7248478 ], [ 92.5717871, 27.7250567 ], [ 92.5720017, 27.7251896 ], [ 92.5722152, 27.7254138 ], [ 92.5724523, 27.7255695 ], [ 92.5725167, 27.7256835 ], [ 92.5726025, 27.7258734 ], [ 92.5727957, 27.7260634 ], [ 92.5729459, 27.7262723 ], [ 92.5730531, 27.7264433 ], [ 92.573139, 27.7265762 ], [ 92.5733321, 27.7268991 ], [ 92.573375, 27.727165 ], [ 92.5733965, 27.7274879 ], [ 92.5734179, 27.7277158 ], [ 92.5735241, 27.7280729 ], [ 92.5738471, 27.7279248 ], [ 92.5743395, 27.727883 ], [ 92.5747483, 27.7280577 ], [ 92.5750487, 27.7283426 ], [ 92.5753062, 27.7286465 ], [ 92.5756281, 27.7285705 ], [ 92.5759499, 27.7284756 ], [ 92.576422, 27.7284756 ], [ 92.5769584, 27.7284756 ], [ 92.5773876, 27.7285326 ], [ 92.5775593, 27.7287225 ], [ 92.5778382, 27.7289124 ], [ 92.5779884, 27.7291593 ], [ 92.5780313, 27.7294632 ], [ 92.5781815, 27.7297291 ], [ 92.578439, 27.7299001 ], [ 92.5787823, 27.7299761 ], [ 92.5791686, 27.7299761 ], [ 92.5794261, 27.7299951 ], [ 92.579661, 27.7302762 ], [ 92.5798112, 27.7305041 ], [ 92.5800473, 27.730656 ], [ 92.5802833, 27.7309029 ], [ 92.5805848, 27.7310587 ], [ 92.5808841, 27.7309827 ] ] } },
{ "type": "Feature", "properties": { "osm_id": 561126111, "tags": { "waterway": "stream" }, "inside_district": true }, "geometry": { "type": "LineString", "coordinates": [ [ 92.6568454, 27.7433275 ], [ 92.656266, 27.7433275 ], [ 92.655707, 27.7430578 ], [ 92.6555364, 27.7428717 ], [ 92.6556223, 27.7425679 ], [ 92.6559656, 27.7421311 ], [ 92.6562231, 27.7416753 ], [ 92.6563518, 27.7410866 ], [ 92.6564591, 27.7405738 ], [ 92.6564377, 27.740118 ], [ 92.6562445, 27.7396622 ], [ 92.65603, 27.7392254 ], [ 92.6553648, 27.7388645 ], [ 92.6550858, 27.7386936 ], [ 92.6548916, 27.7386328 ] ] } },
{ "type": "Feature", "properties": { "osm_id": 561126112, "tags": { "waterway": "stream" }, "inside_district": true }, "geometry": { "type": "LineString", "coordinates": [ [ 92.5808841, 27.7309827 ], [ 92.581442, 27.7305648 ], [ 92.5823003, 27.730185 ], [ 92.5828153, 27.7296532 ], [ 92.5835449, 27.7290834 ], [ 92.5841457, 27.7289694 ], [ 92.5845748, 27.7293113 ], [ 92.5855619, 27.7292353 ], [ 92.5862915, 27.7287415 ], [ 92.5867635, 27.7282856 ], [ 92.5876647, 27.7274499 ], [ 92.5887376, 27.7269561 ], [ 92.5893814, 27.7266902 ], [ 92.5895101, 27.7258924 ], [ 92.5898963, 27.7251327 ], [ 92.5904113, 27.7246388 ], [ 92.59157, 27.7247148 ], [ 92.5922996, 27.7248288 ], [ 92.5931579, 27.7249807 ], [ 92.594145, 27.7248667 ], [ 92.5950891, 27.7244869 ], [ 92.595647, 27.723917 ], [ 92.5964624, 27.7236511 ], [ 92.5970632, 27.7234992 ], [ 92.5976211, 27.7233092 ], [ 92.5980073, 27.7234612 ], [ 92.5988227, 27.7231573 ], [ 92.5994236, 27.7230053 ], [ 92.5998098, 27.7230053 ], [ 92.6004106, 27.7229293 ], [ 92.6008827, 27.7224735 ], [ 92.6015693, 27.7224355 ], [ 92.6023847, 27.7224355 ], [ 92.6029426, 27.7221695 ], [ 92.6037151, 27.7220556 ], [ 92.6044017, 27.7217137 ], [ 92.6049167, 27.7213338 ], [ 92.6053459, 27.7208399 ], [ 92.6056034, 27.720346 ], [ 92.6058179, 27.7197002 ], [ 92.6063758, 27.7189784 ], [ 92.6070196, 27.7187125 ], [ 92.607835, 27.7184085 ], [ 92.6087362, 27.7183326 ], [ 92.6092512, 27.7185605 ], [ 92.6101524, 27.7185605 ], [ 92.6106245, 27.7181806 ], [ 92.6107103, 27.7177627 ], [ 92.611354, 27.7169649 ], [ 92.611354, 27.716395 ], [ 92.6120407, 27.7159771 ], [ 92.6128131, 27.7156352 ], [ 92.6135427, 27.7152553 ], [ 92.6141864, 27.7147614 ], [ 92.6146585, 27.7141915 ], [ 92.6155168, 27.7138116 ], [ 92.6162893, 27.7133557 ], [ 92.6171905, 27.7130517 ], [ 92.6181776, 27.7125578 ], [ 92.6187355, 27.7122159 ], [ 92.619465, 27.711608 ], [ 92.6206237, 27.7113041 ], [ 92.6215679, 27.7112281 ], [ 92.622512, 27.7110001 ], [ 92.623027, 27.7105442 ], [ 92.6235849, 27.7105062 ], [ 92.6241428, 27.7099743 ], [ 92.6246149, 27.7095944 ], [ 92.6251728, 27.7097843 ], [ 92.6255161, 27.7099363 ], [ 92.6259452, 27.7099743 ], [ 92.6265031, 27.7097084 ], [ 92.6268465, 27.7094804 ], [ 92.6282627, 27.7095184 ], [ 92.6287776, 27.7091005 ], [ 92.6292497, 27.7089485 ], [ 92.6297432, 27.7078239 ], [ 92.6306445, 27.7075199 ], [ 92.6314599, 27.7073679 ], [ 92.6322323, 27.707216 ], [ 92.6330477, 27.7075579 ], [ 92.6339919, 27.7076339 ], [ 92.6346785, 27.7073679 ], [ 92.6354939, 27.707102 ], [ 92.6359231, 27.706722 ], [ 92.6367384, 27.7064561 ], [ 92.6375538, 27.7062661 ], [ 92.6384551, 27.7061521 ], [ 92.6395709, 27.7063421 ], [ 92.6404721, 27.706646 ], [ 92.6416737, 27.706874 ], [ 92.6423604, 27.706988 ], [ 92.643047, 27.7072539 ], [ 92.6440341, 27.7076339 ], [ 92.6444632, 27.7083938 ], [ 92.6448065, 27.7089637 ], [ 92.6452357, 27.7094956 ], [ 92.6456648, 27.7098755 ], [ 92.6463944, 27.7101035 ], [ 92.6472527, 27.7099515 ], [ 92.6478535, 27.7103315 ], [ 92.6482827, 27.7107874 ], [ 92.6487118, 27.7114712 ], [ 92.6485831, 27.7122691 ] ] } },
{ "type": "Feature", "properties": { "osm_id": 561126113, "tags": { "waterway": "stream" }, "inside_district": true }, "geometry": { "type": "LineString", "coordinates": [ [ 92.572345, 27.7488917 ], [ 92.5725811, 27.7485689 ], [ 92.5727742, 27.7481511 ], [ 92.5729888, 27.7478473 ], [ 92.573095, 27.7475586 ], [ 92.5731379, 27.7473877 ], [ 92.573139, 27.7471446 ], [ 92.5731808, 27.746837 ], [ 92.5732463, 27.746442 ], [ 92.5732452, 27.7460774 ], [ 92.5733106, 27.7457393 ], [ 92.5735038, 27.7455114 ], [ 92.573654, 27.7452266 ], [ 92.5739748, 27.744881 ], [ 92.574125, 27.7445961 ], [ 92.5743406, 27.7442391 ], [ 92.5747054, 27.7438403 ], [ 92.5750487, 27.7435744 ], [ 92.5753062, 27.7432705 ], [ 92.5754993, 27.7429287 ], [ 92.5758212, 27.7425869 ], [ 92.5761001, 27.7421121 ], [ 92.5765078, 27.7417323 ], [ 92.5767868, 27.7412765 ], [ 92.5770443, 27.7409536 ], [ 92.5772159, 27.7406877 ], [ 92.5773007, 27.740494 ], [ 92.5773447, 27.740156 ], [ 92.5773651, 27.7397154 ], [ 92.5774724, 27.7391836 ], [ 92.5776451, 27.7386366 ], [ 92.5777298, 27.738215 ], [ 92.5776869, 27.7376453 ], [ 92.577688, 27.7373072 ], [ 92.5777084, 27.7367906 ], [ 92.5777513, 27.7364678 ], [ 92.5778586, 27.7360689 ], [ 92.5780099, 27.7356929 ], [ 92.5783532, 27.735351 ], [ 92.578718, 27.7349712 ], [ 92.5790398, 27.7346673 ], [ 92.5792759, 27.7343634 ], [ 92.5795537, 27.7339798 ], [ 92.5797694, 27.7336037 ], [ 92.5799625, 27.7332618 ], [ 92.5800913, 27.732825 ], [ 92.5803273, 27.7324262 ], [ 92.580455, 27.7320615 ], [ 92.5805837, 27.7317386 ], [ 92.5807135, 27.7313436 ], [ 92.5808841, 27.7309827 ] ] } },
{ "type": "Feature", "properties": { "osm_id": 561126312, "tags": { "waterway": "stream" }, "inside_district": true }, "geometry": { "type": "LineString", "coordinates": [ [ 92.8903055, 27.6945103 ], [ 92.8906059, 27.6939403 ], [ 92.8910565, 27.6932754 ], [ 92.8912711, 27.6925534 ], [ 92.8916573, 27.6915464 ], [ 92.8928375, 27.6897224 ], [ 92.8929019, 27.6893614 ], [ 92.8931594, 27.6885823 ], [ 92.8933739, 27.6869103 ], [ 92.8934383, 27.6857892 ], [ 92.8942752, 27.6849342 ], [ 92.8954124, 27.6841171 ], [ 92.8961634, 27.682806 ], [ 92.896657, 27.682331 ], [ 92.8969574, 27.6814759 ], [ 92.8967428, 27.6807159 ], [ 92.8964424, 27.6797088 ], [ 92.8965711, 27.6787017 ], [ 92.8975582, 27.6768774 ], [ 92.898159, 27.6752622 ], [ 92.8985452, 27.6745971 ], [ 92.898438, 27.673742 ], [ 92.8977084, 27.6728868 ], [ 92.8972578, 27.6721267 ], [ 92.8967428, 27.6710625 ], [ 92.8960991, 27.6697322 ], [ 92.8947902, 27.6670717 ], [ 92.8948974, 27.6663305 ], [ 92.8951764, 27.6654183 ], [ 92.8951335, 27.6646201 ], [ 92.8949618, 27.664088 ], [ 92.8948545, 27.6630047 ], [ 92.8948974, 27.6616934 ], [ 92.8952408, 27.6606291 ], [ 92.8954768, 27.6595458 ], [ 92.8958201, 27.6583484 ], [ 92.8965068, 27.6579303 ], [ 92.8975367, 27.6573791 ], [ 92.8974938, 27.6566189 ], [ 92.8979659, 27.6557256 ], [ 92.8986937, 27.6543909 ], [ 92.8989512, 27.6536306 ], [ 92.8992945, 27.6529464 ], [ 92.899552, 27.651806 ], [ 92.8998095, 27.6509697 ], [ 92.900067, 27.6497532 ], [ 92.900067, 27.6490689 ], [ 92.900067, 27.6482326 ], [ 92.8999812, 27.6475484 ], [ 92.9001528, 27.6468641 ], [ 92.9009253, 27.64656 ], [ 92.9014403, 27.6456476 ], [ 92.9016978, 27.6451153 ], [ 92.9019553, 27.6444311 ], [ 92.9026419, 27.6435947 ], [ 92.9028136, 27.6424542 ], [ 92.9028136, 27.6416178 ], [ 92.9026419, 27.6404013 ], [ 92.9023844, 27.6400971 ], [ 92.9018694, 27.6394128 ], [ 92.9019356, 27.6386377 ], [ 92.9023218, 27.6380484 ], [ 92.9023862, 27.637326 ], [ 92.9024291, 27.6363376 ], [ 92.9026651, 27.6357102 ], [ 92.9026222, 27.6349118 ], [ 92.9018068, 27.6346077 ], [ 92.9007339, 27.6344746 ], [ 92.9002619, 27.6339423 ], [ 92.9003262, 27.6330108 ], [ 92.9012918, 27.6321934 ], [ 92.9017424, 27.6317181 ], [ 92.9015279, 27.6309197 ], [ 92.9008412, 27.6299692 ], [ 92.8994894, 27.6289996 ], [ 92.898674, 27.6284863 ], [ 92.898438, 27.6276118 ], [ 92.8982448, 27.6266803 ], [ 92.8979015, 27.6255776 ], [ 92.8976869, 27.6244559 ], [ 92.8973222, 27.6236955 ], [ 92.8964209, 27.622935 ], [ 92.8949618, 27.6224407 ], [ 92.89361, 27.6216042 ], [ 92.8926444, 27.621395 ], [ 92.8912711, 27.6214711 ], [ 92.8899407, 27.6215091 ], [ 92.889018, 27.621395 ], [ 92.8892094, 27.6201359 ] ] } },
{ "type": "Feature", "properties": { "osm_id": 561127159, "tags": { "waterway": "river" }, "inside_district": true }, "geometry": { "type": "LineString", "coordinates": [ [ 92.8892094, 27.6201359 ], [ 92.8902394, 27.6197177 ], [ 92.8905827, 27.6191853 ], [ 92.8903252, 27.618653 ], [ 92.889939, 27.6179305 ], [ 92.8895957, 27.6171319 ], [ 92.8898102, 27.6164475 ], [ 92.8901996, 27.6159645 ], [ 92.8909292, 27.6149378 ], [ 92.8915729, 27.6143294 ], [ 92.8920879, 27.6132266 ], [ 92.8924742, 27.6126562 ], [ 92.893075, 27.6115914 ], [ 92.894062, 27.6109449 ], [ 92.8947487, 27.6108308 ], [ 92.895607, 27.6106027 ], [ 92.8962078, 27.6105266 ], [ 92.8968515, 27.6102984 ], [ 92.8974952, 27.6101083 ], [ 92.8980961, 27.609652 ], [ 92.8987827, 27.6093097 ], [ 92.9003277, 27.6087012 ], [ 92.9014864, 27.608397 ], [ 92.9021247, 27.6079837 ], [ 92.9026022, 27.6076745 ], [ 92.9035463, 27.6071421 ], [ 92.9044046, 27.6062674 ], [ 92.9050484, 27.6050885 ], [ 92.9054775, 27.6047082 ], [ 92.9058637, 27.6041757 ], [ 92.9062071, 27.6037954 ], [ 92.9070225, 27.6036433 ], [ 92.9078808, 27.6034912 ], [ 92.9086103, 27.6036813 ], [ 92.9088276, 27.6038739 ], [ 92.9092111, 27.6042138 ], [ 92.9099407, 27.6048983 ], [ 92.9103699, 27.6051265 ], [ 92.9113569, 27.6053166 ], [ 92.912344, 27.6052026 ], [ 92.9132023, 27.6048983 ], [ 92.9134728, 27.6044188 ], [ 92.9135885, 27.6042138 ], [ 92.9142751, 27.6031109 ], [ 92.9147043, 27.6024263 ], [ 92.914876, 27.6016657 ], [ 92.9152622, 27.6011713 ], [ 92.9159488, 27.600829 ], [ 92.9165926, 27.6004867 ], [ 92.9171505, 27.6001825 ], [ 92.9176225, 27.5997261 ], [ 92.9175796, 27.5993838 ], [ 92.9179659, 27.5983189 ], [ 92.9181804, 27.597292 ], [ 92.9181804, 27.5963793 ], [ 92.9186096, 27.5956566 ], [ 92.9193821, 27.5951622 ], [ 92.9199829, 27.594896 ], [ 92.920455, 27.594972 ], [ 92.9208412, 27.5951622 ], [ 92.9215278, 27.5952002 ], [ 92.9221287, 27.5951622 ], [ 92.9226436, 27.5950481 ], [ 92.9235019, 27.5945156 ], [ 92.9236307, 27.5934507 ], [ 92.9244032, 27.5929562 ], [ 92.925004, 27.5929182 ], [ 92.925519, 27.5931084 ], [ 92.9261627, 27.5933746 ], [ 92.9266348, 27.5937169 ], [ 92.9271068, 27.5937169 ], [ 92.9269781, 27.5931084 ], [ 92.9268493, 27.5924618 ], [ 92.9262485, 27.5917391 ], [ 92.9268064, 27.5913207 ], [ 92.9271927, 27.5910165 ], [ 92.928051, 27.5908263 ], [ 92.928566, 27.5904459 ], [ 92.9292526, 27.5903318 ], [ 92.9298963, 27.5901036 ], [ 92.9304971, 27.5901036 ], [ 92.9310121, 27.5898374 ], [ 92.9316559, 27.5892288 ], [ 92.9324713, 27.5891527 ], [ 92.9331579, 27.5891527 ], [ 92.9334583, 27.589419 ], [ 92.9334583, 27.5901036 ], [ 92.9334583, 27.5906742 ], [ 92.9334583, 27.5912827 ], [ 92.9338016, 27.5913588 ], [ 92.9344024, 27.5911686 ], [ 92.9349603, 27.5907883 ], [ 92.9355612, 27.5902177 ], [ 92.9364195, 27.5896852 ], [ 92.9363336, 27.5890386 ], [ 92.9362049, 27.5882779 ], [ 92.9361191, 27.5874411 ], [ 92.9360332, 27.5866804 ], [ 92.9363336, 27.5858436 ], [ 92.9363766, 27.5850068 ], [ 92.9365482, 27.5843602 ], [ 92.9369345, 27.5836375 ], [ 92.9374494, 27.5832571 ], [ 92.9380073, 27.5828767 ], [ 92.9388656, 27.5827626 ], [ 92.9395094, 27.5826865 ], [ 92.9403248, 27.5824963 ], [ 92.9409685, 27.5824203 ], [ 92.9416981, 27.5818877 ], [ 92.9423418, 27.5815834 ], [ 92.9431143, 27.581203 ], [ 92.9437151, 27.5810509 ], [ 92.9448309, 27.5810509 ], [ 92.9461183, 27.5809368 ], [ 92.9466333, 27.5808607 ], [ 92.9467621, 27.5803662 ], [ 92.9469337, 27.5796054 ], [ 92.9473629, 27.5790729 ], [ 92.9479208, 27.5783501 ], [ 92.9485216, 27.5781599 ], [ 92.9492082, 27.5779317 ], [ 92.949852, 27.5776654 ], [ 92.950367, 27.5775133 ], [ 92.9510536, 27.5770948 ], [ 92.9516115, 27.5768666 ], [ 92.9520836, 27.5763721 ], [ 92.9526844, 27.5758776 ], [ 92.9531565, 27.5754211 ], [ 92.953886, 27.575383 ], [ 92.9543581, 27.5756113 ], [ 92.9546156, 27.5759917 ], [ 92.9557314, 27.5761438 ], [ 92.956418, 27.5762199 ], [ 92.9566755, 27.5757634 ], [ 92.9568472, 27.5752309 ], [ 92.9577484, 27.5748505 ], [ 92.958435, 27.5744701 ], [ 92.9592504, 27.5743179 ], [ 92.95998, 27.5741277 ], [ 92.9606666, 27.5740136 ], [ 92.96101, 27.5737092 ], [ 92.9613104, 27.5733288 ], [ 92.9612675, 27.5727772 ], [ 92.9610529, 27.5723778 ], [ 92.9609241, 27.5721305 ], [ 92.9608168, 27.5719403 ], [ 92.9605961, 27.5717129 ], [ 92.9602589, 27.5714268 ], [ 92.9600873, 27.5711224 ], [ 92.9602589, 27.570704 ], [ 92.9605164, 27.5702285 ], [ 92.9605379, 27.5694676 ], [ 92.9607954, 27.5690111 ], [ 92.9610314, 27.5688399 ], [ 92.9616537, 27.5688399 ], [ 92.9624476, 27.5692013 ], [ 92.9631986, 27.5694296 ], [ 92.9636922, 27.5695057 ], [ 92.9642501, 27.5696959 ], [ 92.9646148, 27.56981 ], [ 92.9652586, 27.5697339 ], [ 92.9657306, 27.5696578 ], [ 92.9659023, 27.5693725 ], [ 92.9659023, 27.5690111 ], [ 92.9657521, 27.5684024 ], [ 92.9655375, 27.5675845 ], [ 92.9656019, 27.5667476 ], [ 92.9655161, 27.5659106 ], [ 92.9656448, 27.565378 ], [ 92.9661598, 27.5651497 ], [ 92.9666748, 27.5651687 ], [ 92.9671254, 27.5652448 ], [ 92.9677048, 27.5653399 ], [ 92.9682627, 27.5656823 ], [ 92.9686489, 27.5657394 ], [ 92.9689064, 27.5655111 ], [ 92.9693785, 27.5651878 ], [ 92.9700007, 27.5649405 ], [ 92.9706445, 27.5649024 ], [ 92.9714813, 27.564484 ], [ 92.972125, 27.5641416 ], [ 92.9725756, 27.5638943 ], [ 92.9733052, 27.563666 ], [ 92.97367, 27.5634377 ], [ 92.9739489, 27.5631714 ], [ 92.9743781, 27.5629622 ], [ 92.9748716, 27.5626959 ], [ 92.9755583, 27.5626388 ], [ 92.9762234, 27.5624866 ], [ 92.9765024, 27.5622393 ], [ 92.9766097, 27.561954 ], [ 92.9768457, 27.5618399 ], [ 92.9772105, 27.5617067 ], [ 92.9779186, 27.5616306 ] ] } },
{ "type": "Feature", "properties": { "osm_id": 561128092, "tags": { "waterway": "stream" }, "inside_district": true }, "geometry": { "type": "LineString", "coordinates": [ [ 92.6268465, 27.6388425 ], [ 92.6272327, 27.6394888 ], [ 92.6275546, 27.6402682 ], [ 92.627855, 27.6408004 ], [ 92.6282841, 27.6413897 ], [ 92.6290566, 27.6414657 ], [ 92.6293785, 27.6418459 ], [ 92.6296574, 27.6423401 ], [ 92.629872, 27.6429674 ], [ 92.6301939, 27.6435187 ], [ 92.6302153, 27.6439368 ], [ 92.6304513, 27.644317 ], [ 92.630623, 27.6447542 ], [ 92.6308376, 27.6449253 ] ] } },
{ "type": "Feature", "properties": { "osm_id": 561128093, "tags": { "waterway": "stream" }, "inside_district": true }, "geometry": { "type": "LineString", "coordinates": [ [ 92.6491195, 27.6391277 ], [ 92.6495272, 27.6395268 ], [ 92.649892, 27.6396029 ], [ 92.6504714, 27.6396599 ], [ 92.6511365, 27.639812 ], [ 92.6514584, 27.6400401 ], [ 92.6515872, 27.6403822 ], [ 92.6515442, 27.6407624 ], [ 92.6513297, 27.6410476 ], [ 92.6513297, 27.6414087 ], [ 92.6515013, 27.6419029 ], [ 92.6516301, 27.6422641 ], [ 92.6520807, 27.6427048 ] ] } },
{ "type": "Feature", "properties": { "osm_id": 563745849, "tags": { "waterway": "stream" }, "inside_district": true }, "geometry": { "type": "LineString", "coordinates": [ [ 92.4997372, 27.7495574 ], [ 92.5016254, 27.7495574 ], [ 92.5053162, 27.750241 ], [ 92.5076336, 27.7513044 ], [ 92.5103802, 27.7530514 ], [ 92.5127834, 27.7548744 ], [ 92.5142425, 27.7568492 ], [ 92.5148434, 27.7570011 ], [ 92.5166458, 27.7585202 ], [ 92.5198215, 27.7601911 ], [ 92.5221819, 27.762576 ], [ 92.5243706, 27.7642925 ], [ 92.5260443, 27.7663735 ], [ 92.5294346, 27.7674063 ], [ 92.532267, 27.7670266 ], [ 92.534799, 27.7666013 ], [ 92.538876, 27.7657355 ], [ 92.5399918, 27.7652798 ], [ 92.5431675, 27.7655836 ], [ 92.5442404, 27.7639431 ], [ 92.5456137, 27.7617406 ], [ 92.546944, 27.7599633 ], [ 92.5501627, 27.7586265 ], [ 92.5538105, 27.7576088 ], [ 92.5561279, 27.7559378 ], [ 92.5621361, 27.7553301 ], [ 92.5653976, 27.7576088 ], [ 92.5666851, 27.7590519 ], [ 92.5678867, 27.758824 ], [ 92.5686592, 27.7574568 ], [ 92.5708908, 27.7558618 ] ] } },
{ "type": "Feature", "properties": { "osm_id": 563745850, "tags": { "waterway": "stream" }, "inside_district": true }, "geometry": { "type": "LineString", "coordinates": [ [ 92.6606697, 27.805601 ], [ 92.6624292, 27.8041129 ], [ 92.6644463, 27.803627 ], [ 92.666077, 27.8020326 ], [ 92.6691669, 27.8000586 ], [ 92.6722139, 27.7972039 ], [ 92.6749605, 27.7958372 ], [ 92.6770634, 27.7956549 ], [ 92.6804108, 27.7942123 ], [ 92.6854748, 27.792466 ], [ 92.6913542, 27.7903703 ], [ 92.6946157, 27.7891554 ], [ 92.6981777, 27.7873026 ], [ 92.6986927, 27.7838856 ], [ 92.6967186, 27.7800128 ], [ 92.695002, 27.7774309 ], [ 92.6937145, 27.7752286 ], [ 92.6911396, 27.773406 ], [ 92.6903671, 27.7713555 ], [ 92.688393, 27.7684696 ], [ 92.6859039, 27.7654317 ], [ 92.6834148, 27.7627735 ], [ 92.6791233, 27.7617102 ], [ 92.6758617, 27.7603431 ], [ 92.6750034, 27.757229 ], [ 92.6715273, 27.7504992 ], [ 92.669124, 27.7486762 ], [ 92.6662916, 27.7473089 ], [ 92.6623434, 27.7446503 ], [ 92.6588243, 27.7444983 ], [ 92.6570219, 27.7435868 ] ] } },
{ "type": "Feature", "properties": { "osm_id": 563745852, "tags": { "waterway": "stream" }, "inside_district": true }, "geometry": { "type": "LineString", "coordinates": [ [ 92.7209228, 27.7605709 ], [ 92.7220386, 27.7598873 ], [ 92.7240986, 27.7566973 ], [ 92.7271027, 27.7558618 ], [ 92.7285618, 27.7535072 ], [ 92.7313084, 27.7508487 ], [ 92.7336258, 27.7486458 ], [ 92.7359432, 27.7459872 ], [ 92.7394623, 27.7432525 ], [ 92.7424663, 27.7408976 ], [ 92.7444405, 27.7389985 ], [ 92.7470154, 27.7365675 ], [ 92.749762, 27.7347443 ], [ 92.7546543, 27.7323892 ], [ 92.7562851, 27.7313256 ], [ 92.7582592, 27.7290464 ], [ 92.7594608, 27.7273749 ], [ 92.7601904, 27.7258858 ], [ 92.7640528, 27.7240624 ], [ 92.7654261, 27.7223909 ], [ 92.7686876, 27.7207193 ], [ 92.7710909, 27.718364 ], [ 92.7728075, 27.7169963 ], [ 92.7752966, 27.7157046 ], [ 92.7788156, 27.7150967 ], [ 92.7807898, 27.7135011 ], [ 92.7819056, 27.7128172 ], [ 92.7845663, 27.7110695 ], [ 92.7853388, 27.7090939 ], [ 92.7867121, 27.7063583 ], [ 92.7886862, 27.7043065 ], [ 92.7920336, 27.7024827 ], [ 92.795381, 27.699975 ], [ 92.7980417, 27.6970872 ], [ 92.8013891, 27.6953392 ], [ 92.8058523, 27.6938953 ], [ 92.8082556, 27.6922993 ], [ 92.8107447, 27.6898673 ], [ 92.8127188, 27.6881193 ], [ 92.8128904, 27.6874352 ], [ 92.8123754, 27.6856872 ], [ 92.8123754, 27.683179 ], [ 92.8125471, 27.6813549 ], [ 92.8126329, 27.6797587 ], [ 92.8119463, 27.6783145 ], [ 92.811603, 27.6765663 ], [ 92.8109318, 27.6746498 ] ] } },
{ "type": "Feature", "properties": { "osm_id": 563745858, "tags": { "waterway": "stream" }, "inside_district": true }, "geometry": { "type": "LineString", "coordinates": [ [ 92.5994724, 27.840291 ], [ 92.5979275, 27.8386213 ], [ 92.5934643, 27.8370274 ], [ 92.5902885, 27.8352817 ], [ 92.5872845, 27.8322457 ], [ 92.5857395, 27.8271602 ], [ 92.585997, 27.8231371 ], [ 92.5856537, 27.8191139 ], [ 92.5839371, 27.8174439 ], [ 92.5827354, 27.8156979 ], [ 92.5803322, 27.8137241 ], [ 92.5787872, 27.8100042 ], [ 92.5767273, 27.8074989 ], [ 92.5775856, 27.8043103 ], [ 92.5767273, 27.8014253 ], [ 92.5751823, 27.7981605 ], [ 92.5744957, 27.7955031 ], [ 92.5725216, 27.7921622 ], [ 92.5723499, 27.787986 ], [ 92.5726932, 27.7849487 ], [ 92.5729507, 27.7812278 ], [ 92.5727791, 27.7778865 ], [ 92.5727791, 27.7754564 ], [ 92.5734657, 27.7721909 ], [ 92.5735516, 27.7683937 ], [ 92.5731224, 27.7659633 ], [ 92.5725216, 27.7645203 ], [ 92.5718349, 27.7623937 ], [ 92.5712341, 27.7603431 ], [ 92.5712341, 27.7584442 ], [ 92.5714058, 27.7566973 ], [ 92.5714916, 27.7551022 ], [ 92.5719208, 27.7528236 ], [ 92.5720066, 27.7515323 ], [ 92.5721783, 27.7504689 ], [ 92.5724358, 27.7494814 ] ] } },
{ "type": "Feature", "properties": { "osm_id": 563745861, "tags": { "waterway": "stream" }, "inside_district": true }, "geometry": { "type": "LineString", "coordinates": [ [ 92.9071325, 27.7337111 ], [ 92.9130548, 27.7351545 ], [ 92.9166597, 27.7361421 ], [ 92.9200071, 27.7384971 ], [ 92.9234404, 27.7394087 ], [ 92.9272169, 27.741004 ], [ 92.9291052, 27.7429791 ], [ 92.929706, 27.7458657 ], [ 92.9297566, 27.7459172 ], [ 92.9320234, 27.7482205 ], [ 92.9357141, 27.749056 ], [ 92.9385466, 27.749056 ], [ 92.9411215, 27.7512588 ], [ 92.9400057, 27.7540692 ], [ 92.9400915, 27.7558162 ], [ 92.9405207, 27.757867 ], [ 92.9411588, 27.7596597 ] ] } },
{ "type": "Feature", "properties": { "osm_id": 563748235, "tags": { "waterway": "stream" }, "inside_district": true }, "geometry": { "type": "LineString", "coordinates": [ [ 92.583465, 27.6018227 ], [ 92.5838083, 27.5981716 ], [ 92.5850958, 27.5942923 ], [ 92.58501, 27.5912495 ], [ 92.5845808, 27.5884349 ], [ 92.5837225, 27.5863049 ], [ 92.5827784, 27.5844031 ], [ 92.5825209, 27.5824251 ], [ 92.5823492, 27.5809036 ], [ 92.5826925, 27.5770236 ], [ 92.5828642, 27.5741326 ], [ 92.58192, 27.5705567 ], [ 92.58192, 27.5678937 ], [ 92.5814051, 27.5661437 ], [ 92.5798601, 27.5639372 ], [ 92.5803751, 27.5620349 ], [ 92.5797743, 27.5605131 ], [ 92.5786585, 27.5596 ], [ 92.578401, 27.5577738 ], [ 92.5783152, 27.5558715 ], [ 92.5787443, 27.5540452 ], [ 92.5782293, 27.552295 ], [ 92.5770277, 27.5492511 ], [ 92.5759119, 27.5468159 ], [ 92.5747961, 27.5454461 ], [ 92.5729078, 27.5436958 ], [ 92.571792, 27.5436197 ], [ 92.5702471, 27.5420976 ], [ 92.5689596, 27.5420215 ], [ 92.5669855, 27.5435436 ], [ 92.5659555, 27.5415649 ], [ 92.5644106, 27.5398906 ], [ 92.5620073, 27.5383685 ], [ 92.5602907, 27.5363136 ], [ 92.5589174, 27.5346392 ], [ 92.5575441, 27.5336498 ], [ 92.5547117, 27.531747 ], [ 92.5487894, 27.5309098 ], [ 92.5431246, 27.5334215 ], [ 92.5381464, 27.5325081 ], [ 92.5341121, 27.530928 ], [ 92.5335272, 27.5304959 ], [ 92.5303343, 27.5293846 ], [ 92.5291028, 27.5270113 ], [ 92.5277309, 27.5265303 ], [ 92.5257522, 27.5257785 ], [ 92.5232119, 27.5278653 ], [ 92.5208086, 27.5288548 ], [ 92.5184053, 27.529692 ], [ 92.5158304, 27.5300726 ], [ 92.5139369, 27.529703 ] ] } },
{ "type": "Feature", "properties": { "osm_id": 563748236, "tags": { "name": "Dikri River", "name:en": "Dikri River", "source": "US AMS map NG 46-2`", "waterway": "stream" }, "inside_district": true }, "geometry": { "type": "LineString", "coordinates": [ [ 92.4429745, 27.5995695 ], [ 92.442593, 27.5982849 ], [ 92.4420589, 27.5965439 ], [ 92.4428028, 27.5942619 ], [ 92.4433893, 27.5914017 ], [ 92.4441952, 27.5895625 ], [ 92.4453205, 27.5851841 ], [ 92.4449199, 27.5834597 ], [ 92.4442094, 27.5812248 ], [ 92.4418301, 27.580197 ], [ 92.4408573, 27.578743 ], [ 92.4398273, 27.5760041 ], [ 92.4384731, 27.5746516 ], [ 92.4399227, 27.572031 ], [ 92.4375528, 27.569948 ], [ 92.4353641, 27.5691567 ], [ 92.4354992, 27.5684922 ], [ 92.4352603, 27.5681066 ], [ 92.4354059, 27.5677211 ], [ 92.4348468, 27.5668715 ], [ 92.4334942, 27.5670236 ], [ 92.4325985, 27.5662486 ], [ 92.4330944, 27.5644055 ], [ 92.4326176, 27.5617002 ], [ 92.4324459, 27.5592652 ], [ 92.4325972, 27.5584721 ], [ 92.4331555, 27.5577438 ], [ 92.4333486, 27.5568824 ], [ 92.4327381, 27.5563078 ], [ 92.4316841, 27.5559079 ], [ 92.431778, 27.5549057 ], [ 92.4323415, 27.5541317 ], [ 92.4325868, 27.5534548 ], [ 92.4328873, 27.5530811 ], [ 92.4329277, 27.5524212 ], [ 92.4321313, 27.551057 ], [ 92.4325856, 27.5503972 ], [ 92.4326709, 27.5493934 ], [ 92.4325307, 27.5488674 ], [ 92.432689, 27.5484264 ], [ 92.4331384, 27.547133 ], [ 92.4331243, 27.5460396 ], [ 92.4322062, 27.5454749 ], [ 92.4323183, 27.5451274 ], [ 92.4326559, 27.544441 ], [ 92.4326044, 27.5438126 ], [ 92.4315315, 27.5436398 ], [ 92.4306004, 27.5442505 ], [ 92.4289174, 27.5446724 ], [ 92.4283853, 27.5440625 ], [ 92.4275901, 27.5437638 ], [ 92.4264156, 27.5437091 ], [ 92.4255055, 27.5440982 ], [ 92.4247064, 27.5437315 ], [ 92.4241794, 27.5437324 ], [ 92.4238695, 27.5435659 ], [ 92.4239182, 27.5427332 ], [ 92.423523, 27.5426666 ], [ 92.4230645, 27.5421906 ], [ 92.4228799, 27.5414299 ], [ 92.4225398, 27.541217 ], [ 92.421932, 27.5411112 ], [ 92.421308, 27.5407845 ], [ 92.4210993, 27.5393758 ], [ 92.4211079, 27.5389759 ], [ 92.420506, 27.5386799 ], [ 92.4198897, 27.5388191 ], [ 92.4182037, 27.5378529 ], [ 92.4176356, 27.5370252 ], [ 92.4174453, 27.5365858 ], [ 92.4180923, 27.5365943 ], [ 92.4181258, 27.5362125 ], [ 92.4171489, 27.5357539 ], [ 92.4155992, 27.535451 ], [ 92.4152414, 27.5336529 ], [ 92.4140781, 27.5318688 ], [ 92.4142308, 27.5282493 ], [ 92.4136394, 27.5261858 ], [ 92.4149364, 27.5228874 ], [ 92.4156942, 27.5216174 ], [ 92.4153282, 27.5202007 ], [ 92.4147457, 27.5189631 ], [ 92.4171675, 27.5175226 ], [ 92.4173261, 27.5171638 ], [ 92.4176867, 27.5169073 ], [ 92.4185091, 27.5170473 ], [ 92.418999, 27.516956 ], [ 92.4190552, 27.5165558 ], [ 92.4190265, 27.5162294 ], [ 92.4195606, 27.516031 ], [ 92.4200661, 27.5159926 ], [ 92.4203264, 27.5158071 ], [ 92.4205151, 27.5152697 ], [ 92.420777, 27.5150781 ], [ 92.4215606, 27.5147333 ], [ 92.4222328, 27.5139158 ], [ 92.4224151, 27.5104697 ], [ 92.4219544, 27.5096985 ], [ 92.4209812, 27.5094139 ], [ 92.4214328, 27.5086237 ], [ 92.4216081, 27.5074604 ], [ 92.4218411, 27.5067324 ], [ 92.4218415, 27.5054462 ], [ 92.4215677, 27.5047232 ], [ 92.4222349, 27.5025084 ], [ 92.421307, 27.5016064 ], [ 92.420277, 27.5020293 ], [ 92.4191408, 27.5016782 ], [ 92.419057, 27.5011119 ], [ 92.419115, 27.4995347 ], [ 92.4201443, 27.4988543 ], [ 92.4208084, 27.4986469 ], [ 92.421357, 27.4988621 ], [ 92.4227865, 27.4983904 ], [ 92.4231189, 27.4981043 ], [ 92.4232924, 27.4963208 ], [ 92.4238262, 27.4959046 ], [ 92.4241001, 27.4954244 ], [ 92.4243596, 27.4954371 ], [ 92.4248356, 27.495245 ], [ 92.42534, 27.4941708 ], [ 92.4254836, 27.4931863 ], [ 92.4258862, 27.4926385 ], [ 92.4258671, 27.4922705 ], [ 92.4258191, 27.4919281 ], [ 92.4260118, 27.4918579 ], [ 92.4262818, 27.4917815 ], [ 92.4264754, 27.4915647 ], [ 92.4265593, 27.4910799 ], [ 92.4267994, 27.4907506 ], [ 92.427294, 27.4905529 ], [ 92.4275471, 27.4902215 ], [ 92.4276203, 27.4892386 ], [ 92.4279177, 27.4886258 ], [ 92.4276089, 27.4880642 ], [ 92.4279729, 27.4876453 ], [ 92.4284553, 27.4870892 ], [ 92.428512, 27.486738 ], [ 92.4280924, 27.4860795 ], [ 92.428401, 27.4855385 ], [ 92.4284498, 27.4851511 ], [ 92.4282957, 27.4847025 ], [ 92.4282572, 27.4843051 ], [ 92.4286996, 27.4839712 ], [ 92.4293104, 27.4838285 ], [ 92.4296369, 27.4841321 ], [ 92.4299292, 27.4841631 ], [ 92.4305281, 27.483905 ], [ 92.4312785, 27.483568 ], [ 92.4317545, 27.4829069 ], [ 92.4320839, 27.4821429 ], [ 92.4326587, 27.4813533 ], [ 92.4332454, 27.4802352 ], [ 92.4336515, 27.4797897 ], [ 92.4344329, 27.4797924 ], [ 92.4349999, 27.4788758 ], [ 92.4351338, 27.4777255 ], [ 92.4359172, 27.4772923 ], [ 92.4372547, 27.4766235 ], [ 92.4379018, 27.4764043 ], [ 92.4386067, 27.4765309 ], [ 92.439217, 27.4758647 ], [ 92.4400293, 27.4754547 ], [ 92.4400755, 27.4749004 ], [ 92.439963, 27.4744613 ], [ 92.4395503, 27.4741082 ], [ 92.4393167, 27.473767 ], [ 92.4399608, 27.4729096 ], [ 92.4403118, 27.4721132 ], [ 92.4402875, 27.4716369 ], [ 92.4400657, 27.4712223 ], [ 92.4395644, 27.4707261 ], [ 92.4393123, 27.4700665 ], [ 92.4399301, 27.4692643 ], [ 92.44062, 27.4685902 ], [ 92.4417294, 27.4682613 ], [ 92.4419969, 27.4679749 ], [ 92.4421057, 27.4673172 ], [ 92.4419624, 27.4669109 ], [ 92.4419644, 27.4665595 ], [ 92.4430699, 27.4656665 ], [ 92.4433751, 27.4640925 ], [ 92.4443813, 27.4613944 ], [ 92.4449663, 27.4607501 ], [ 92.4454248, 27.4604984 ], [ 92.4461142, 27.4606181 ], [ 92.4465984, 27.4598953 ], [ 92.4471404, 27.4589405 ], [ 92.4468774, 27.4584631 ], [ 92.4469752, 27.4580754 ], [ 92.447534, 27.4574278 ], [ 92.4472773, 27.4567738 ], [ 92.4469082, 27.4562471 ], [ 92.4471516, 27.4557317 ], [ 92.448462, 27.4551713 ], [ 92.4490017, 27.4543946 ], [ 92.4501299, 27.4536646 ], [ 92.4508327, 27.4526513 ], [ 92.4514025, 27.4508132 ], [ 92.4528497, 27.4488904 ], [ 92.4542753, 27.4487811 ], [ 92.4550797, 27.4483482 ], [ 92.4556056, 27.4478614 ], [ 92.4556435, 27.4471767 ], [ 92.4560038, 27.4463934 ], [ 92.4567074, 27.4458809 ], [ 92.4578153, 27.4455321 ], [ 92.4592841, 27.4462465 ], [ 92.4605617, 27.4461509 ], [ 92.4615362, 27.4468496 ], [ 92.4622472, 27.4470259 ], [ 92.4628914, 27.4467747 ], [ 92.4634588, 27.4468924 ], [ 92.4639158, 27.4475021 ], [ 92.4645315, 27.4477339 ], [ 92.4692196, 27.4466426 ], [ 92.4699056, 27.4462863 ], [ 92.4703341, 27.4444548 ], [ 92.4724811, 27.4434604 ], [ 92.4739506, 27.4441289 ], [ 92.4777645, 27.4433926 ], [ 92.4800771, 27.4440917 ], [ 92.4813253, 27.4427812 ], [ 92.4839543, 27.442765 ], [ 92.4847597, 27.4437278 ], [ 92.4890512, 27.4441848 ], [ 92.4926943, 27.4431269 ], [ 92.4945182, 27.4432005 ], [ 92.4948734, 27.4442052 ], [ 92.4980777, 27.4440697 ], [ 92.4986478, 27.4445203 ], [ 92.503261, 27.4455897 ], [ 92.5052303, 27.4476582 ], [ 92.5071234, 27.4500329 ], [ 92.5074062, 27.4504111 ], [ 92.5078926, 27.450555 ], [ 92.5085129, 27.4504787 ] ] } },
{ "type": "Feature", "properties": { "osm_id": 563748241, "tags": { "waterway": "stream" }, "inside_district": true }, "geometry": { "type": "LineString", "coordinates": [ [ 92.6636191, 27.5353004 ], [ 92.6637173, 27.5361226 ], [ 92.6640077, 27.5367199 ], [ 92.6642333, 27.5370423 ], [ 92.6645527, 27.5373013 ], [ 92.6649162, 27.537373 ], [ 92.66571, 27.5370366 ], [ 92.6660622, 27.5374625 ], [ 92.6663966, 27.5376666 ], [ 92.6665601, 27.5376063 ], [ 92.6667414, 27.5375222 ], [ 92.667256, 27.5375997 ], [ 92.6677125, 27.537689 ], [ 92.6682226, 27.5375328 ], [ 92.6687642, 27.5371782 ], [ 92.6692047, 27.5373019 ], [ 92.6694934, 27.5376158 ], [ 92.6698081, 27.5380475 ], [ 92.6706723, 27.5388594 ], [ 92.6712965, 27.539206 ], [ 92.6718453, 27.5392327 ], [ 92.6721976, 27.5391485 ], [ 92.6726114, 27.5388061 ], [ 92.6731682, 27.5385825 ], [ 92.6740405, 27.5385157 ], [ 92.6745821, 27.5385479 ], [ 92.6751702, 27.5391502 ], [ 92.6757582, 27.5396575 ], [ 92.6773095, 27.5404485 ], [ 92.6782505, 27.5408638 ], [ 92.6794237, 27.5408038 ], [ 92.6802071, 27.5404733 ], [ 92.6817946, 27.5405152 ], [ 92.6828461, 27.5420503 ], [ 92.6842832, 27.5426199 ], [ 92.6850598, 27.5423659 ], [ 92.6857962, 27.5424883 ], [ 92.6865788, 27.5429054 ], [ 92.6874168, 27.5429238 ], [ 92.688086, 27.5429964 ], [ 92.6902027, 27.5441385 ], [ 92.6912522, 27.5448636 ], [ 92.6914619, 27.5458026 ], [ 92.6918099, 27.5463101 ], [ 92.6926584, 27.5463995 ], [ 92.6932212, 27.5469591 ], [ 92.6937839, 27.5472572 ], [ 92.6948022, 27.5473664 ], [ 92.6955703, 27.547943 ], [ 92.6961559, 27.5481444 ], [ 92.6967567, 27.5481326 ], [ 92.6976098, 27.5480544 ], [ 92.6980544, 27.5480716 ], [ 92.6984628, 27.5482493 ], [ 92.6988491, 27.5484025 ], [ 92.6989969, 27.548961 ], [ 92.6993154, 27.5493367 ], [ 92.6999058, 27.5495999 ], [ 92.7010122, 27.5502467 ], [ 92.7029884, 27.5514477 ], [ 92.7046577, 27.5524201 ], [ 92.706173, 27.5525732 ], [ 92.7077188, 27.553228 ], [ 92.7093734, 27.5534973 ], [ 92.7108528, 27.5537413 ], [ 92.7121058, 27.5540013 ], [ 92.7136876, 27.5541839 ], [ 92.7146771, 27.5543403 ], [ 92.7154058, 27.5547335 ], [ 92.7159911, 27.5552226 ], [ 92.7158698, 27.5556956 ], [ 92.7155547, 27.55624 ], [ 92.7154861, 27.5567987 ], [ 92.7155665, 27.5571611 ], [ 92.7159447, 27.5577414 ], [ 92.7163386, 27.5580989 ], [ 92.716753, 27.5579402 ], [ 92.7171311, 27.5577012 ], [ 92.7172532, 27.5573998 ], [ 92.7172618, 27.5570701 ], [ 92.7178045, 27.556491 ], [ 92.7186543, 27.5558952 ], [ 92.7193796, 27.5556784 ], [ 92.7207932, 27.5555861 ], [ 92.7217718, 27.5557568 ], [ 92.722533, 27.5562649 ], [ 92.7225727, 27.5571487 ], [ 92.7227624, 27.5575777 ], [ 92.7241757, 27.5583786 ], [ 92.7251745, 27.558933 ], [ 92.7263462, 27.5595153 ], [ 92.7268022, 27.5588391 ], [ 92.7305186, 27.5565334 ], [ 92.7305921, 27.5553195 ], [ 92.7310176, 27.5549525 ], [ 92.7315519, 27.5545132 ], [ 92.732027, 27.5543554 ], [ 92.7325916, 27.5544868 ], [ 92.7330666, 27.5548369 ], [ 92.7340686, 27.5546778 ], [ 92.7345994, 27.5544063 ], [ 92.7352714, 27.554574 ], [ 92.7356718, 27.5550381 ], [ 92.7360314, 27.5554116 ], [ 92.7363634, 27.555637 ], [ 92.7368518, 27.5557173 ], [ 92.7374463, 27.5559504 ], [ 92.7383485, 27.5559083 ], [ 92.739156, 27.5555697 ], [ 92.7394953, 27.5552122 ], [ 92.7397664, 27.5545702 ], [ 92.7402675, 27.5533589 ], [ 92.7402455, 27.552607 ], [ 92.7405975, 27.5521202 ], [ 92.7414245, 27.5520776 ], [ 92.741869, 27.5523376 ], [ 92.7427172, 27.5525913 ], [ 92.7433894, 27.5526508 ], [ 92.743887, 27.5524186 ], [ 92.7446639, 27.5523295 ], [ 92.7450569, 27.5525631 ], [ 92.7462434, 27.55319 ], [ 92.7466937, 27.5533497 ], [ 92.7472668, 27.5535216 ], [ 92.7484541, 27.5538168 ], [ 92.7495598, 27.5535634 ], [ 92.7506655, 27.55331 ], [ 92.7516343, 27.5536992 ], [ 92.7526432, 27.5540778 ], [ 92.7530057, 27.5538371 ], [ 92.7531023, 27.553447 ], [ 92.7528985, 27.5531901 ], [ 92.7533239, 27.5527428 ], [ 92.7541201, 27.552272 ], [ 92.7547156, 27.5520205 ], [ 92.7554311, 27.5520908 ], [ 92.7559146, 27.5523791 ], [ 92.756622, 27.5527013 ], [ 92.7573677, 27.5527888 ], [ 92.7578624, 27.5525047 ], [ 92.758439, 27.5521419 ], [ 92.7591963, 27.5516585 ], [ 92.7597276, 27.5513213 ], [ 92.7601155, 27.551553 ], [ 92.7603533, 27.5520875 ], [ 92.7604199, 27.552574 ], [ 92.7606163, 27.5529152 ], [ 92.7611184, 27.5531134 ], [ 92.7613714, 27.5529893 ], [ 92.7616999, 27.5526198 ], [ 92.7617288, 27.5521595 ], [ 92.7618275, 27.551723 ], [ 92.7620248, 27.5513101 ], [ 92.7620373, 27.5508354 ], [ 92.7620621, 27.5503582 ], [ 92.7621938, 27.5499607 ], [ 92.7624981, 27.5498922 ], [ 92.762834, 27.5501596 ], [ 92.7632246, 27.5506571 ], [ 92.7637736, 27.5511435 ], [ 92.7641343, 27.5518621 ], [ 92.764364, 27.5524155 ], [ 92.7649599, 27.5527475 ], [ 92.7655783, 27.5528666 ], [ 92.7659615, 27.5528039 ], [ 92.7662629, 27.5526806 ], [ 92.7668655, 27.5523493 ], [ 92.7674545, 27.5520906 ], [ 92.7681664, 27.5519046 ], [ 92.7684877, 27.5520079 ], [ 92.7688412, 27.5520101 ], [ 92.7692698, 27.5518066 ], [ 92.7697038, 27.5515689 ], [ 92.7701619, 27.5514811 ], [ 92.7710373, 27.551378 ], [ 92.7715774, 27.5514173 ], [ 92.772022, 27.5515534 ], [ 92.772289, 27.552077 ], [ 92.7726242, 27.5525521 ], [ 92.7731508, 27.5526401 ], [ 92.7735003, 27.5528271 ], [ 92.7739078, 27.553064 ], [ 92.7742346, 27.5534024 ], [ 92.7750013, 27.5540262 ], [ 92.7753647, 27.5540926 ], [ 92.7757954, 27.5540336 ], [ 92.7761115, 27.5541783 ], [ 92.7762586, 27.5544381 ], [ 92.7764464, 27.5546798 ], [ 92.776705, 27.5548084 ], [ 92.7770143, 27.5549189 ], [ 92.7771537, 27.5553084 ], [ 92.7772169, 27.5556664 ], [ 92.7773176, 27.5557755 ], [ 92.7776534, 27.5559235 ], [ 92.7780197, 27.5559814 ], [ 92.7782072, 27.5561207 ], [ 92.7784075, 27.5562419 ], [ 92.7788181, 27.5563313 ], [ 92.7790578, 27.5563385 ], [ 92.7792594, 27.5564041 ], [ 92.779556, 27.5565218 ], [ 92.780068, 27.5565547 ], [ 92.7803558, 27.5563878 ], [ 92.7805878, 27.5562253 ], [ 92.7809994, 27.5559495 ], [ 92.7815024, 27.5558536 ], [ 92.7818282, 27.5559139 ], [ 92.7818958, 27.5562096 ], [ 92.7819051, 27.5564716 ], [ 92.7820961, 27.5568562 ], [ 92.7823208, 27.5572833 ], [ 92.7825064, 27.5574761 ], [ 92.7827338, 27.5574961 ], [ 92.7829195, 27.5574703 ], [ 92.7830877, 27.5574445 ], [ 92.7832989, 27.5573442 ], [ 92.7833709, 27.557148 ], [ 92.7833648, 27.5569819 ], [ 92.7834377, 27.5569381 ], [ 92.7835935, 27.556886 ], [ 92.783795, 27.5565421 ], [ 92.7838414, 27.556165 ], [ 92.7838645, 27.555881 ], [ 92.7838411, 27.555668 ], [ 92.7838694, 27.555475 ], [ 92.7838885, 27.5553341 ], [ 92.7841008, 27.555277 ], [ 92.784233, 27.5552997 ], [ 92.7844984, 27.5553043 ], [ 92.7847507, 27.5553666 ], [ 92.7849295, 27.5555028 ], [ 92.7849742, 27.5555943 ], [ 92.7849897, 27.555804 ], [ 92.7850163, 27.5560079 ], [ 92.7852478, 27.5561691 ], [ 92.7856238, 27.5563798 ], [ 92.7858637, 27.5562946 ], [ 92.7861814, 27.5561095 ], [ 92.7863228, 27.5559419 ], [ 92.7864599, 27.5557627 ], [ 92.7868502, 27.5555169 ], [ 92.7871015, 27.5551845 ], [ 92.7872615, 27.5547885 ], [ 92.7873607, 27.5543926 ], [ 92.7873092, 27.5540995 ], [ 92.7871835, 27.5538182 ], [ 92.7870598, 27.5536312 ], [ 92.7869643, 27.553455 ], [ 92.7870339, 27.5533557 ], [ 92.7873347, 27.5532598 ], [ 92.7877008, 27.5532987 ], [ 92.7881026, 27.5533572 ], [ 92.7882805, 27.5534435 ], [ 92.78868, 27.5533564 ], [ 92.7890186, 27.5532423 ], [ 92.7896812, 27.5530561 ], [ 92.7901479, 27.5528271 ], [ 92.7901692, 27.5522569 ], [ 92.7901062, 27.5519326 ], [ 92.7902453, 27.5515666 ], [ 92.7904694, 27.5512524 ], [ 92.7907946, 27.5510516 ], [ 92.7910279, 27.5507095 ], [ 92.791103, 27.5502509 ], [ 92.7911662, 27.5498528 ], [ 92.7913103, 27.5494308 ], [ 92.791557, 27.5492795 ], [ 92.7920501, 27.549238 ], [ 92.7926378, 27.5493392 ], [ 92.7928601, 27.5493316 ], [ 92.7930354, 27.5492105 ], [ 92.7930627, 27.5490162 ], [ 92.7929758, 27.5487468 ], [ 92.7929155, 27.5484213 ], [ 92.7929091, 27.5480777 ], [ 92.7930175, 27.5477012 ], [ 92.7931736, 27.5475451 ], [ 92.7936093, 27.5473634 ], [ 92.794033, 27.5472255 ], [ 92.7943962, 27.5469442 ], [ 92.7946578, 27.5467639 ], [ 92.7947469, 27.5464753 ], [ 92.7947014, 27.5462524 ], [ 92.794644, 27.5458961 ], [ 92.7945158, 27.5456015 ], [ 92.7943738, 27.545263 ], [ 92.7942564, 27.5450204 ], [ 92.7942449, 27.5448215 ], [ 92.7943411, 27.5446943 ], [ 92.7948398, 27.5446518 ], [ 92.7953386, 27.544645 ], [ 92.7957767, 27.5445323 ], [ 92.7961321, 27.5445891 ], [ 92.7964242, 27.5445148 ], [ 92.7968867, 27.5442966 ], [ 92.7971644, 27.5441256 ], [ 92.7973336, 27.5439042 ], [ 92.7974984, 27.5438417 ], [ 92.7976787, 27.543825 ], [ 92.7979824, 27.5435853 ], [ 92.7980678, 27.5432343 ], [ 92.7979585, 27.5430234 ], [ 92.7977924, 27.5428767 ], [ 92.7975325, 27.5428261 ], [ 92.7973694, 27.5427799 ], [ 92.7974261, 27.5423742 ], [ 92.7974312, 27.5421896 ], [ 92.7976508, 27.542063 ], [ 92.7977399, 27.5419997 ], [ 92.7977929, 27.5419088 ], [ 92.7978677, 27.5415489 ], [ 92.7978701, 27.5411844 ], [ 92.7978176, 27.5410398 ], [ 92.7978012, 27.540886 ], [ 92.7978753, 27.5406314 ], [ 92.7981165, 27.5404216 ], [ 92.7984146, 27.5402852 ], [ 92.7990248, 27.5402584 ], [ 92.7993612, 27.5404653 ], [ 92.7996668, 27.5406271 ], [ 92.8000145, 27.5406711 ], [ 92.8003637, 27.5405483 ], [ 92.8007348, 27.5403774 ], [ 92.8009617, 27.5400834 ], [ 92.8010697, 27.5396153 ], [ 92.8010489, 27.5391784 ], [ 92.8010539, 27.5386117 ], [ 92.8011521, 27.5384039 ], [ 92.8013485, 27.5382351 ], [ 92.8015226, 27.5382162 ], [ 92.8016606, 27.5383049 ], [ 92.80204, 27.5386291 ], [ 92.8023231, 27.5387183 ], [ 92.8028016, 27.5387318 ], [ 92.8032915, 27.5385655 ], [ 92.8037246, 27.5383396 ], [ 92.8041964, 27.5381149 ], [ 92.8047055, 27.5377564 ], [ 92.8052171, 27.5375514 ] ] } },
{ "type": "Feature", "properties": { "osm_id": 563748242, "tags": { "waterway": "stream" }, "inside_district": true }, "geometry": { "type": "LineString", "coordinates": [ [ 92.6381391, 27.5571651 ], [ 92.6414865, 27.5594479 ], [ 92.6430315, 27.5627958 ], [ 92.6458639, 27.5649263 ], [ 92.647838, 27.5674372 ], [ 92.6486963, 27.5704045 ], [ 92.6474947, 27.572687 ], [ 92.6469797, 27.5752738 ], [ 92.6465506, 27.5786973 ], [ 92.6476664, 27.5813601 ], [ 92.6521296, 27.5844031 ], [ 92.6568502, 27.5867613 ], [ 92.6591677, 27.5890435 ], [ 92.6626009, 27.5929231 ], [ 92.66612, 27.597411 ], [ 92.6677507, 27.5993126 ], [ 92.6702398, 27.6017466 ], [ 92.6722998, 27.6039524 ], [ 92.676248, 27.6054736 ], [ 92.6807112, 27.6070709 ], [ 92.6825136, 27.6077554 ], [ 92.6833719, 27.6110258 ], [ 92.6851744, 27.6125469 ], [ 92.6860327, 27.6145243 ], [ 92.6879209, 27.6166538 ], [ 92.6918692, 27.6180227 ], [ 92.6963324, 27.6182509 ], [ 92.6988214, 27.6193156 ], [ 92.7019972, 27.6228899 ], [ 92.7058596, 27.6258557 ], [ 92.7095503, 27.6292017 ], [ 92.7112669, 27.6317111 ], [ 92.7114386, 27.6349808 ], [ 92.7124685, 27.6371099 ], [ 92.7144426, 27.6387067 ], [ 92.7157301, 27.6400753 ], [ 92.7168077, 27.6412662 ] ] } },
{ "type": "Feature", "properties": { "osm_id": 816195194, "tags": { "boat": "no", "name": "Tenga River", "name:en": "Tenga River", "name:zh": "坦加帕尼河", "name:zh-Hans": "坦加帕尼河", "name:zh-Hant": "坦加帕尼河", "source": "Bing", "waterway": "river" }, "inside_district": true }, "geometry": { "type": "LineString", "coordinates": [ [ 92.2792406, 27.2103917 ], [ 92.2793952, 27.2102131 ], [ 92.2797809, 27.2101177 ], [ 92.2803989, 27.2100881 ], [ 92.2810791, 27.2101749 ], [ 92.2815147, 27.210174 ], [ 92.281755, 27.2101463 ], [ 92.2819267, 27.2099078 ], [ 92.2822163, 27.2093639 ], [ 92.2825382, 27.2089727 ], [ 92.282903, 27.2087723 ], [ 92.2833321, 27.2086769 ], [ 92.2836712, 27.2087714 ], [ 92.2841046, 27.2089345 ], [ 92.2844801, 27.2093162 ], [ 92.2848191, 27.2096206 ], [ 92.2851882, 27.2103467 ], [ 92.2856174, 27.210995 ], [ 92.2859607, 27.2112336 ], [ 92.2862396, 27.2113385 ], [ 92.2865787, 27.2112712 ], [ 92.2869156, 27.2111286 ], [ 92.287334, 27.2111095 ], [ 92.287967, 27.2114435 ], [ 92.288997, 27.2119873 ], [ 92.2896407, 27.2123594 ], [ 92.2901342, 27.2127793 ], [ 92.2903595, 27.2131895 ], [ 92.2904346, 27.2135998 ], [ 92.2903273, 27.2140387 ], [ 92.2901879, 27.2143059 ], [ 92.2901986, 27.2146303 ], [ 92.2903552, 27.2149065 ], [ 92.2907093, 27.2150591 ], [ 92.2912286, 27.2150787 ], [ 92.2919152, 27.2150405 ], [ 92.2924474, 27.2150782 ], [ 92.2927628, 27.2153077 ], [ 92.2928808, 27.2157275 ], [ 92.2929344, 27.2161091 ], [ 92.2931061, 27.216424 ], [ 92.2933207, 27.216653 ], [ 92.2937134, 27.2168528 ], [ 92.2941962, 27.2169005 ], [ 92.2945824, 27.216996 ], [ 92.2949085, 27.2172445 ], [ 92.295312, 27.2178069 ], [ 92.2954772, 27.2180459 ], [ 92.2957626, 27.2182363 ], [ 92.2962883, 27.2183317 ], [ 92.2967968, 27.2183703 ], [ 92.2972689, 27.2183322 ], [ 92.297801, 27.2183221 ], [ 92.2983375, 27.2183221 ], [ 92.2988417, 27.2184271 ], [ 92.2992966, 27.218523 ], [ 92.2997322, 27.2184939 ], [ 92.3003009, 27.2184366 ], [ 92.3009811, 27.2183417 ], [ 92.3014317, 27.2182845 ], [ 92.3018608, 27.2181795 ], [ 92.3023179, 27.2180645 ], [ 92.3027191, 27.2179887 ], [ 92.3031225, 27.2179978 ], [ 92.3036204, 27.2181413 ], [ 92.3041032, 27.218294 ], [ 92.3045752, 27.2183226 ], [ 92.3048864, 27.21817 ], [ 92.3051868, 27.2179219 ], [ 92.3055687, 27.2178451 ], [ 92.3060773, 27.2178742 ], [ 92.3065558, 27.2178737 ], [ 92.3070429, 27.2176834 ], [ 92.307472, 27.2174639 ], [ 92.3079612, 27.2172726 ], [ 92.3084054, 27.2171682 ], [ 92.3087809, 27.2172063 ], [ 92.3093603, 27.2173494 ], [ 92.3105684, 27.2176829 ], [ 92.3114803, 27.2177974 ], [ 92.3121455, 27.2177592 ], [ 92.3126326, 27.2175784 ], [ 92.3130081, 27.2173304 ], [ 92.3136626, 27.2167675 ], [ 92.314199, 27.2164335 ], [ 92.31442, 27.2162899 ], [ 92.3147998, 27.2162999 ], [ 92.315171, 27.2165094 ], [ 92.3154972, 27.2169774 ], [ 92.3157225, 27.2173972 ], [ 92.315862, 27.2177979 ], [ 92.3160122, 27.21817 ], [ 92.3161731, 27.2182845 ], [ 92.3165593, 27.2183417 ], [ 92.3173383, 27.2183603 ], [ 92.3177245, 27.2183031 ], [ 92.3179863, 27.218294 ], [ 92.3182223, 27.2183989 ], [ 92.3185613, 27.2186465 ], [ 92.3189733, 27.219124 ], [ 92.3194561, 27.2196679 ], [ 92.3199282, 27.2200781 ], [ 92.3203252, 27.220412 ], [ 92.3204646, 27.2206983 ], [ 92.3203573, 27.2208223 ], [ 92.3201428, 27.2209272 ], [ 92.3200891, 27.2211753 ], [ 92.3202393, 27.2215378 ], [ 92.3205719, 27.2220053 ], [ 92.3210118, 27.2224346 ], [ 92.3214517, 27.2227876 ], [ 92.3217371, 27.2229016 ], [ 92.3220418, 27.2228926 ], [ 92.3223315, 27.2228067 ], [ 92.3224387, 27.2226064 ], [ 92.3224817, 27.2223583 ], [ 92.322546, 27.222053 ], [ 92.3229001, 27.2213375 ], [ 92.3232219, 27.22087 ], [ 92.3234685, 27.220668 ], [ 92.3236296, 27.2205361 ], [ 92.3240438, 27.2203734 ], [ 92.3245416, 27.2202498 ], [ 92.3246524, 27.2201738 ], [ 92.3249487, 27.2198855 ], [ 92.325091, 27.2197805 ], [ 92.325221, 27.2197488 ], [ 92.3257131, 27.2198598 ], [ 92.3260017, 27.220024 ], [ 92.3261293, 27.2202026 ], [ 92.3261699, 27.2203592 ], [ 92.3261702, 27.2204368 ], [ 92.326108, 27.220746 ], [ 92.3260973, 27.2212039 ], [ 92.3263333, 27.2216809 ], [ 92.3269341, 27.22253 ], [ 92.3273375, 27.2228253 ], [ 92.327713, 27.2229684 ], [ 92.3282387, 27.2229684 ], [ 92.3287258, 27.222864 ], [ 92.3293159, 27.2225682 ], [ 92.3297236, 27.222406 ], [ 92.330024, 27.2223869 ], [ 92.3302064, 27.2224919 ], [ 92.3302171, 27.2227495 ], [ 92.3302815, 27.2232551 ], [ 92.3304918, 27.2234741 ], [ 92.3308351, 27.2235886 ], [ 92.3314295, 27.2236272 ], [ 92.3319187, 27.2235695 ], [ 92.3322449, 27.2234745 ], [ 92.332423, 27.223331 ], [ 92.3325775, 27.2230261 ], [ 92.3327277, 27.22253 ], [ 92.3328672, 27.2221866 ], [ 92.3330066, 27.2220149 ], [ 92.3332105, 27.2219862 ], [ 92.3336289, 27.2221866 ], [ 92.3345688, 27.2227395 ], [ 92.3349765, 27.223102 ], [ 92.3352168, 27.2232551 ], [ 92.3355236, 27.2233405 ], [ 92.3357382, 27.2233023 ], [ 92.3359034, 27.2231788 ], [ 92.3361502, 27.2228735 ], [ 92.336354, 27.2224156 ], [ 92.3366866, 27.2219672 ], [ 92.3371909, 27.2216142 ], [ 92.3378196, 27.2212511 ], [ 92.3383496, 27.2210608 ], [ 92.338753, 27.2210794 ], [ 92.3393002, 27.221213 ], [ 92.3398688, 27.2212988 ], [ 92.3403623, 27.2213275 ], [ 92.3408022, 27.2212893 ], [ 92.3414824, 27.2212802 ], [ 92.3420832, 27.2213089 ], [ 92.3426047, 27.2213275 ], [ 92.3429909, 27.2212798 ], [ 92.3431626, 27.2211939 ], [ 92.3431454, 27.2210703 ], [ 92.3428879, 27.2208986 ], [ 92.3426626, 27.2206506 ], [ 92.3426197, 27.2203739 ], [ 92.3427377, 27.220164 ], [ 92.3428986, 27.2200304 ], [ 92.3432098, 27.2199732 ], [ 92.3435059, 27.2200776 ], [ 92.3438964, 27.2203262 ], [ 92.3441861, 27.2203357 ], [ 92.3445251, 27.2202685 ], [ 92.344847, 27.2202875 ], [ 92.345259, 27.2203357 ], [ 92.3456989, 27.2204788 ], [ 92.3461559, 27.2206119 ], [ 92.3466215, 27.2206792 ], [ 92.3471365, 27.2206696 ], [ 92.3475764, 27.2205838 ], [ 92.3479519, 27.220393 ], [ 92.3482845, 27.2201258 ], [ 92.3486064, 27.2199827 ], [ 92.3490141, 27.2198587 ], [ 92.3494175, 27.2198677 ], [ 92.349675, 27.2199632 ], [ 92.3499046, 27.2203357 ], [ 92.3500011, 27.2208605 ], [ 92.3499153, 27.2213661 ], [ 92.3498402, 27.2218431 ], [ 92.349926, 27.2221961 ], [ 92.3500762, 27.2223869 ], [ 92.350265, 27.2224246 ], [ 92.350544, 27.2224246 ], [ 92.3508659, 27.2223101 ], [ 92.3511169, 27.2221198 ], [ 92.35131, 27.2217191 ], [ 92.351471, 27.2213566 ], [ 92.3517177, 27.2210513 ], [ 92.3520503, 27.2208605 ], [ 92.3523936, 27.2207364 ], [ 92.3529623, 27.2206029 ], [ 92.3535373, 27.2205356 ], [ 92.3539279, 27.2205552 ], [ 92.3543205, 27.2206405 ], [ 92.3549857, 27.2208695 ], [ 92.3554192, 27.2210131 ], [ 92.3557689, 27.2210222 ], [ 92.3561766, 27.2209935 ], [ 92.3564277, 27.2208318 ], [ 92.3566101, 27.2204788 ], [ 92.3569749, 27.2197824 ], [ 92.3572109, 27.2195629 ], [ 92.3574319, 27.2194957 ], [ 92.3576615, 27.2194103 ], [ 92.3579619, 27.2191717 ], [ 92.3583267, 27.2189428 ], [ 92.3587451, 27.2187424 ], [ 92.3593137, 27.2185325 ], [ 92.3599038, 27.2183703 ], [ 92.3603287, 27.218284 ], [ 92.3605862, 27.2181886 ], [ 92.360687, 27.2180364 ], [ 92.3606978, 27.2178456 ], [ 92.3607514, 27.2175021 ], [ 92.3608587, 27.2172827 ], [ 92.3609874, 27.2171777 ], [ 92.3613308, 27.2170823 ], [ 92.3617878, 27.2169292 ], [ 92.3622599, 27.2168815 ], [ 92.3628285, 27.2169673 ], [ 92.3632255, 27.2169673 ], [ 92.3633864, 27.2168719 ], [ 92.3633907, 27.216777 ], [ 92.3633371, 27.2166434 ], [ 92.3633478, 27.2164621 ], [ 92.3635731, 27.2162904 ], [ 92.3644421, 27.2158515 ], [ 92.3651395, 27.215384 ], [ 92.3656759, 27.2148879 ], [ 92.3660729, 27.2144299 ], [ 92.3662768, 27.2140387 ], [ 92.3663733, 27.2136952 ], [ 92.3664484, 27.2132945 ], [ 92.3664484, 27.2129415 ], [ 92.3665343, 27.212264 ], [ 92.3665235, 27.2118728 ], [ 92.3664592, 27.2115961 ], [ 92.366427, 27.2112908 ], [ 92.366427, 27.2110046 ], [ 92.3665343, 27.210766 ], [ 92.3667596, 27.2104898 ], [ 92.3671994, 27.210194 ], [ 92.367693, 27.2099746 ], [ 92.3683045, 27.2098123 ], [ 92.3688259, 27.2097923 ], [ 92.369431, 27.2097933 ], [ 92.3699138, 27.2096883 ], [ 92.3702035, 27.2095261 ], [ 92.3704503, 27.2092112 ], [ 92.370697, 27.2088773 ], [ 92.3708616, 27.2085888 ], [ 92.3710726, 27.2082189 ], [ 92.3715554, 27.2075987 ], [ 92.371963, 27.2073029 ], [ 92.3721892, 27.2070233 ], [ 92.3724843, 27.2065097 ], [ 92.372807, 27.2061624 ], [ 92.3731727, 27.205848 ], [ 92.3734799, 27.2055017 ], [ 92.3736788, 27.2053554 ], [ 92.3740831, 27.20526 ], [ 92.3743513, 27.2052695 ], [ 92.3746989, 27.2054804 ], [ 92.3749437, 27.2055821 ], [ 92.3756709, 27.2056798 ], [ 92.3761108, 27.2056226 ], [ 92.3766194, 27.2054709 ], [ 92.3772416, 27.2051846 ], [ 92.3776708, 27.2051369 ], [ 92.3781922, 27.2051741 ], [ 92.3787115, 27.2053754 ], [ 92.3790505, 27.2056798 ], [ 92.379205, 27.2058525 ], [ 92.3796878, 27.2062819 ], [ 92.38022, 27.2065577 ], [ 92.3807349, 27.206634 ], [ 92.3814473, 27.2065491 ], [ 92.3817799, 27.2063582 ], [ 92.382237, 27.2061092 ], [ 92.3829065, 27.2058621 ], [ 92.383739, 27.2056607 ], [ 92.3842476, 27.2054709 ], [ 92.3849449, 27.2050796 ], [ 92.3854385, 27.2048506 ], [ 92.3858526, 27.2047447 ], [ 92.3864577, 27.2047552 ], [ 92.3869512, 27.204927 ], [ 92.3881099, 27.2052132 ], [ 92.3889253, 27.2054041 ], [ 92.3891925, 27.2053948 ], [ 92.3894232, 27.2052533 ], [ 92.389612, 27.2049651 ], [ 92.3899081, 27.2043249 ], [ 92.3905132, 27.2037819 ], [ 92.3914573, 27.2034766 ], [ 92.3921612, 27.2034088 ], [ 92.3930409, 27.2035615 ], [ 92.3940709, 27.2038478 ], [ 92.3946894, 27.2039633 ], [ 92.3947404, 27.2039728 ], [ 92.3953841, 27.2042399 ], [ 92.3957274, 27.2046789 ], [ 92.3958991, 27.205156 ], [ 92.3964784, 27.2064537 ], [ 92.396929, 27.2073124 ], [ 92.3974011, 27.2078086 ], [ 92.397959, 27.2081521 ], [ 92.3984053, 27.208237 ], [ 92.3989246, 27.2082475 ], [ 92.3994568, 27.2084088 ], [ 92.4003194, 27.20882 ], [ 92.4017141, 27.2096024 ], [ 92.4026368, 27.209965 ], [ 92.4036839, 27.210069 ], [ 92.4044607, 27.2100604 ], [ 92.4056194, 27.2097933 ], [ 92.4061945, 27.2095919 ], [ 92.4063876, 27.2094011 ], [ 92.4064734, 27.209153 ], [ 92.4063275, 27.2087246 ], [ 92.406333, 27.2083933 ], [ 92.4063915, 27.2081004 ], [ 92.4067095, 27.2075882 ], [ 92.4072888, 27.207092 ], [ 92.4079154, 27.2068735 ], [ 92.408602, 27.2068544 ], [ 92.4095891, 27.2070262 ], [ 92.4102113, 27.2074078 ], [ 92.4107263, 27.2080185 ], [ 92.4112199, 27.2087819 ], [ 92.4115417, 27.2092017 ], [ 92.411885, 27.2095261 ], [ 92.4122455, 27.2096683 ], [ 92.4126575, 27.2096406 ], [ 92.4131682, 27.2095156 ], [ 92.4140308, 27.2094688 ], [ 92.4145887, 27.2095833 ], [ 92.4155114, 27.2100223 ], [ 92.415962, 27.2104421 ], [ 92.4163268, 27.2109945 ], [ 92.4164512, 27.211443 ], [ 92.4163482, 27.2118342 ], [ 92.415962, 27.2122922 ], [ 92.4160006, 27.2127597 ], [ 92.4162581, 27.2132749 ], [ 92.4167989, 27.2137424 ], [ 92.4176572, 27.2140478 ], [ 92.4184511, 27.2143149 ], [ 92.4189017, 27.2145057 ], [ 92.4195626, 27.2148778 ], [ 92.4202492, 27.2152213 ], [ 92.4206355, 27.2155648 ], [ 92.4207428, 27.2158892 ], [ 92.4207041, 27.216414 ], [ 92.420893, 27.2167861 ], [ 92.4212363, 27.2170532 ], [ 92.4217341, 27.2172154 ], [ 92.4224851, 27.2171582 ], [ 92.4231932, 27.2169673 ], [ 92.4240301, 27.2167765 ], [ 92.4253819, 27.216433 ], [ 92.4260257, 27.2162995 ], [ 92.4267123, 27.2163949 ], [ 92.4273989, 27.2167193 ], [ 92.4279526, 27.2172249 ], [ 92.42815, 27.2176352 ], [ 92.4283216, 27.2181504 ], [ 92.4285534, 27.2183889 ], [ 92.4288795, 27.2184939 ], [ 92.4295388, 27.2183062 ], [ 92.4303386, 27.2180168 ], [ 92.4312184, 27.2179023 ], [ 92.4323127, 27.2177115 ], [ 92.4329779, 27.2175016 ], [ 92.4339006, 27.2171391 ], [ 92.4347375, 27.2166429 ], [ 92.4353383, 27.2162613 ], [ 92.4366858, 27.2153167 ], [ 92.4374798, 27.2148206 ], [ 92.4382308, 27.2145153 ], [ 92.4390676, 27.2143435 ], [ 92.4399474, 27.2142481 ], [ 92.4407628, 27.2142481 ], [ 92.4416211, 27.2141336 ], [ 92.4424794, 27.2138665 ], [ 92.4433635, 27.2135898 ], [ 92.4441574, 27.2132845 ], [ 92.4449256, 27.2131032 ], [ 92.4458053, 27.2132177 ], [ 92.4471615, 27.2136089 ], [ 92.4485562, 27.2139905 ], [ 92.449951, 27.2144103 ], [ 92.4510882, 27.2147156 ], [ 92.4518392, 27.2147729 ], [ 92.4523542, 27.2146966 ], [ 92.4528504, 27.2144383 ] ] } },
{ "type": "Feature", "properties": { "osm_id": 816196096, "tags": { "name:njz": "Kameng Bung", "name:suv": "Katoie Kwa Pi", "waterway": "stream" }, "inside_district": true }, "geometry": { "type": "LineString", "coordinates": [ [ 92.7323127, 27.9270428 ], [ 92.7332568, 27.9270618 ], [ 92.7348017, 27.9276874 ], [ 92.7358746, 27.9276305 ], [ 92.7367759, 27.9273272 ], [ 92.7379131, 27.9265309 ], [ 92.7385139, 27.9260001 ], [ 92.7392006, 27.9250521 ], [ 92.7401447, 27.9242748 ], [ 92.7409172, 27.9235354 ], [ 92.7416038, 27.9227391 ], [ 92.7424192, 27.9217342 ], [ 92.7433204, 27.9211086 ], [ 92.7454018, 27.9207294 ], [ 92.7459812, 27.9196107 ], [ 92.7456164, 27.9190988 ], [ 92.74508, 27.9183973 ], [ 92.7449298, 27.9173165 ], [ 92.7451229, 27.9164823 ], [ 92.7456164, 27.9157049 ], [ 92.7462387, 27.9147758 ], [ 92.7466035, 27.9129745 ], [ 92.7469897, 27.9123108 ], [ 92.7478909, 27.9119695 ], [ 92.7484488, 27.9111542 ], [ 92.7485347, 27.9104905 ], [ 92.7484274, 27.9095424 ], [ 92.7495861, 27.9073807 ], [ 92.75038, 27.9063757 ], [ 92.750659, 27.9057689 ], [ 92.7505517, 27.9051053 ], [ 92.7500367, 27.9043088 ], [ 92.7496505, 27.9034176 ], [ 92.7497148, 27.9020712 ], [ 92.7497148, 27.9007438 ], [ 92.7502298, 27.8998525 ], [ 92.7507234, 27.8993404 ], [ 92.7506482, 27.8987431 ], [ 92.7506268, 27.8978992 ], [ 92.7508306, 27.8966096 ], [ 92.7520001, 27.8949029 ], [ 92.7522039, 27.8941158 ], [ 92.7523649, 27.8933098 ], [ 92.7529013, 27.8925512 ], [ 92.7535128, 27.8916314 ], [ 92.7541137, 27.8901237 ], [ 92.7546394, 27.888872 ], [ 92.7549183, 27.8876677 ], [ 92.7555299, 27.8865297 ], [ 92.7561092, 27.8861409 ], [ 92.7565491, 27.8857901 ], [ 92.757225, 27.8852495 ], [ 92.7576756, 27.8846805 ], [ 92.7577293, 27.8839883 ], [ 92.7579975, 27.8837322 ], [ 92.759285, 27.8826891 ], [ 92.7600467, 27.8822339 ], [ 92.7605402, 27.8817597 ], [ 92.7608085, 27.8812191 ], [ 92.7609801, 27.8805363 ], [ 92.7614307, 27.8799863 ], [ 92.7621281, 27.8793509 ], [ 92.7635229, 27.8780327 ], [ 92.7657652, 27.876354 ], [ 92.7674067, 27.8746849 ], [ 92.7677169, 27.8743573 ], [ 92.7704195, 27.8715028 ], [ 92.7707112, 27.8711947 ], [ 92.771194, 27.870085 ], [ 92.7718592, 27.8691176 ], [ 92.7724922, 27.8678846 ], [ 92.7728355, 27.8666611 ], [ 92.7731359, 27.8656462 ], [ 92.773329, 27.8647452 ], [ 92.7740264, 27.8631422 ], [ 92.774992, 27.86263 ], [ 92.7765047, 27.8602398 ], [ 92.7767193, 27.8595379 ], [ 92.7767944, 27.8590541 ], [ 92.7768052, 27.8585324 ], [ 92.7771485, 27.8577072 ], [ 92.7775776, 27.8568725 ], [ 92.7783072, 27.8556773 ], [ 92.7793586, 27.8547287 ], [ 92.7801525, 27.8543303 ], [ 92.7814293, 27.8526229 ], [ 92.7825022, 27.8519873 ], [ 92.7820623, 27.8511051 ], [ 92.781837, 27.8503272 ], [ 92.7822554, 27.8497201 ], [ 92.7825451, 27.8491699 ], [ 92.7831459, 27.8488379 ], [ 92.7836931, 27.8480505 ], [ 92.783854, 27.8467414 ], [ 92.7840471, 27.8459351 ], [ 92.7843475, 27.8453659 ], [ 92.7851093, 27.8447208 ], [ 92.7860427, 27.8437342 ], [ 92.7875125, 27.8421309 ], [ 92.7876091, 27.8415332 ], [ 92.7876627, 27.8407553 ], [ 92.7875984, 27.8399774 ], [ 92.7873731, 27.8391994 ], [ 92.7876305, 27.8382697 ], [ 92.7883065, 27.8372261 ], [ 92.7886712, 27.8363153 ], [ 92.7894437, 27.8349871 ], [ 92.7900767, 27.8340004 ], [ 92.7909887, 27.8331085 ], [ 92.791729, 27.8322357 ], [ 92.7925551, 27.8313154 ], [ 92.7930915, 27.8307082 ], [ 92.7932739, 27.8300155 ], [ 92.7934992, 27.8298448 ], [ 92.7940035, 27.8288485 ], [ 92.7953982, 27.8270173 ], [ 92.7972114, 27.8259072 ], [ 92.7985847, 27.8251766 ], [ 92.7991426, 27.8247876 ], [ 92.7999043, 27.8246168 ], [ 92.8005481, 27.8245314 ], [ 92.8016102, 27.824465 ], [ 92.8020286, 27.8237818 ], [ 92.80249, 27.8231745 ], [ 92.8034127, 27.8226432 ], [ 92.8048074, 27.8220359 ], [ 92.8064275, 27.8208878 ], [ 92.8079402, 27.8199769 ], [ 92.8092062, 27.8190944 ], [ 92.810086, 27.8190375 ], [ 92.8110623, 27.8189331 ], [ 92.8117382, 27.8186959 ], [ 92.8125107, 27.8181265 ], [ 92.8133583, 27.8166368 ], [ 92.8143132, 27.8160579 ], [ 92.8150856, 27.8156214 ], [ 92.8155362, 27.8148718 ], [ 92.8156757, 27.8141601 ], [ 92.8155255, 27.813344 ], [ 92.8158367, 27.8123286 ], [ 92.8159547, 27.8115505 ], [ 92.8163409, 27.8111994 ], [ 92.8168023, 27.8109906 ], [ 92.8174674, 27.8108578 ], [ 92.8185725, 27.8107439 ], [ 92.819742, 27.8102125 ], [ 92.8201175, 27.8095387 ], [ 92.8203213, 27.8089219 ], [ 92.8205466, 27.8078211 ], [ 92.8214586, 27.8072422 ], [ 92.8219521, 27.8069005 ], [ 92.8221881, 27.8066728 ], [ 92.8223598, 27.8059895 ], [ 92.8222203, 27.8053062 ], [ 92.8220487, 27.8044616 ], [ 92.8214371, 27.8037404 ], [ 92.8220057, 27.8032374 ], [ 92.8227353, 27.8031615 ], [ 92.8234112, 27.803095 ], [ 92.8238511, 27.8025066 ], [ 92.8243983, 27.8019182 ], [ 92.8252244, 27.801197 ], [ 92.825911, 27.800694 ], [ 92.8271985, 27.7996595 ], [ 92.8277027, 27.799109 ], [ 92.8279817, 27.7983403 ], [ 92.8285718, 27.7977424 ], [ 92.8293657, 27.7969452 ], [ 92.8301811, 27.7957208 ], [ 92.8303742, 27.7952178 ], [ 92.8306961, 27.7941738 ], [ 92.8313291, 27.7933671 ], [ 92.8321874, 27.7925508 ], [ 92.8330994, 27.7917251 ], [ 92.83355, 27.7910892 ], [ 92.8342688, 27.7906051 ], [ 92.835803, 27.7899123 ], [ 92.8367042, 27.7892289 ], [ 92.8377771, 27.7880235 ], [ 92.8388393, 27.7874065 ], [ 92.8396761, 27.7866092 ], [ 92.8411567, 27.7854132 ], [ 92.8420579, 27.7847393 ], [ 92.8440106, 27.783904 ], [ 92.8446221, 27.7826796 ], [ 92.8451478, 27.7820626 ], [ 92.8457701, 27.7816924 ], [ 92.8466499, 27.7811608 ], [ 92.8473472, 27.7806767 ], [ 92.8478837, 27.7801072 ], [ 92.8484094, 27.7786359 ], [ 92.848978, 27.7777151 ], [ 92.8497505, 27.7768798 ], [ 92.8513555, 27.7765149 ], [ 92.8515924, 27.7765399 ], [ 92.8519499, 27.7764716 ], [ 92.8529262, 27.776557 ], [ 92.8536451, 27.7766045 ], [ 92.8547716, 27.7763292 ], [ 92.8562307, 27.775978 ], [ 92.8566921, 27.7761868 ], [ 92.8574431, 27.7762723 ], [ 92.8583872, 27.7762248 ], [ 92.8596318, 27.7760919 ], [ 92.8604579, 27.7772975 ], [ 92.8612304, 27.7777626 ], [ 92.8620779, 27.7781233 ], [ 92.8629148, 27.7782562 ], [ 92.8638267, 27.7786359 ], [ 92.8641915, 27.779158 ], [ 92.8647709, 27.7796516 ], [ 92.865715, 27.7794902 ], [ 92.8680539, 27.7785884 ], [ 92.8692341, 27.7777151 ], [ 92.8706074, 27.7770506 ], [ 92.8718305, 27.776652 ], [ 92.8726244, 27.7756647 ], [ 92.8743732, 27.7745256 ], [ 92.8772378, 27.7738991 ], [ 92.8782892, 27.7736048 ], [ 92.8796518, 27.7735004 ], [ 92.8804779, 27.7735384 ], [ 92.8819692, 27.7733675 ], [ 92.8832888, 27.7731302 ], [ 92.8843832, 27.7729593 ], [ 92.8865182, 27.7728264 ], [ 92.8871727, 27.7725131 ], [ 92.8884387, 27.7722663 ], [ 92.8892219, 27.7723707 ], [ 92.8904235, 27.7728454 ], [ 92.891196, 27.7738042 ], [ 92.8918719, 27.7737947 ], [ 92.8925371, 27.7732156 ], [ 92.8930199, 27.7723897 ], [ 92.8947258, 27.7714784 ], [ 92.8955948, 27.7712695 ], [ 92.8977299, 27.7715828 ], [ 92.8988457, 27.7718106 ], [ 92.9008949, 27.7725321 ], [ 92.9034054, 27.7730068 ], [ 92.9052186, 27.7729308 ], [ 92.9067314, 27.7729783 ], [ 92.9090273, 27.7725226 ], [ 92.9100466, 27.7726175 ], [ 92.9109371, 27.7729213 ], [ 92.9116773, 27.7742503 ], [ 92.9125464, 27.7762058 ], [ 92.9134154, 27.7782942 ], [ 92.9135764, 27.7788922 ], [ 92.9139519, 27.7796895 ], [ 92.9145527, 27.7802686 ], [ 92.9153037, 27.7804015 ], [ 92.9161298, 27.7806862 ], [ 92.9167092, 27.7809615 ], [ 92.9173636, 27.7813792 ], [ 92.9173422, 27.7819487 ], [ 92.9175031, 27.7824613 ], [ 92.9188335, 27.782708 ], [ 92.9198098, 27.7828504 ], [ 92.9212797, 27.7824613 ], [ 92.922256, 27.7819487 ], [ 92.9238868, 27.7818727 ], [ 92.9243696, 27.7818538 ], [ 92.9252064, 27.7817778 ], [ 92.926408, 27.781588 ], [ 92.9277813, 27.78155 ], [ 92.928704, 27.7819772 ], [ 92.92997, 27.7822334 ], [ 92.9307927, 27.7820128 ], [ 92.931334, 27.7817089 ] ] } },
{ "type": "Feature", "properties": { "osm_id": 816958305, "tags": { "waterway": "stream" }, "inside_district": true }, "geometry": { "type": "LineString", "coordinates": [ [ 92.9776597, 27.6935604 ], [ 92.9791188, 27.6921734 ], [ 92.9797196, 27.6913184 ], [ 92.9809212, 27.6907864 ], [ 92.9818228, 27.6904728 ], [ 92.9821229, 27.6903684 ], [ 92.982831, 27.6898554 ], [ 92.9835605, 27.6890954 ], [ 92.9839253, 27.6883353 ], [ 92.9846763, 27.6873663 ], [ 92.9856849, 27.6863783 ], [ 92.98635, 27.6860363 ], [ 92.9879594, 27.6858082 ], [ 92.9885387, 27.6855042 ], [ 92.989676, 27.6851432 ], [ 92.9906201, 27.6849532 ], [ 92.9918003, 27.6848772 ], [ 92.9927659, 27.6839461 ], [ 92.9935598, 27.6830911 ], [ 92.9950189, 27.682103 ], [ 92.9957914, 27.6812669 ], [ 92.9964781, 27.6804878 ], [ 92.9980659, 27.6795567 ], [ 92.9989671, 27.6790057 ], [ 93.0001044, 27.6791577 ], [ 93.000555, 27.6792337 ], [ 93.0016708, 27.6791767 ], [ 93.0023575, 27.6787397 ], [ 93.003366, 27.6783596 ], [ 93.0045032, 27.6779796 ], [ 93.0055117, 27.6777705 ], [ 93.0065632, 27.6775995 ], [ 93.008151, 27.6776945 ], [ 93.0087304, 27.6775805 ], [ 93.0093527, 27.6771245 ], [ 93.0096745, 27.6767634 ], [ 93.0102539, 27.6768584 ], [ 93.0110693, 27.6771055 ], [ 93.0125069, 27.6775995 ], [ 93.0137086, 27.6779796 ], [ 93.0143094, 27.6778085 ], [ 93.0155539, 27.6772005 ], [ 93.0161118, 27.6768014 ], [ 93.0165195, 27.6759843 ], [ 93.0167985, 27.6750342 ], [ 93.0172276, 27.6745971 ], [ 93.0180645, 27.6746161 ], [ 93.0184936, 27.6751482 ], [ 93.0188584, 27.6760033 ], [ 93.0193305, 27.6762883 ], [ 93.0197596, 27.6768204 ], [ 93.0204463, 27.6769724 ], [ 93.0208969, 27.6765164 ], [ 93.0212617, 27.6760413 ], [ 93.0220341, 27.6759843 ], [ 93.0226993, 27.6760603 ], [ 93.0232143, 27.6758323 ], [ 93.0233645, 27.6753382 ], [ 93.0236649, 27.6748821 ], [ 93.0244159, 27.6745211 ], [ 93.024888, 27.6745591 ], [ 93.0257249, 27.6747681 ], [ 93.0266905, 27.6749392 ], [ 93.0270767, 27.6747111 ], [ 93.0272484, 27.6743121 ], [ 93.0273986, 27.673818 ], [ 93.027771, 27.6729552 ] ] } },
{ "type": "Feature", "properties": { "osm_id": 816958306, "tags": { "waterway": "stream" }, "inside_district": true }, "geometry": { "type": "LineString", "coordinates": [ [ 92.9314184, 27.6765734 ], [ 92.9338646, 27.6757373 ], [ 92.934165, 27.6743311 ], [ 92.9348516, 27.6723548 ], [ 92.9356241, 27.6704164 ], [ 92.936182, 27.6692762 ], [ 92.9365682, 27.6677939 ], [ 92.9370403, 27.6668817 ], [ 92.9384994, 27.6656274 ], [ 92.9389715, 27.6646772 ], [ 92.940216, 27.663955 ], [ 92.9415893, 27.6634228 ], [ 92.9430913, 27.6634228 ], [ 92.9454946, 27.6646772 ], [ 92.9463529, 27.6654753 ], [ 92.9476833, 27.6661215 ], [ 92.9489708, 27.6661975 ], [ 92.9509019, 27.6665776 ], [ 92.951889, 27.6673758 ], [ 92.9535198, 27.66844 ], [ 92.954421, 27.6687821 ], [ 92.9553222, 27.6691241 ], [ 92.9565453, 27.6695137 ] ] } },
{ "type": "Feature", "properties": { "osm_id": 816958308, "tags": { "waterway": "stream" }, "inside_district": true }, "geometry": { "type": "LineString", "coordinates": [ [ 92.9404521, 27.6488071 ], [ 92.940495, 27.6476287 ], [ 92.9405379, 27.6471915 ], [ 92.9406237, 27.6463931 ], [ 92.9410743, 27.6455188 ], [ 92.941525, 27.6449295 ], [ 92.9422545, 27.6440932 ], [ 92.9428553, 27.6432378 ], [ 92.9434776, 27.6428386 ], [ 92.9444647, 27.6426676 ], [ 92.9454946, 27.6418882 ], [ 92.9466748, 27.6406716 ], [ 92.9476619, 27.6390369 ], [ 92.9487133, 27.6375161 ], [ 92.9500222, 27.6374591 ], [ 92.951138, 27.6376112 ], [ 92.9521465, 27.6378013 ], [ 92.9539275, 27.6382005 ], [ 92.9549575, 27.6385997 ], [ 92.9560518, 27.6389989 ], [ 92.9586696, 27.639379 ], [ 92.9597211, 27.6401394 ], [ 92.9603219, 27.6408807 ], [ 92.9616308, 27.6412229 ], [ 92.9627251, 27.6410138 ], [ 92.9634976, 27.6403485 ], [ 92.9644418, 27.6397022 ], [ 92.9656219, 27.639322 ], [ 92.9669523, 27.6391509 ], [ 92.9680681, 27.6391129 ], [ 92.9697418, 27.6388848 ], [ 92.9710293, 27.6388658 ], [ 92.9723811, 27.6388088 ], [ 92.9731321, 27.639379 ], [ 92.9730034, 27.6403105 ], [ 92.9731321, 27.6410708 ], [ 92.974441, 27.6417171 ], [ 92.975235, 27.6420973 ], [ 92.9759002, 27.6428576 ], [ 92.9761147, 27.6435039 ], [ 92.9766297, 27.6447204 ], [ 92.9775524, 27.6467923 ], [ 92.9781317, 27.6482179 ], [ 92.9787111, 27.6493963 ], [ 92.9795694, 27.6503657 ], [ 92.9802346, 27.651012 ], [ 92.9811573, 27.6513541 ], [ 92.9823804, 27.6517152 ], [ 92.9829597, 27.6521524 ], [ 92.9834962, 27.6526275 ], [ 92.9844188, 27.6530647 ], [ 92.9850411, 27.6532738 ], [ 92.9859423, 27.6535589 ], [ 92.9875088, 27.654034 ], [ 92.9884529, 27.6547183 ], [ 92.9892897, 27.6549653 ], [ 92.9902768, 27.6550033 ], [ 92.9910493, 27.6550604 ], [ 92.9916501, 27.6550414 ], [ 92.9925942, 27.6549083 ], [ 92.9930877, 27.6548133 ], [ 92.9937959, 27.6548893 ], [ 92.9943752, 27.6552884 ], [ 92.9951477, 27.6556115 ], [ 92.9958129, 27.6556686 ], [ 92.9966497, 27.6559727 ], [ 92.9971432, 27.6562578 ], [ 92.9980874, 27.6565428 ], [ 92.9986667, 27.6566569 ], [ 92.9993319, 27.6567519 ], [ 93.0002761, 27.6563338 ], [ 93.001052, 27.6558786 ], [ 93.0012897, 27.6553071 ], [ 93.0018146, 27.6550111 ], [ 93.0021429, 27.6544522 ], [ 93.0028294, 27.6541938 ], [ 93.0029229, 27.6541586 ], [ 93.0030012, 27.6541291 ], [ 93.0038912, 27.6538526 ], [ 93.0046788, 27.6537808 ], [ 93.006014, 27.654417 ], [ 93.0071487, 27.6547002 ], [ 93.0075288, 27.6545662 ], [ 93.0087733, 27.6544712 ], [ 93.0096638, 27.6544617 ] ] } },
{ "type": "Feature", "properties": { "osm_id": 816958309, "tags": { "waterway": "stream" }, "inside_district": true }, "geometry": { "type": "LineString", "coordinates": [ [ 92.980771, 27.673723 ], [ 92.9805779, 27.6733144 ], [ 92.9804277, 27.6731624 ], [ 92.9798376, 27.6728488 ], [ 92.9789686, 27.6724687 ], [ 92.9785287, 27.6717656 ], [ 92.9786575, 27.6714236 ], [ 92.9788077, 27.6708725 ], [ 92.9789257, 27.6705779 ], [ 92.9786897, 27.6701978 ], [ 92.9784644, 27.6697607 ], [ 92.9786146, 27.6688581 ], [ 92.9789901, 27.6679174 ], [ 92.979387, 27.6672427 ], [ 92.9797947, 27.666359 ], [ 92.9802668, 27.6657889 ], [ 92.9804492, 27.6654468 ], [ 92.9807389, 27.6648197 ], [ 92.980932, 27.6643065 ], [ 92.9810607, 27.6636699 ], [ 92.9814684, 27.6632233 ], [ 92.981801, 27.6627196 ], [ 92.9820907, 27.6620354 ], [ 92.982198, 27.6615508 ], [ 92.9821765, 27.6603962 ], [ 92.9823053, 27.6599781 ], [ 92.9824179, 27.6596455 ], [ 92.9825574, 27.6594412 ], [ 92.9826915, 27.6592227 ], [ 92.982713, 27.6589043 ], [ 92.9827613, 27.6585052 ], [ 92.9826754, 27.6582676 ], [ 92.9826379, 27.6580396 ], [ 92.9830134, 27.6574266 ] ] } },
{ "type": "Feature", "properties": { "osm_id": 816958310, "tags": { "waterway": "stream" }, "inside_district": true }, "geometry": { "type": "LineString", "coordinates": [ [ 92.9474044, 27.6798798 ], [ 92.9478013, 27.6791672 ], [ 92.9479301, 27.6787301 ], [ 92.9481983, 27.6780271 ], [ 92.9484129, 27.6776185 ], [ 92.9485845, 27.6769249 ], [ 92.9490673, 27.6766494 ], [ 92.9498291, 27.6763358 ], [ 92.9509878, 27.6760128 ], [ 92.9521465, 27.6755567 ], [ 92.9533803, 27.6743691 ], [ 92.9537988, 27.674027 ], [ 92.9539168, 27.6736469 ], [ 92.9538739, 27.6729723 ], [ 92.9538309, 27.6723927 ], [ 92.9541099, 27.6720412 ], [ 92.9544854, 27.6717846 ], [ 92.9547214, 27.671262 ], [ 92.9548395, 27.6706824 ], [ 92.9550755, 27.6702073 ], [ 92.9556548, 27.6698083 ], [ 92.9565453, 27.6695137 ], [ 92.9574895, 27.6697037 ], [ 92.9586589, 27.6700363 ], [ 92.9596782, 27.6703879 ], [ 92.9604185, 27.6706159 ], [ 92.961384, 27.670901 ], [ 92.9615986, 27.6707964 ], [ 92.9618025, 27.6705114 ], [ 92.962178, 27.6702358 ], [ 92.9626715, 27.6697607 ], [ 92.9629505, 27.6692666 ], [ 92.9632831, 27.6689816 ], [ 92.9640663, 27.6687535 ], [ 92.9646563, 27.668649 ], [ 92.965068, 27.6688025 ], [ 92.9660404, 27.668535 ], [ 92.9663796, 27.6682227 ], [ 92.966987, 27.6680291 ], [ 92.967199, 27.6675701 ], [ 92.9672867, 27.6674628 ], [ 92.9680252, 27.6665586 ], [ 92.968272, 27.66634 ], [ 92.9690015, 27.6660645 ], [ 92.9696774, 27.6659219 ], [ 92.970525, 27.6660169 ], [ 92.9715335, 27.6662165 ], [ 92.9727781, 27.666473 ], [ 92.9741406, 27.6668341 ], [ 92.9748917, 27.6670717 ], [ 92.9756641, 27.6668626 ], [ 92.9760075, 27.6664445 ], [ 92.975707, 27.6652948 ], [ 92.9749024, 27.6646771 ], [ 92.9746663, 27.664354 ], [ 92.974441, 27.6638789 ], [ 92.9746234, 27.6634228 ], [ 92.9747522, 27.6629287 ], [ 92.9746342, 27.6622635 ], [ 92.9746985, 27.6617029 ], [ 92.9749238, 27.6612087 ], [ 92.9750526, 27.6607716 ], [ 92.9753637, 27.6602585 ], [ 92.9759216, 27.6597833 ], [ 92.9765761, 27.6594602 ], [ 92.9771447, 27.6591086 ], [ 92.977488, 27.658757 ], [ 92.9780352, 27.6584244 ], [ 92.9786467, 27.6584624 ], [ 92.9789793, 27.6588901 ], [ 92.9791081, 27.6593177 ], [ 92.9797304, 27.6592797 ], [ 92.9800951, 27.6589471 ], [ 92.9807389, 27.6583674 ], [ 92.9818118, 27.6578733 ], [ 92.9822302, 27.6577592 ], [ 92.9830134, 27.6574266 ] ] } },
{ "type": "Feature", "properties": { "osm_id": 816969409, "tags": { "waterway": "river" }, "inside_district": true }, "geometry": { "type": "LineString", "coordinates": [ [ 92.8422108, 27.3978637 ], [ 92.841779, 27.3978033 ], [ 92.8412608, 27.3976831 ], [ 92.8408321, 27.3975073 ], [ 92.8401165, 27.3973008 ], [ 92.8397856, 27.3969342 ], [ 92.8393315, 27.3965011 ], [ 92.8389693, 27.3961098 ], [ 92.8389131, 27.3958411 ], [ 92.8389644, 27.3954965 ], [ 92.8392054, 27.3949092 ], [ 92.8390552, 27.3943273 ], [ 92.8392276, 27.3938193 ], [ 92.8396704, 27.3932556 ], [ 92.83988, 27.392669 ], [ 92.8400136, 27.3924733 ], [ 92.8406846, 27.3917652 ], [ 92.8414361, 27.3904197 ], [ 92.8414482, 27.3898454 ], [ 92.8411142, 27.3895687 ], [ 92.8406754, 27.3894384 ], [ 92.8404267, 27.3892432 ], [ 92.83974, 27.387964 ], [ 92.8389775, 27.3874447 ], [ 92.8386372, 27.3867497 ], [ 92.8383972, 27.3864509 ], [ 92.8379935, 27.3861 ], [ 92.8378951, 27.3857435 ], [ 92.8379756, 27.385491 ], [ 92.8382975, 27.3852767 ], [ 92.8386569, 27.3851338 ], [ 92.8387772, 27.3848575 ], [ 92.8387052, 27.3846194 ], [ 92.8379971, 27.3843145 ], [ 92.8376323, 27.3840811 ], [ 92.8373962, 27.3840235 ], [ 92.8370489, 27.3840815 ], [ 92.8365809, 27.3842526 ], [ 92.8361195, 27.3845336 ], [ 92.8358674, 27.3846003 ], [ 92.8355026, 27.3843288 ], [ 92.8352237, 27.3841573 ], [ 92.8348258, 27.3838957 ], [ 92.8344414, 27.3834972 ], [ 92.83401, 27.3830749 ], [ 92.833963, 27.3826378 ], [ 92.8341338, 27.3821023 ], [ 92.8341359, 27.3820887 ], [ 92.8342027, 27.3816626 ], [ 92.8341186, 27.3814422 ], [ 92.834022, 27.3812803 ], [ 92.8337914, 27.3811231 ], [ 92.8335446, 27.3810087 ], [ 92.8332661, 27.3809865 ], [ 92.8331387, 27.3808821 ], [ 92.8329183, 27.3804823 ], [ 92.8327516, 27.3804137 ], [ 92.8323591, 27.3800799 ], [ 92.8320394, 27.3799845 ], [ 92.8313675, 27.3795162 ], [ 92.8311306, 27.3792463 ], [ 92.8307819, 27.3789462 ], [ 92.8303581, 27.3787747 ], [ 92.8298002, 27.3786842 ], [ 92.8292316, 27.3785365 ], [ 92.8293496, 27.3790748 ], [ 92.8294837, 27.3793272 ], [ 92.8295159, 27.3795702 ], [ 92.8292875, 27.3798997 ], [ 92.8289956, 27.3803895 ], [ 92.8287542, 27.3807706 ], [ 92.8287274, 27.3810754 ], [ 92.8287649, 27.3813898 ], [ 92.8286576, 27.3815708 ], [ 92.8284162, 27.3816994 ], [ 92.8279066, 27.3819138 ], [ 92.8273649, 27.3819637 ], [ 92.8264582, 27.3820472 ], [ 92.8257716, 27.3820186 ], [ 92.825278, 27.3820281 ], [ 92.824763, 27.3822282 ], [ 92.8243124, 27.3824854 ], [ 92.8240026, 27.3828745 ], [ 92.823746, 27.3828697 ], [ 92.8234005, 27.3825616 ], [ 92.8229821, 27.3822853 ], [ 92.8225703, 27.3821429 ], [ 92.8217691, 27.3819451 ] ] } },
{ "type": "Feature", "properties": { "osm_id": 816969410, "tags": { "waterway": "stream" }, "inside_district": true }, "geometry": { "type": "LineString", "coordinates": [ [ 92.8293013, 27.4235475 ], [ 92.828722, 27.4230523 ], [ 92.8280997, 27.4221571 ], [ 92.8275418, 27.4214334 ], [ 92.8269195, 27.4209953 ], [ 92.8262973, 27.4202906 ], [ 92.825278, 27.4198239 ], [ 92.8250903, 27.4195858 ], [ 92.8249186, 27.4193477 ], [ 92.8247362, 27.418962 ], [ 92.8244626, 27.4185668 ], [ 92.8239101, 27.4183525 ], [ 92.82354, 27.417862 ], [ 92.8234649, 27.4176287 ], [ 92.8235078, 27.4172239 ], [ 92.8236151, 27.4168382 ], [ 92.8236633, 27.4164287 ], [ 92.8236097, 27.4159382 ], [ 92.8233254, 27.4151525 ], [ 92.8231752, 27.4147287 ], [ 92.8229982, 27.4144525 ], [ 92.8227514, 27.4142001 ], [ 92.8225315, 27.4139382 ], [ 92.8223222, 27.4136811 ], [ 92.821936, 27.4134001 ], [ 92.8217509, 27.4131048 ], [ 92.821582, 27.4130048 ], [ 92.8214505, 27.4129239 ], [ 92.8211555, 27.4127644 ], [ 92.821016, 27.4125763 ], [ 92.8209892, 27.4123596 ], [ 92.8208229, 27.4121286 ], [ 92.8206995, 27.4119453 ], [ 92.8206217, 27.4118429 ], [ 92.8204876, 27.4117381 ] ] } },
{ "type": "Feature", "properties": { "osm_id": 816969411, "tags": { "waterway": "stream" }, "inside_district": true }, "geometry": { "type": "LineString", "coordinates": [ [ 92.8114915, 27.4378981 ], [ 92.8110033, 27.4378219 ], [ 92.8107566, 27.4377267 ], [ 92.8103381, 27.4376267 ], [ 92.8100699, 27.4375933 ], [ 92.8094852, 27.4373077 ], [ 92.8089702, 27.4365316 ], [ 92.8088576, 27.4363079 ], [ 92.808702, 27.4359936 ], [ 92.8087127, 27.4356747 ], [ 92.8086269, 27.4353652 ], [ 92.8083265, 27.4348986 ], [ 92.8079456, 27.434651 ], [ 92.8077471, 27.4348319 ], [ 92.8075755, 27.4350795 ], [ 92.8070819, 27.4352033 ], [ 92.8066474, 27.4350938 ], [ 92.8062987, 27.4349367 ], [ 92.8059339, 27.4345748 ], [ 92.8053385, 27.4339416 ], [ 92.8049737, 27.4333036 ], [ 92.8051186, 27.4330179 ], [ 92.8052956, 27.4329418 ], [ 92.8057623, 27.4327894 ], [ 92.8061002, 27.4325371 ], [ 92.8062665, 27.432318 ], [ 92.8060734, 27.4317181 ], [ 92.8059715, 27.4312325 ], [ 92.8056496, 27.430923 ], [ 92.8053921, 27.4307087 ], [ 92.8050542, 27.430285 ], [ 92.8050595, 27.4295851 ], [ 92.805199, 27.4291946 ], [ 92.8053921, 27.4289756 ], [ 92.8057569, 27.4286899 ], [ 92.8062022, 27.4283471 ], [ 92.8065669, 27.4276662 ], [ 92.8067923, 27.4274615 ], [ 92.8072858, 27.427271 ], [ 92.8077847, 27.427171 ], [ 92.8084767, 27.4269711 ], [ 92.8090614, 27.4267758 ], [ 92.8099251, 27.4264997 ], [ 92.8103113, 27.4261045 ], [ 92.810322, 27.4256474 ], [ 92.8103435, 27.4252617 ], [ 92.8101182, 27.4248189 ], [ 92.8098983, 27.4244713 ], [ 92.8095603, 27.4240856 ], [ 92.8089112, 27.4234618 ], [ 92.8087771, 27.4231952 ], [ 92.8085142, 27.4230618 ], [ 92.8081977, 27.4229285 ], [ 92.8079081, 27.4229333 ], [ 92.8075486, 27.4227952 ], [ 92.807216, 27.4224428 ], [ 92.8066742, 27.4221428 ], [ 92.8063953, 27.4220286 ], [ 92.8061646, 27.4217238 ], [ 92.8062934, 27.4214143 ], [ 92.8067118, 27.4209096 ], [ 92.8069746, 27.4203096 ], [ 92.8072107, 27.4196763 ], [ 92.8072804, 27.4193953 ], [ 92.8071946, 27.4190811 ], [ 92.8070551, 27.4189287 ], [ 92.8067332, 27.4187477 ], [ 92.8062987, 27.4186525 ], [ 92.8059018, 27.418662 ], [ 92.8055638, 27.4187096 ], [ 92.8051615, 27.4184763 ], [ 92.8048181, 27.4181287 ], [ 92.8045928, 27.417843 ], [ 92.8043568, 27.4172097 ], [ 92.8043193, 27.4169382 ], [ 92.8043514, 27.4166716 ], [ 92.804507, 27.4165001 ], [ 92.804786, 27.4164668 ], [ 92.8050005, 27.4165668 ], [ 92.8052688, 27.4167239 ], [ 92.8055853, 27.4167573 ], [ 92.8061593, 27.4166382 ], [ 92.8065562, 27.4164478 ], [ 92.8070176, 27.4163811 ], [ 92.8076345, 27.4161525 ], [ 92.8080797, 27.4159525 ], [ 92.8084928, 27.4160049 ], [ 92.8088254, 27.4160811 ], [ 92.8093779, 27.4162097 ], [ 92.809748, 27.4163287 ], [ 92.810086, 27.4163716 ], [ 92.8104454, 27.416343 ], [ 92.810719, 27.416262 ], [ 92.8109711, 27.4161001 ], [ 92.8112394, 27.4160001 ], [ 92.8115934, 27.4160049 ], [ 92.8119099, 27.4162335 ], [ 92.812264, 27.4164906 ], [ 92.8125483, 27.4165859 ], [ 92.8131008, 27.4165001 ], [ 92.8134602, 27.4161811 ], [ 92.813766, 27.4155573 ], [ 92.8141254, 27.4151668 ], [ 92.8143507, 27.4150097 ], [ 92.8145438, 27.4146049 ], [ 92.814576, 27.4141287 ], [ 92.8144956, 27.4138096 ], [ 92.8144205, 27.4134191 ], [ 92.8145975, 27.4132287 ], [ 92.8148711, 27.4131715 ], [ 92.8152412, 27.4132429 ], [ 92.8153646, 27.4134191 ], [ 92.8155255, 27.4137001 ], [ 92.815901, 27.4138192 ], [ 92.8162765, 27.413962 ], [ 92.8165072, 27.4146001 ], [ 92.8164214, 27.4150382 ], [ 92.8162819, 27.415343 ], [ 92.816003, 27.4157478 ], [ 92.8157455, 27.4161287 ], [ 92.815944, 27.4168335 ], [ 92.8161317, 27.4172954 ], [ 92.8164107, 27.4174668 ], [ 92.8170168, 27.4175239 ], [ 92.8172368, 27.4173573 ], [ 92.8175318, 27.4170049 ], [ 92.8177088, 27.4168906 ], [ 92.8181004, 27.4166906 ], [ 92.8183579, 27.4164573 ], [ 92.8185993, 27.4161335 ], [ 92.8187925, 27.4158335 ], [ 92.8191251, 27.4157097 ], [ 92.8193235, 27.4156573 ], [ 92.8198224, 27.4154906 ], [ 92.8196937, 27.4151335 ], [ 92.8196293, 27.4144525 ], [ 92.8194952, 27.4140144 ], [ 92.8195006, 27.4135477 ], [ 92.8197634, 27.4132763 ], [ 92.8200638, 27.4128525 ], [ 92.8202838, 27.412381 ], [ 92.8204876, 27.4117381 ] ] } },
{ "type": "Feature", "properties": { "osm_id": 816969412, "tags": { "name": "Gayã River", "name:en": "Gayã River", "name:jkr": "Gayã", "waterway": "river" }, "inside_district": true }, "geometry": { "type": "LineString", "coordinates": [ [ 92.8204876, 27.4117381 ], [ 92.8204822, 27.4113286 ], [ 92.8206754, 27.410519 ], [ 92.8206915, 27.4101095 ], [ 92.8208148, 27.4096856 ], [ 92.8209221, 27.4092713 ], [ 92.8207773, 27.4087475 ], [ 92.8207666, 27.4081046 ], [ 92.8207558, 27.4077808 ], [ 92.8209221, 27.4075141 ], [ 92.821126, 27.4073045 ], [ 92.8212064, 27.4068807 ], [ 92.8212225, 27.4065378 ], [ 92.8210938, 27.4060711 ], [ 92.8209382, 27.4057949 ], [ 92.8207773, 27.4055901 ], [ 92.8206593, 27.405352 ], [ 92.8206063, 27.4051795 ], [ 92.8205466, 27.4049853 ], [ 92.8205359, 27.4046709 ], [ 92.8201389, 27.40429 ], [ 92.819581, 27.4033946 ], [ 92.8199565, 27.4024231 ], [ 92.8201067, 27.4017563 ], [ 92.8199029, 27.4011943 ], [ 92.8197205, 27.4004799 ], [ 92.8199887, 27.3986797 ], [ 92.8202569, 27.397489 ], [ 92.8200745, 27.3962126 ], [ 92.8199029, 27.3945837 ], [ 92.8199565, 27.3939645 ], [ 92.8202248, 27.3936978 ], [ 92.8208256, 27.3932691 ], [ 92.8212654, 27.3925738 ], [ 92.8216517, 27.3920784 ], [ 92.821877, 27.3910877 ], [ 92.8222847, 27.3895731 ], [ 92.8225958, 27.3891539 ], [ 92.8230679, 27.3886776 ], [ 92.8235936, 27.3883728 ], [ 92.8240335, 27.3878012 ], [ 92.8240335, 27.387201 ], [ 92.8238189, 27.386839 ], [ 92.8231966, 27.3866009 ], [ 92.8227138, 27.3865056 ], [ 92.8224027, 27.3853243 ], [ 92.8219414, 27.384848 ], [ 92.8214478, 27.3844765 ], [ 92.8211367, 27.383762 ], [ 92.8214908, 27.3826664 ], [ 92.8217691, 27.3819451 ], [ 92.8218877, 27.3816375 ], [ 92.8221774, 27.3808563 ], [ 92.8223276, 27.380018 ], [ 92.8224349, 27.3789223 ], [ 92.8220916, 27.3780744 ], [ 92.8218233, 27.3776934 ], [ 92.8213298, 27.3769979 ], [ 92.820611, 27.3765787 ], [ 92.8199351, 27.3765977 ], [ 92.8190017, 27.3768073 ], [ 92.817961, 27.3771694 ], [ 92.8171992, 27.3775886 ], [ 92.8162551, 27.3781792 ], [ 92.8151393, 27.3787318 ], [ 92.8144741, 27.3789986 ], [ 92.8136265, 27.379313 ], [ 92.8124142, 27.3796083 ], [ 92.8112769, 27.3796464 ], [ 92.8105688, 27.3794368 ], [ 92.810204, 27.3788271 ], [ 92.8102898, 27.3784936 ], [ 92.8106117, 27.3782078 ], [ 92.8110516, 27.3777696 ], [ 92.8118777, 27.3773123 ], [ 92.8126931, 27.3767406 ], [ 92.8133261, 27.376169 ], [ 92.8134012, 27.3755688 ], [ 92.8133047, 27.3745017 ], [ 92.8129613, 27.3739777 ], [ 92.8125858, 27.3734537 ], [ 92.8122961, 27.3726915 ], [ 92.8125107, 27.3723866 ], [ 92.8130364, 27.3718435 ], [ 92.8134978, 27.3717197 ], [ 92.8142166, 27.3716911 ], [ 92.8141415, 27.3711575 ], [ 92.8138518, 27.3706716 ], [ 92.8135192, 27.3703763 ], [ 92.8131437, 27.3702524 ], [ 92.8125107, 27.3701667 ], [ 92.8117597, 27.3700047 ], [ 92.8109872, 27.3691376 ], [ 92.8110087, 27.3684326 ], [ 92.8114056, 27.3682515 ], [ 92.8118777, 27.368061 ], [ 92.8126609, 27.3679085 ], [ 92.8130579, 27.3678323 ], [ 92.8132403, 27.3672797 ], [ 92.813251, 27.3667366 ], [ 92.8137553, 27.3660887 ], [ 92.8138947, 27.3655265 ], [ 92.8137231, 27.3650787 ], [ 92.8133261, 27.3646213 ], [ 92.8129935, 27.3640211 ], [ 92.8129613, 27.3634779 ], [ 92.8132617, 27.3626204 ], [ 92.8134656, 27.3622583 ], [ 92.8138947, 27.3617819 ], [ 92.8139806, 27.3612483 ], [ 92.8136694, 27.3605622 ], [ 92.8135085, 27.3601906 ], [ 92.8134334, 27.3597904 ], [ 92.8136587, 27.3594474 ], [ 92.8142273, 27.3593616 ], [ 92.8146243, 27.3593711 ], [ 92.8155148, 27.3593425 ], [ 92.8160083, 27.3593044 ], [ 92.8163087, 27.3589138 ], [ 92.81618, 27.358485 ], [ 92.8159225, 27.3581038 ], [ 92.8151178, 27.3575702 ], [ 92.8145814, 27.3567507 ], [ 92.8141415, 27.3563981 ], [ 92.8139591, 27.3558645 ], [ 92.81412, 27.3553595 ], [ 92.8144848, 27.3548735 ], [ 92.814753, 27.354559 ], [ 92.8147101, 27.3540921 ], [ 92.814517, 27.3538729 ], [ 92.8138947, 27.3538157 ], [ 92.8133798, 27.3540826 ], [ 92.8128648, 27.3541588 ], [ 92.811985, 27.3541397 ], [ 92.8112876, 27.3545209 ], [ 92.8107405, 27.3550831 ], [ 92.8100967, 27.3556739 ], [ 92.8095925, 27.356198 ], [ 92.8092706, 27.3566554 ], [ 92.8086162, 27.3576274 ], [ 92.8078759, 27.3580847 ], [ 92.8071356, 27.3581705 ], [ 92.806524, 27.3579037 ], [ 92.8059661, 27.357513 ], [ 92.8055262, 27.3568174 ], [ 92.8053868, 27.3558073 ], [ 92.8057837, 27.3549592 ], [ 92.8061914, 27.3539777 ], [ 92.805773, 27.3521291 ], [ 92.8056121, 27.3513191 ], [ 92.8054941, 27.3508045 ], [ 92.8051615, 27.3503089 ], [ 92.8046358, 27.3500135 ], [ 92.8039384, 27.3499754 ], [ 92.8032839, 27.3502422 ], [ 92.8029513, 27.3508331 ], [ 92.8027475, 27.3513477 ], [ 92.802608, 27.3518337 ], [ 92.8025865, 27.3523768 ], [ 92.8023183, 27.3529009 ], [ 92.8014386, 27.3530439 ], [ 92.8008592, 27.3529295 ], [ 92.8003442, 27.3525769 ], [ 92.7999365, 27.3520147 ], [ 92.79984, 27.3514715 ], [ 92.8004515, 27.3508426 ], [ 92.80043, 27.3505662 ], [ 92.8001726, 27.3503757 ], [ 92.7998185, 27.3502041 ], [ 92.7995503, 27.3498611 ], [ 92.799443, 27.3493083 ], [ 92.7995181, 27.3488223 ], [ 92.8004944, 27.3474596 ], [ 92.8007734, 27.3470022 ], [ 92.8013098, 27.3466114 ], [ 92.8016639, 27.3465638 ], [ 92.8021681, 27.3467544 ], [ 92.8025114, 27.3470593 ], [ 92.8029621, 27.3471832 ], [ 92.8033376, 27.3468497 ], [ 92.8037882, 27.3462112 ], [ 92.8044641, 27.3448675 ], [ 92.8045499, 27.344391 ], [ 92.8043783, 27.3440193 ], [ 92.8039813, 27.3436762 ], [ 92.8036702, 27.3433808 ], [ 92.8034019, 27.3425231 ], [ 92.8035629, 27.3415796 ], [ 92.8039598, 27.3412555 ], [ 92.8044534, 27.3411126 ], [ 92.8048396, 27.3410649 ], [ 92.8051829, 27.3411507 ], [ 92.8055477, 27.341084 ], [ 92.8054833, 27.3409125 ], [ 92.8053331, 27.3405503 ], [ 92.8050434, 27.3402453 ], [ 92.8045499, 27.3398641 ], [ 92.8040779, 27.3389778 ], [ 92.8038096, 27.3387395 ], [ 92.803359, 27.3384631 ], [ 92.8032625, 27.337939 ], [ 92.8037667, 27.337653 ], [ 92.8042602, 27.3371574 ], [ 92.8047967, 27.3363092 ], [ 92.8060144, 27.3354133 ], [ 92.8064865, 27.335094 ], [ 92.8070015, 27.3348224 ], [ 92.807318, 27.3344888 ], [ 92.8073019, 27.3340504 ], [ 92.8069693, 27.3328781 ], [ 92.8069478, 27.332535 ], [ 92.8071356, 27.331844 ], [ 92.8071839, 27.3315962 ], [ 92.8071678, 27.3313007 ], [ 92.8069693, 27.3311101 ], [ 92.8066528, 27.3312578 ], [ 92.8063524, 27.3314866 ], [ 92.8058428, 27.3314866 ], [ 92.8051829, 27.3311387 ], [ 92.8045553, 27.3306288 ], [ 92.8043139, 27.3303428 ], [ 92.8040832, 27.3299568 ], [ 92.8041261, 27.3296756 ], [ 92.8042066, 27.3293468 ], [ 92.8043514, 27.3290609 ], [ 92.8047055, 27.3285509 ], [ 92.8050488, 27.3285128 ], [ 92.8057677, 27.3286367 ], [ 92.8065723, 27.3278933 ], [ 92.8070283, 27.3274501 ], [ 92.8074735, 27.3268829 ], [ 92.8077418, 27.326211 ], [ 92.8081602, 27.325396 ], [ 92.8085893, 27.3244333 ], [ 92.8089702, 27.3237518 ], [ 92.8096032, 27.3228939 ], [ 92.8098339, 27.3225508 ], [ 92.810027, 27.3222891 ], [ 92.8102946, 27.3220357 ], [ 92.8107382, 27.3219225 ], [ 92.8111213, 27.3218693 ], [ 92.8123659, 27.3213212 ], [ 92.8129506, 27.3211829 ], [ 92.813707, 27.3209685 ], [ 92.8144258, 27.3206873 ], [ 92.8150266, 27.320144 ], [ 92.8151339, 27.319958 ], [ 92.815233, 27.3197683 ], [ 92.8154512, 27.3196341 ], [ 92.8156511, 27.3194586 ], [ 92.8159139, 27.3190518 ], [ 92.8160939, 27.3187999 ], [ 92.8163284, 27.3185731 ], [ 92.8167272, 27.3181946 ], [ 92.817049, 27.3178562 ], [ 92.8172636, 27.3173558 ], [ 92.8173816, 27.3169697 ], [ 92.8173568, 27.3168492 ], [ 92.8172582, 27.3167505 ], [ 92.8169042, 27.3166313 ], [ 92.8166741, 27.3164752 ], [ 92.8165072, 27.3162786 ], [ 92.8163873, 27.3161404 ], [ 92.8163766, 27.3159852 ], [ 92.816422, 27.315805 ], [ 92.8164398, 27.315666 ], [ 92.8165453, 27.3155567 ], [ 92.8166721, 27.3155001 ], [ 92.8167804, 27.3154953 ], [ 92.8169764, 27.3155092 ], [ 92.81717, 27.3154958 ], [ 92.8173548, 27.3154731 ], [ 92.8178161, 27.3156209 ], [ 92.8181004, 27.3156447 ], [ 92.8183365, 27.3155446 ], [ 92.8185135, 27.315292 ], [ 92.8186315, 27.3152348 ], [ 92.8188461, 27.31523 ], [ 92.8190821, 27.3154016 ], [ 92.8192592, 27.3156352 ], [ 92.8194362, 27.3157734 ], [ 92.8197473, 27.3158401 ], [ 92.8200263, 27.3157114 ], [ 92.820037, 27.3153397 ], [ 92.8199565, 27.3148916 ], [ 92.8199297, 27.3143149 ], [ 92.8200424, 27.3138097 ], [ 92.8201657, 27.3133474 ], [ 92.8204286, 27.3129136 ], [ 92.820847, 27.3125704 ], [ 92.821598, 27.3123989 ], [ 92.8229606, 27.312232 ], [ 92.8236473, 27.3120986 ], [ 92.8239477, 27.3119603 ], [ 92.8243285, 27.3113026 ], [ 92.824645, 27.3108355 ], [ 92.824924, 27.3105733 ], [ 92.8252244, 27.3104732 ], [ 92.8254604, 27.3105781 ], [ 92.8256911, 27.3108355 ], [ 92.8259432, 27.3111596 ], [ 92.82619, 27.311355 ], [ 92.8267801, 27.3112645 ], [ 92.8270751, 27.3110214 ], [ 92.8273863, 27.3105924 ], [ 92.827574, 27.3101872 ], [ 92.8277135, 27.3099537 ], [ 92.8279602, 27.3096629 ], [ 92.8285557, 27.3094008 ], [ 92.8290707, 27.309315 ], [ 92.8294408, 27.3094008 ], [ 92.8296983, 27.309539 ], [ 92.8299451, 27.3097773 ], [ 92.8302294, 27.3099251 ], [ 92.8307712, 27.3099251 ], [ 92.8310823, 27.3097058 ], [ 92.8312057, 27.3093865 ], [ 92.8312647, 27.30911 ], [ 92.8311092, 27.3089003 ], [ 92.8308892, 27.3086238 ], [ 92.8308302, 27.308233 ], [ 92.8309911, 27.3079088 ], [ 92.8313452, 27.3075942 ], [ 92.8316188, 27.3074274 ], [ 92.8320104, 27.3073464 ], [ 92.8325039, 27.3075418 ], [ 92.8330672, 27.3079422 ], [ 92.8334802, 27.3080947 ], [ 92.833845, 27.3082044 ], [ 92.8343922, 27.3081567 ], [ 92.8347248, 27.3079803 ], [ 92.8350252, 27.3075609 ], [ 92.8351915, 27.3071748 ], [ 92.8353631, 27.3068792 ], [ 92.8356528, 27.3064121 ], [ 92.8361249, 27.3058687 ], [ 92.8369027, 27.3052967 ], [ 92.8380024, 27.304882 ], [ 92.8388661, 27.3043958 ], [ 92.8393114, 27.3040574 ], [ 92.8396869, 27.303676 ], [ 92.8400463, 27.3034663 ], [ 92.8402394, 27.3031279 ], [ 92.8401214, 27.3027274 ], [ 92.8400356, 27.3021173 ], [ 92.8401107, 27.3019457 ], [ 92.840277, 27.301693 ], [ 92.8404486, 27.3014404 ], [ 92.84069, 27.3012402 ], [ 92.8410655, 27.3010019 ], [ 92.8414679, 27.3007778 ], [ 92.8416771, 27.3004346 ], [ 92.8418326, 27.3000246 ], [ 92.8422457, 27.2994812 ], [ 92.8425622, 27.2987948 ], [ 92.8428572, 27.2982418 ], [ 92.8430772, 27.2977603 ], [ 92.8432488, 27.2971359 ], [ 92.843163, 27.2966925 ], [ 92.843104, 27.2962539 ], [ 92.8431684, 27.2956676 ], [ 92.8433722, 27.2949954 ], [ 92.8438926, 27.2941087 ], [ 92.8439569, 27.2935653 ], [ 92.8440642, 27.2930409 ], [ 92.8440213, 27.2926118 ], [ 92.8436136, 27.2920779 ], [ 92.842809, 27.2911149 ], [ 92.842809, 27.2905905 ], [ 92.8428713, 27.2899221 ] ] } },
{ "type": "Feature", "properties": { "osm_id": 816969588, "tags": { "waterway": "stream" }, "inside_district": true }, "geometry": { "type": "LineString", "coordinates": [ [ 92.7294373, 27.4068426 ], [ 92.7298021, 27.4071855 ], [ 92.730596, 27.4078522 ], [ 92.7314544, 27.4084427 ], [ 92.7322697, 27.4088427 ], [ 92.7333641, 27.4090713 ], [ 92.7351451, 27.4092047 ], [ 92.7375912, 27.4095857 ], [ 92.7393293, 27.4093952 ], [ 92.7406061, 27.4086903 ], [ 92.7408528, 27.4085189 ], [ 92.741636, 27.407957 ], [ 92.7423441, 27.407376 ], [ 92.7432132, 27.4068902 ], [ 92.7442539, 27.4067473 ], [ 92.7453053, 27.4068331 ], [ 92.7460241, 27.407014 ], [ 92.7465606, 27.407014 ], [ 92.7470112, 27.4068426 ], [ 92.7473867, 27.4062806 ], [ 92.7485347, 27.4057663 ], [ 92.7493071, 27.4054901 ], [ 92.749865, 27.4049662 ], [ 92.7502084, 27.4045852 ], [ 92.7512813, 27.4039756 ], [ 92.7522468, 27.4036994 ], [ 92.7533197, 27.4035089 ], [ 92.7543819, 27.4034422 ], [ 92.7549612, 27.4031089 ], [ 92.7553153, 27.4022897 ], [ 92.7554977, 27.4017849 ], [ 92.755723, 27.4014706 ], [ 92.7557874, 27.4008228 ], [ 92.756356, 27.40088 ], [ 92.756753, 27.4010705 ], [ 92.7572894, 27.4015277 ], [ 92.7575898, 27.402023 ], [ 92.7582765, 27.4024612 ], [ 92.75877, 27.4020992 ], [ 92.7588129, 27.401623 ], [ 92.7589524, 27.4008991 ], [ 92.7589953, 27.4002418 ], [ 92.7591133, 27.3997846 ], [ 92.7595961, 27.3994512 ], [ 92.7602076, 27.3991559 ], [ 92.7618706, 27.3980605 ], [ 92.7634692, 27.3974985 ], [ 92.7639627, 27.3973556 ], [ 92.7648854, 27.3973652 ], [ 92.7654004, 27.3984415 ], [ 92.7657437, 27.3986797 ], [ 92.7663445, 27.398632 ], [ 92.7671063, 27.3984987 ], [ 92.7677393, 27.3984796 ], [ 92.7685225, 27.3986797 ], [ 92.7690267, 27.3991369 ], [ 92.769531, 27.3994512 ], [ 92.770164, 27.3997084 ], [ 92.7707755, 27.399918 ], [ 92.7720737, 27.3999656 ], [ 92.773211, 27.3995846 ], [ 92.7740478, 27.3989369 ], [ 92.774713, 27.3976414 ], [ 92.7753782, 27.3972794 ], [ 92.7765798, 27.3975271 ], [ 92.7786183, 27.398994 ], [ 92.7789831, 27.3996036 ], [ 92.7794552, 27.4001751 ], [ 92.7804637, 27.4002323 ], [ 92.7812791, 27.3998894 ], [ 92.7821159, 27.4000989 ], [ 92.7831673, 27.4005752 ], [ 92.7843046, 27.4011658 ], [ 92.7852487, 27.4019849 ], [ 92.7861714, 27.4021945 ], [ 92.7869653, 27.4017373 ], [ 92.7884674, 27.4009181 ], [ 92.789948, 27.3999608 ], [ 92.7902269, 27.3997465 ], [ 92.7907151, 27.399356 ], [ 92.7913642, 27.3991416 ], [ 92.7918738, 27.3986701 ], [ 92.7920616, 27.3984511 ], [ 92.7922976, 27.39807 ], [ 92.7928394, 27.3977843 ], [ 92.7932417, 27.397851 ], [ 92.7936655, 27.3979843 ], [ 92.7943361, 27.3981605 ], [ 92.7949798, 27.398332 ], [ 92.7954304, 27.3982748 ], [ 92.79594, 27.3980748 ], [ 92.7968734, 27.3983368 ], [ 92.7973616, 27.3985463 ], [ 92.7976727, 27.3987511 ], [ 92.7979249, 27.3994369 ], [ 92.7980107, 27.3997989 ], [ 92.7981502, 27.4001799 ], [ 92.7983969, 27.4006181 ], [ 92.7987349, 27.4009705 ], [ 92.7990621, 27.4012848 ], [ 92.7994698, 27.4015515 ], [ 92.7998239, 27.401342 ], [ 92.8000814, 27.40098 ], [ 92.8003281, 27.4006419 ], [ 92.8003871, 27.4001513 ], [ 92.8002638, 27.3998417 ], [ 92.8000438, 27.3995941 ], [ 92.8001833, 27.3985606 ], [ 92.8003389, 27.3983606 ], [ 92.8006124, 27.3982272 ], [ 92.8009826, 27.3982986 ], [ 92.8026885, 27.3988559 ], [ 92.8040028, 27.3991988 ], [ 92.8042495, 27.3992798 ], [ 92.8045338, 27.3995084 ], [ 92.8048718, 27.3999322 ], [ 92.8047752, 27.4003228 ], [ 92.8046197, 27.4005704 ], [ 92.804566, 27.4008657 ], [ 92.8048021, 27.4010229 ], [ 92.8051883, 27.4011753 ], [ 92.8057033, 27.4013563 ], [ 92.806111, 27.4018611 ], [ 92.8063631, 27.4019087 ], [ 92.8065348, 27.4017706 ], [ 92.8066635, 27.4015849 ], [ 92.8067815, 27.4015658 ], [ 92.8072482, 27.4019992 ], [ 92.8073823, 27.402304 ], [ 92.8076827, 27.4026659 ], [ 92.8079081, 27.4028231 ], [ 92.8081763, 27.4027564 ], [ 92.8083909, 27.4026993 ], [ 92.8086483, 27.4026564 ], [ 92.809099, 27.4029422 ], [ 92.8094315, 27.4030565 ], [ 92.8097963, 27.4031374 ], [ 92.8103274, 27.4032184 ], [ 92.8112394, 27.403085 ], [ 92.8115398, 27.4027374 ], [ 92.8116846, 27.4022945 ], [ 92.8119528, 27.4020944 ], [ 92.8124195, 27.4018563 ], [ 92.8129345, 27.4016372 ], [ 92.813471, 27.4014706 ], [ 92.8139162, 27.4014515 ], [ 92.8147852, 27.4012991 ], [ 92.8156167, 27.4011229 ], [ 92.8161424, 27.4009752 ], [ 92.8163677, 27.4010943 ], [ 92.8166145, 27.4013944 ], [ 92.8171992, 27.4022468 ], [ 92.8174567, 27.4027469 ], [ 92.8174996, 27.4032803 ], [ 92.817446, 27.4036423 ], [ 92.8177142, 27.4040995 ], [ 92.8178751, 27.4043376 ], [ 92.8180039, 27.4047376 ], [ 92.8181648, 27.4051758 ], [ 92.8183794, 27.4055091 ], [ 92.8186154, 27.4051948 ], [ 92.8188407, 27.4050424 ], [ 92.8192484, 27.4051948 ], [ 92.8196025, 27.4053282 ], [ 92.81986, 27.4053758 ], [ 92.8206063, 27.4051795 ] ] } },
{ "type": "Feature", "properties": { "osm_id": 817209032, "tags": { "waterway": "stream" }, "inside_district": true }, "geometry": { "type": "LineString", "coordinates": [ [ 92.8358888, 27.2278826 ], [ 92.8369832, 27.228226 ], [ 92.8385067, 27.2282451 ], [ 92.8394937, 27.2277681 ], [ 92.8408026, 27.2274438 ], [ 92.841661, 27.2271766 ], [ 92.8425193, 27.2269477 ], [ 92.842927, 27.2265279 ], [ 92.8440857, 27.2262799 ], [ 92.8446436, 27.2261463 ], [ 92.8455019, 27.2263371 ], [ 92.8458237, 27.2267569 ], [ 92.8462529, 27.2273484 ], [ 92.8469181, 27.2275201 ], [ 92.8476047, 27.2276536 ], [ 92.8484845, 27.2281879 ], [ 92.8489351, 27.2289892 ], [ 92.8497934, 27.2297334 ], [ 92.8518748, 27.2313742 ], [ 92.8532696, 27.2321755 ], [ 92.8543424, 27.2329959 ], [ 92.855308, 27.233244 ], [ 92.8559518, 27.233492 ], [ 92.856617, 27.233969 ], [ 92.8573036, 27.2341598 ], [ 92.858119, 27.2341788 ], [ 92.8591275, 27.2341788 ], [ 92.8600716, 27.2341788 ], [ 92.8608012, 27.2344269 ], [ 92.8612518, 27.2348084 ], [ 92.8616166, 27.2354762 ], [ 92.8623032, 27.2360676 ], [ 92.8635049, 27.235667 ], [ 92.8642344, 27.2350755 ], [ 92.864964, 27.234465 ], [ 92.8658867, 27.2341407 ], [ 92.8670668, 27.2341216 ], [ 92.8680539, 27.2343315 ], [ 92.868483, 27.234465 ], [ 92.8688264, 27.2354953 ], [ 92.8688907, 27.2364874 ], [ 92.869513, 27.2367735 ], [ 92.8694272, 27.2372505 ], [ 92.8689122, 27.2379183 ], [ 92.8684401, 27.2383571 ], [ 92.8683114, 27.2387959 ], [ 92.8678608, 27.2394064 ], [ 92.8680324, 27.2399405 ], [ 92.868247, 27.240303 ], [ 92.868247, 27.2407037 ], [ 92.8682685, 27.2411234 ], [ 92.8676677, 27.2411806 ], [ 92.8673672, 27.2413523 ], [ 92.8677106, 27.2417148 ], [ 92.8686976, 27.2416003 ], [ 92.8695559, 27.2415431 ], [ 92.8703284, 27.2415049 ], [ 92.8709936, 27.241772 ], [ 92.8712296, 27.2422871 ], [ 92.8711009, 27.2427831 ], [ 92.8710151, 27.2435081 ], [ 92.8716159, 27.2435271 ], [ 92.8723454, 27.2432601 ], [ 92.8730106, 27.243241 ], [ 92.8739762, 27.2436988 ], [ 92.8748989, 27.2440804 ], [ 92.8760576, 27.2442711 ], [ 92.8775167, 27.2444238 ], [ 92.8793835, 27.2449198 ], [ 92.8804135, 27.2454158 ], [ 92.8819155, 27.2459881 ], [ 92.8844905, 27.2465795 ], [ 92.8852415, 27.2476287 ], [ 92.8867221, 27.2485253 ], [ 92.887516, 27.249212 ], [ 92.8886747, 27.249708 ], [ 92.8895545, 27.2505283 ], [ 92.8904128, 27.2511578 ], [ 92.8915715, 27.2515584 ], [ 92.8924513, 27.2519018 ], [ 92.8935027, 27.2523596 ], [ 92.8943962, 27.253743 ] ] } },
{ "type": "Feature", "properties": { "osm_id": 911037136, "tags": { "boat": "no", "name": "Tenga", "name:zh": "坦加帕尼河", "source": "Bing", "waterway": "river" }, "inside_district": true }, "geometry": { "type": "LineString", "coordinates": [ [ 92.3708616, 27.2085888 ], [ 92.371037, 27.208425 ], [ 92.3711607, 27.2083648 ], [ 92.3714067, 27.20829 ], [ 92.3714617, 27.2082439 ], [ 92.3717822, 27.2076481 ], [ 92.371963, 27.2073029 ] ] } },
{ "type": "Feature", "properties": { "osm_id": 911037137, "tags": { "boat": "no", "name": "Tenga", "name:zh": "坦加帕尼河", "source": "Bing", "waterway": "river" }, "inside_district": true }, "geometry": { "type": "LineString", "coordinates": [ [ 92.3715554, 27.2075987 ], [ 92.371643, 27.2072336 ], [ 92.3717045, 27.2071213 ], [ 92.3718293, 27.2069778 ], [ 92.3722903, 27.2064477 ], [ 92.3725234, 27.2062951 ], [ 92.372807, 27.2061624 ] ] } },
{ "type": "Feature", "properties": { "osm_id": 966259987, "tags": { "intermittent": "yes", "waterway": "stream" }, "inside_district": true }, "geometry": { "type": "LineString", "coordinates": [ [ 92.1248743, 27.2549273 ], [ 92.1244717, 27.2554986 ], [ 92.1238846, 27.2559161 ], [ 92.1233523, 27.2561527 ], [ 92.1229139, 27.256271 ], [ 92.122546, 27.2563058 ], [ 92.122319, 27.2568138 ], [ 92.1220137, 27.2572731 ], [ 92.121771, 27.2577603 ], [ 92.1215909, 27.2581848 ], [ 92.1215831, 27.2582752 ], [ 92.1214657, 27.2587345 ], [ 92.1214813, 27.2590268 ], [ 92.1211995, 27.2593678 ], [ 92.1213874, 27.2599175 ], [ 92.1214422, 27.260516 ], [ 92.1215361, 27.2609475 ], [ 92.1216301, 27.2614763 ], [ 92.1217945, 27.2620609 ], [ 92.1218962, 27.2625271 ], [ 92.1218962, 27.2628333 ], [ 92.1218962, 27.2634248 ], [ 92.1218962, 27.2638771 ], [ 92.1218884, 27.2640998 ], [ 92.1219902, 27.2645799 ], [ 92.1219745, 27.2649139 ], [ 92.1220841, 27.265401 ], [ 92.1221624, 27.2658742 ], [ 92.1221781, 27.2662012 ], [ 92.1219119, 27.266577 ], [ 92.121771, 27.2669319 ], [ 92.1215909, 27.2672241 ], [ 92.1218414, 27.267419 ], [ 92.122045, 27.2675233 ], [ 92.122045, 27.2678086 ], [ 92.1220528, 27.2681844 ], [ 92.1220371, 27.2685671 ], [ 92.1219354, 27.2689428 ], [ 92.1219667, 27.2694786 ], [ 92.1220919, 27.2700075 ], [ 92.1219902, 27.2709468 ], [ 92.1216144, 27.2714756 ], [ 92.1213483, 27.2721993 ], [ 92.1209725, 27.27325 ] ] } },
{ "type": "Feature", "properties": { "osm_id": 966259989, "tags": { "intermittent": "yes", "waterway": "stream" }, "inside_district": true }, "geometry": { "type": "LineString", "coordinates": [ [ 92.1026097, 27.2388263 ], [ 92.1020003, 27.2395151 ], [ 92.1017546, 27.2398412 ], [ 92.101541, 27.2401735 ], [ 92.1013511, 27.2406271 ], [ 92.1012918, 27.2411177 ], [ 92.1010367, 27.2415133 ], [ 92.1007697, 27.2417559 ], [ 92.1005028, 27.2423045 ], [ 92.100396, 27.2426685 ], [ 92.1000222, 27.2431432 ], [ 92.0998858, 27.2433647 ], [ 92.0998739, 27.2437867 ], [ 92.0998798, 27.2441295 ], [ 92.0997018, 27.2444724 ], [ 92.0998976, 27.2449893 ], [ 92.0999391, 27.2454113 ], [ 92.0999273, 27.2457014 ], [ 92.0996722, 27.2458438 ], [ 92.0997018, 27.2462077 ], [ 92.0996722, 27.2464556 ], [ 92.0993874, 27.2465927 ], [ 92.0992687, 27.2469198 ], [ 92.0993281, 27.2471835 ], [ 92.0994052, 27.2474683 ], [ 92.099334, 27.2478217 ], [ 92.0995713, 27.2482647 ], [ 92.0997493, 27.248655 ], [ 92.1000103, 27.2489979 ], [ 92.1001705, 27.2492774 ], [ 92.1001409, 27.2496888 ], [ 92.0998858, 27.2502532 ], [ 92.0997968, 27.2505433 ], [ 92.0996188, 27.2508544 ], [ 92.0996544, 27.251039 ], [ 92.0995239, 27.251366 ], [ 92.0996544, 27.2516667 ], [ 92.0998086, 27.2519884 ], [ 92.099862, 27.2523734 ], [ 92.0999095, 27.2527426 ], [ 92.0999569, 27.2532489 ], [ 92.1000281, 27.2535707 ], [ 92.1002892, 27.2539082 ], [ 92.1004138, 27.2540401 ], [ 92.1005858, 27.2542405 ], [ 92.1008884, 27.2542721 ], [ 92.1009714, 27.2541297 ], [ 92.1009952, 27.2539187 ], [ 92.1012147, 27.2538555 ], [ 92.1014164, 27.2539082 ], [ 92.1015944, 27.253982 ], [ 92.1018792, 27.2540453 ], [ 92.1021877, 27.2540717 ], [ 92.1024131, 27.2540295 ], [ 92.102508, 27.2542985 ], [ 92.1025436, 27.2545991 ], [ 92.1025733, 27.2548259 ], [ 92.1026919, 27.2549894 ], [ 92.1028877, 27.2549841 ], [ 92.1030776, 27.2548892 ], [ 92.1033327, 27.2549472 ], [ 92.1035522, 27.255058 ], [ 92.1038073, 27.255021 ], [ 92.1040031, 27.2550949 ], [ 92.1041395, 27.2551951 ], [ 92.1042107, 27.2555115 ], [ 92.1042641, 27.2557752 ], [ 92.1043175, 27.2561128 ], [ 92.1043709, 27.2564345 ], [ 92.1043531, 27.2567035 ], [ 92.1041692, 27.2568459 ], [ 92.1039497, 27.2570093 ], [ 92.1036946, 27.2570832 ], [ 92.1036293, 27.2573996 ], [ 92.1035285, 27.2577213 ], [ 92.1033861, 27.2579534 ], [ 92.1032734, 27.2582224 ], [ 92.1031725, 27.2584333 ], [ 92.103036, 27.2587867 ], [ 92.1027631, 27.2588289 ], [ 92.1025555, 27.2589976 ], [ 92.1024131, 27.2592138 ], [ 92.1021877, 27.2593193 ], [ 92.10198, 27.259467 ], [ 92.1019266, 27.2597201 ], [ 92.1019385, 27.2598836 ], [ 92.1019563, 27.2602423 ], [ 92.1019622, 27.260469 ], [ 92.1021283, 27.2605956 ], [ 92.1023419, 27.2607644 ], [ 92.1024428, 27.2609278 ], [ 92.1026089, 27.2611441 ], [ 92.1026623, 27.2614183 ], [ 92.1027038, 27.2618086 ], [ 92.102775, 27.2621461 ], [ 92.1028047, 27.2625047 ], [ 92.1028047, 27.2627895 ], [ 92.1030123, 27.2630637 ], [ 92.1030716, 27.2634434 ], [ 92.1031013, 27.2637493 ], [ 92.1030954, 27.2640288 ], [ 92.1031844, 27.2642397 ], [ 92.1033505, 27.2646247 ], [ 92.1035403, 27.2649411 ], [ 92.1036886, 27.2652892 ], [ 92.1038192, 27.2657796 ], [ 92.1038488, 27.266191 ], [ 92.1037242, 27.2667183 ], [ 92.1038192, 27.2669767 ], [ 92.1038963, 27.2674988 ], [ 92.1039497, 27.2677625 ], [ 92.1039616, 27.2678852 ], [ 92.1039077, 27.268148 ] ] } },
{ "type": "Feature", "properties": { "osm_id": 966261165, "tags": { "waterway": "stream" }, "inside_district": true }, "geometry": { "type": "LineString", "coordinates": [ [ 92.109107, 27.2304963 ], [ 92.1091606, 27.2301719 ], [ 92.1091392, 27.229838 ], [ 92.1090426, 27.2293801 ], [ 92.1088924, 27.2290271 ], [ 92.1086671, 27.2286169 ], [ 92.1084954, 27.2283116 ], [ 92.1083881, 27.2279968 ], [ 92.108313, 27.2277011 ], [ 92.1079268, 27.2271954 ], [ 92.1076908, 27.2269221 ], [ 92.1074976, 27.2266898 ], [ 92.1072187, 27.2264451 ], [ 92.1069076, 27.2261651 ], [ 92.1064891, 27.2259681 ], [ 92.1060707, 27.2258441 ], [ 92.1057274, 27.2256595 ], [ 92.1054055, 27.2253637 ], [ 92.1052293, 27.2251531 ] ] } },
{ "type": "Feature", "properties": { "osm_id": 966535995, "tags": { "waterway": "river" }, "inside_district": true }, "geometry": { "type": "LineString", "coordinates": [ [ 92.0649493, 27.3270614 ], [ 92.0654957, 27.3268622 ], [ 92.06611, 27.3266108 ], [ 92.0662855, 27.3262876 ], [ 92.066304, 27.3259274 ], [ 92.0664095, 27.3252751 ], [ 92.0664858, 27.3250077 ], [ 92.0668017, 27.3247366 ], [ 92.0671444, 27.3246344 ], [ 92.0673198, 27.3243481 ], [ 92.067874, 27.3240249 ], [ 92.0682341, 27.3236832 ], [ 92.0685574, 27.3230921 ], [ 92.068816, 27.3228705 ], [ 92.0698318, 27.3226396 ], [ 92.0699519, 27.3225657 ], [ 92.0701828, 27.3222887 ], [ 92.0704229, 27.3219562 ], [ 92.0706353, 27.3216699 ], [ 92.071134, 27.3215498 ], [ 92.0712633, 27.321476 ], [ 92.0713741, 27.3213097 ], [ 92.0717343, 27.3210604 ], [ 92.0718267, 27.3209495 ], [ 92.0718636, 27.320691 ], [ 92.0720668, 27.3204047 ], [ 92.0722816, 27.3202587 ], [ 92.0724916, 27.3201091 ], [ 92.0727872, 27.3197305 ], [ 92.0728703, 27.319555 ], [ 92.0728703, 27.3192595 ], [ 92.0729349, 27.3188901 ], [ 92.0731381, 27.3186499 ], [ 92.073175, 27.3184283 ], [ 92.0733782, 27.3183267 ], [ 92.073803, 27.3179111 ], [ 92.074117, 27.317514 ], [ 92.0743845, 27.3170827 ], [ 92.0750683, 27.3162026 ], [ 92.0753176, 27.3160548 ], [ 92.0754931, 27.3156946 ], [ 92.0757579, 27.3154089 ], [ 92.0759179, 27.3150851 ], [ 92.0761858, 27.3146972 ], [ 92.0768692, 27.3142539 ], [ 92.0775341, 27.3136721 ], [ 92.0780513, 27.313238 ], [ 92.0782914, 27.3127578 ], [ 92.0783849, 27.3120735 ], [ 92.0783901, 27.3117983 ], [ 92.0787624, 27.3118989 ], [ 92.0790487, 27.3119543 ], [ 92.0796213, 27.3118805 ], [ 92.0799907, 27.3116957 ], [ 92.0800283, 27.3115297 ], [ 92.0801662, 27.3112986 ], [ 92.0803694, 27.3110862 ], [ 92.0806095, 27.3109569 ], [ 92.0808496, 27.310763 ], [ 92.0811082, 27.3104213 ], [ 92.0812652, 27.3101165 ], [ 92.0815238, 27.3100796 ], [ 92.0818101, 27.3100611 ], [ 92.082004, 27.309978 ], [ 92.0822164, 27.3098671 ], [ 92.0825027, 27.309627 ], [ 92.0826874, 27.3095254 ], [ 92.0831769, 27.30935 ], [ 92.0836848, 27.3090637 ], [ 92.0840543, 27.3088143 ], [ 92.0842851, 27.308565 ], [ 92.0843683, 27.3083618 ], [ 92.084359, 27.3080755 ], [ 92.0844514, 27.3079093 ], [ 92.0846084, 27.3076784 ], [ 92.0847284, 27.3075676 ], [ 92.08483, 27.307429 ], [ 92.0848947, 27.3073367 ], [ 92.084987, 27.3072905 ], [ 92.0851163, 27.3072351 ], [ 92.0852641, 27.3071335 ], [ 92.0853841, 27.3070504 ], [ 92.085458, 27.3069765 ], [ 92.0855873, 27.3069211 ], [ 92.0857166, 27.3069673 ], [ 92.0858367, 27.3069673 ], [ 92.0859383, 27.306958 ], [ 92.0860306, 27.3069303 ], [ 92.0861045, 27.3068564 ], [ 92.0862246, 27.3067271 ], [ 92.0863538, 27.3065701 ], [ 92.086437, 27.3064224 ], [ 92.0864924, 27.3063393 ], [ 92.0866032, 27.3062746 ], [ 92.0868341, 27.3062746 ], [ 92.0869726, 27.3062561 ], [ 92.0870188, 27.3062377 ], [ 92.0871296, 27.3061823 ], [ 92.087185, 27.3060899 ], [ 92.0872035, 27.3059606 ], [ 92.087185, 27.3059052 ], [ 92.0872035, 27.3058036 ], [ 92.0873143, 27.3056651 ], [ 92.087536, 27.305425 ], [ 92.0877484, 27.3052218 ], [ 92.0879793, 27.3051294 ], [ 92.0881455, 27.3050555 ], [ 92.0882009, 27.3049817 ], [ 92.0882656, 27.3048616 ], [ 92.0883764, 27.3047692 ], [ 92.0886073, 27.3047323 ], [ 92.0887827, 27.3047231 ], [ 92.089106, 27.3047138 ], [ 92.0893738, 27.3046954 ], [ 92.08954, 27.3046769 ], [ 92.0897524, 27.3045753 ], [ 92.0900387, 27.3043721 ], [ 92.0902235, 27.3043075 ], [ 92.0904174, 27.3043075 ], [ 92.0905744, 27.3042336 ], [ 92.0907683, 27.3040858 ], [ 92.0908699, 27.3040581 ], [ 92.091147, 27.3041228 ], [ 92.0915072, 27.3042151 ], [ 92.0918212, 27.3042798 ], [ 92.0920982, 27.3042705 ], [ 92.0924399, 27.3041967 ], [ 92.0927539, 27.304132 ], [ 92.0929386, 27.3040027 ], [ 92.0931326, 27.3038734 ], [ 92.0934466, 27.3038549 ], [ 92.0938345, 27.3039381 ], [ 92.0941485, 27.3039842 ], [ 92.0942962, 27.3039935 ], [ 92.0944532, 27.3039842 ], [ 92.0946934, 27.3039104 ], [ 92.0950074, 27.3037811 ], [ 92.0954506, 27.3037718 ], [ 92.0959124, 27.3038457 ], [ 92.0964111, 27.3038734 ], [ 92.0967067, 27.3038549 ], [ 92.096956, 27.3036518 ], [ 92.0971592, 27.3035871 ], [ 92.0972608, 27.3034117 ], [ 92.0977225, 27.3031254 ], [ 92.0988308, 27.3028391 ], [ 92.0990801, 27.3028668 ], [ 92.0994034, 27.3028391 ], [ 92.099782, 27.3026728 ], [ 92.1002161, 27.3024697 ], [ 92.1005116, 27.3023219 ], [ 92.1008533, 27.3022018 ], [ 92.1013797, 27.3019709 ], [ 92.1017122, 27.3018139 ], [ 92.1019893, 27.3015923 ], [ 92.1022109, 27.3012783 ], [ 92.1023771, 27.3011305 ], [ 92.1025434, 27.3010936 ], [ 92.1027004, 27.3010012 ], [ 92.1028112, 27.3009274 ], [ 92.1029959, 27.3008719 ], [ 92.1032453, 27.3008442 ], [ 92.1034577, 27.3008258 ], [ 92.1037163, 27.3007888 ], [ 92.1037717, 27.3007334 ], [ 92.1038086, 27.3004194 ], [ 92.1038363, 27.3002716 ], [ 92.1039379, 27.3001239 ], [ 92.104058, 27.2999484 ], [ 92.1042242, 27.2997452 ], [ 92.1043258, 27.2994866 ], [ 92.1044736, 27.2993204 ], [ 92.1046121, 27.299108 ], [ 92.1047414, 27.2989418 ], [ 92.1048614, 27.2988032 ], [ 92.1050831, 27.2986647 ], [ 92.1053694, 27.2984708 ], [ 92.1056926, 27.2982214 ], [ 92.1059789, 27.2981013 ], [ 92.1062929, 27.2980829 ], [ 92.1065515, 27.2979628 ], [ 92.1067732, 27.2977689 ], [ 92.1069856, 27.2975934 ], [ 92.1071795, 27.2974179 ], [ 92.107512, 27.2971409 ], [ 92.1078445, 27.2969931 ], [ 92.1084078, 27.2966976 ], [ 92.1087403, 27.2965867 ], [ 92.1090173, 27.2964852 ], [ 92.1092575, 27.296402 ], [ 92.1093406, 27.2963651 ], [ 92.1094514, 27.2963005 ], [ 92.1096638, 27.2962173 ], [ 92.1098578, 27.2962173 ], [ 92.1100794, 27.2961989 ], [ 92.1103934, 27.296125 ], [ 92.1105966, 27.2960142 ], [ 92.1108736, 27.2958202 ], [ 92.1110491, 27.295617 ], [ 92.1111599, 27.295497 ], [ 92.1118064, 27.2953677 ], [ 92.1122589, 27.2952476 ], [ 92.1126099, 27.2951368 ], [ 92.1128131, 27.2949983 ], [ 92.1129793, 27.2948228 ], [ 92.1130717, 27.294675 ], [ 92.1130901, 27.2945457 ], [ 92.1130439, 27.2944164 ], [ 92.1130901, 27.2942133 ], [ 92.1132379, 27.2940747 ], [ 92.1134226, 27.2939177 ], [ 92.1135519, 27.2938439 ], [ 92.1137828, 27.2936222 ], [ 92.1139767, 27.2934837 ], [ 92.1141152, 27.293456 ], [ 92.1142445, 27.2934467 ], [ 92.1144108, 27.293419 ], [ 92.1145124, 27.2933636 ], [ 92.1146509, 27.2932436 ], [ 92.1147248, 27.2931789 ], [ 92.1150295, 27.2930589 ], [ 92.1153066, 27.2929757 ], [ 92.1157222, 27.2928834 ], [ 92.116027, 27.2928372 ], [ 92.1161655, 27.2928003 ], [ 92.1162855, 27.2927448 ], [ 92.1163594, 27.2926156 ], [ 92.1164795, 27.2925417 ], [ 92.1162473, 27.2921118 ], [ 92.1163704, 27.2919322 ], [ 92.1165026, 27.2918447 ], [ 92.1166275, 27.2917761 ], [ 92.1167553, 27.2917793 ], [ 92.1169652, 27.2917129 ], [ 92.1171721, 27.291692 ], [ 92.1172183, 27.2916366 ], [ 92.1173107, 27.2916181 ], [ 92.1176247, 27.2916089 ], [ 92.1178001, 27.2915904 ], [ 92.1179479, 27.2915258 ], [ 92.1180403, 27.291415 ], [ 92.118188, 27.2909532 ], [ 92.118382, 27.2907593 ], [ 92.1187606, 27.2904637 ], [ 92.1190839, 27.2902051 ], [ 92.1192131, 27.2901774 ], [ 92.1193424, 27.2901405 ], [ 92.1195271, 27.2900112 ], [ 92.1197396, 27.2898265 ], [ 92.1198319, 27.2896972 ], [ 92.1199704, 27.2894755 ], [ 92.1202013, 27.2892816 ], [ 92.1206077, 27.2889676 ], [ 92.1207554, 27.2888845 ], [ 92.1209124, 27.2888568 ], [ 92.1210325, 27.2888383 ], [ 92.1211433, 27.2887552 ], [ 92.1213003, 27.288552 ], [ 92.1215866, 27.2880718 ], [ 92.1217898, 27.2877947 ], [ 92.1219837, 27.2876285 ], [ 92.1221962, 27.2875084 ], [ 92.1222793, 27.2874253 ], [ 92.1223901, 27.2872683 ], [ 92.1224917, 27.2871759 ], [ 92.1225748, 27.2870744 ], [ 92.1226395, 27.2869635 ], [ 92.1227041, 27.2868619 ], [ 92.1229165, 27.2867604 ], [ 92.1231105, 27.2865849 ], [ 92.1231843, 27.2864833 ], [ 92.123212, 27.2864002 ], [ 92.1232213, 27.2862524 ], [ 92.1231659, 27.2861693 ], [ 92.1231566, 27.2859107 ], [ 92.1230828, 27.2858091 ], [ 92.1229904, 27.2856521 ], [ 92.122935, 27.2855413 ], [ 92.1228426, 27.2854766 ], [ 92.1226764, 27.2853474 ], [ 92.1225933, 27.2852088 ], [ 92.1225471, 27.2850334 ], [ 92.1225933, 27.2849225 ], [ 92.1227687, 27.2848117 ], [ 92.1228888, 27.2847471 ], [ 92.1229996, 27.2847101 ], [ 92.1231474, 27.284627 ], [ 92.1233598, 27.2844792 ], [ 92.123563, 27.2842114 ], [ 92.1235907, 27.2840082 ], [ 92.1235907, 27.2837773 ], [ 92.1235907, 27.2836481 ], [ 92.1235353, 27.2835372 ], [ 92.1235076, 27.2833987 ], [ 92.1234891, 27.2832879 ], [ 92.1234983, 27.2831309 ], [ 92.123563, 27.2830847 ], [ 92.1238031, 27.2830755 ], [ 92.1240248, 27.2829923 ], [ 92.124154, 27.2827984 ], [ 92.1242095, 27.2827615 ], [ 92.124348, 27.2826783 ], [ 92.1244496, 27.282586 ], [ 92.1245973, 27.2822997 ], [ 92.1246897, 27.2821242 ], [ 92.1248994, 27.2820295 ], [ 92.1249951, 27.2819244 ], [ 92.1250985, 27.281882 ], [ 92.1251765, 27.2818494 ], [ 92.1252321, 27.2817698 ] ] } },
{ "type": "Feature", "properties": { "osm_id": 973067080, "tags": { "name": "Jampani River", "ref": "STR22", "waterway": "river" }, "inside_district": true }, "geometry": { "type": "LineString", "coordinates": [ [ 92.1151938, 26.8942411 ], [ 92.1154862, 26.8937366 ], [ 92.1157327, 26.8935581 ], [ 92.116007, 26.8935334 ] ] } },
{ "type": "Feature", "properties": { "osm_id": 999617903, "tags": { "alt_name": "Warriyang Bung", "name": "Wapra Bung", "name:njz": "Wapriya Bung", "name:suv": "Kawang Kwa Pi", "waterway": "river" }, "inside_district": true }, "geometry": { "type": "LineString", "coordinates": [ [ 92.7384369, 27.8283641 ], [ 92.7384733, 27.8283414 ], [ 92.7384967, 27.828331 ], [ 92.7385237, 27.8282917 ], [ 92.7386325, 27.8282256 ], [ 92.7386659, 27.8281972 ], [ 92.7387072, 27.828179 ], [ 92.7387554, 27.8281442 ], [ 92.7387744, 27.8281085 ], [ 92.7388112, 27.8280922 ], [ 92.7388556, 27.8280223 ], [ 92.7388824, 27.8279874 ], [ 92.738901, 27.8279425 ], [ 92.7389286, 27.8279072 ], [ 92.7389477, 27.8278711 ], [ 92.7389758, 27.8278447 ], [ 92.7390143, 27.8278274 ], [ 92.7390666, 27.8277538 ], [ 92.739079, 27.8277072 ], [ 92.7390996, 27.8276705 ], [ 92.7391037, 27.8276235 ], [ 92.7391265, 27.8275772 ], [ 92.7391395, 27.8275308 ], [ 92.7391696, 27.8274944 ], [ 92.7392683, 27.8274019 ], [ 92.7393116, 27.8273834 ], [ 92.7393668, 27.8273464 ], [ 92.7394125, 27.8273003 ], [ 92.7394638, 27.8272731 ], [ 92.7394854, 27.8272457 ], [ 92.7395249, 27.8272186 ], [ 92.7395619, 27.8272008 ], [ 92.7395892, 27.8272012 ], [ 92.7396765, 27.827128 ], [ 92.7397191, 27.8271007 ], [ 92.7397514, 27.8270734 ], [ 92.7397787, 27.827037 ], [ 92.739796, 27.8270004 ], [ 92.7398206, 27.8269727 ], [ 92.7399023, 27.8269721 ], [ 92.7399316, 27.8269442 ], [ 92.7399629, 27.82687 ], [ 92.7399844, 27.826833 ], [ 92.7400156, 27.8268052 ], [ 92.7400562, 27.8267771 ], [ 92.7400964, 27.8267581 ], [ 92.7401478, 27.826702 ], [ 92.7401573, 27.8266644 ], [ 92.7401864, 27.8266168 ], [ 92.740216, 27.8265786 ], [ 92.7402254, 27.8265406 ], [ 92.7402655, 27.8264831 ], [ 92.7402955, 27.8264256 ], [ 92.7403162, 27.8264064 ], [ 92.7403476, 27.8263495 ], [ 92.7403891, 27.8263109 ], [ 92.7404099, 27.8262821 ], [ 92.7404409, 27.8262528 ], [ 92.7405138, 27.826156 ], [ 92.7405139, 27.8261467 ], [ 92.7406665, 27.8259615 ], [ 92.7406873, 27.8258468 ], [ 92.7407078, 27.8258071 ], [ 92.7407492, 27.8257658 ], [ 92.7407912, 27.8257537 ], [ 92.7408332, 27.8257126 ], [ 92.740865, 27.8256628 ], [ 92.7408647, 27.8255947 ], [ 92.7408537, 27.8255462 ], [ 92.7408106, 27.8255177 ], [ 92.7408105, 27.8253349 ], [ 92.7408214, 27.8252964 ], [ 92.7408537, 27.8252576 ], [ 92.7408967, 27.8252177 ], [ 92.7409397, 27.8251969 ], [ 92.7410371, 27.8251278 ], [ 92.7410697, 27.8250987 ], [ 92.7411131, 27.8250696 ], [ 92.7411457, 27.8250598 ], [ 92.7411675, 27.8250216 ], [ 92.7412218, 27.8249821 ], [ 92.7412544, 27.8249418 ], [ 92.7415288, 27.8247476 ], [ 92.7415485, 27.8247014 ], [ 92.7415798, 27.8246641 ], [ 92.7416118, 27.8246359 ], [ 92.7416548, 27.8246076 ], [ 92.7416757, 27.8245698 ], [ 92.7417184, 27.8245224 ], [ 92.7417395, 27.8244845 ], [ 92.7418363, 27.8243893 ], [ 92.7418697, 27.8243405 ], [ 92.741918, 27.8242499 ], [ 92.7419397, 27.8242308 ], [ 92.7419734, 27.8241915 ], [ 92.7420159, 27.8241732 ], [ 92.7421741, 27.8241202 ], [ 92.7422191, 27.8240902 ], [ 92.7422607, 27.8240922 ], [ 92.7423783, 27.824066 ], [ 92.7424656, 27.8240279 ], [ 92.7425091, 27.8239507 ], [ 92.7425415, 27.8238249 ], [ 92.7425631, 27.8237864 ], [ 92.7425742, 27.8237475 ], [ 92.7426641, 27.8236197 ], [ 92.7427509, 27.8235138 ], [ 92.7428274, 27.8233975 ], [ 92.7428705, 27.8233203 ], [ 92.7429022, 27.8232822 ], [ 92.7429557, 27.8232442 ], [ 92.7430548, 27.8232055 ], [ 92.7430884, 27.8231858 ], [ 92.743111, 27.8231562 ], [ 92.7431555, 27.823117 ], [ 92.7432209, 27.8230394 ], [ 92.7432642, 27.8230106 ], [ 92.7432971, 27.823001 ], [ 92.7433522, 27.8229718 ], [ 92.7433963, 27.8229623 ], [ 92.7434406, 27.8229231 ], [ 92.7434739, 27.8228347 ], [ 92.743485, 27.8227855 ], [ 92.7434851, 27.8227362 ], [ 92.7434963, 27.822687 ], [ 92.7435409, 27.8226083 ], [ 92.7436967, 27.8224209 ], [ 92.743719, 27.8223815 ], [ 92.7437192, 27.8223422 ], [ 92.743753, 27.8222543 ], [ 92.7437531, 27.8222348 ], [ 92.7438539, 27.8219462 ], [ 92.743887, 27.8218798 ], [ 92.7439312, 27.8217444 ], [ 92.7439534, 27.8216942 ], [ 92.7440197, 27.821615 ], [ 92.744042, 27.8215651 ], [ 92.7440421, 27.8215452 ], [ 92.7441093, 27.8214141 ], [ 92.7441882, 27.8213594 ], [ 92.7442331, 27.8213479 ], [ 92.7442557, 27.8213077 ], [ 92.7443116, 27.8212287 ], [ 92.7443338, 27.8211703 ], [ 92.7443445, 27.8211226 ], [ 92.7443663, 27.8210851 ], [ 92.744377, 27.8210572 ], [ 92.7444214, 27.8210084 ], [ 92.7444215, 27.8209688 ], [ 92.7444442, 27.8209184 ], [ 92.7444894, 27.8208379 ], [ 92.7445346, 27.8208067 ], [ 92.7445797, 27.8207856 ], [ 92.7446357, 27.8207849 ], [ 92.7446805, 27.8207648 ], [ 92.744703, 27.8207643 ], [ 92.7447363, 27.8207352 ], [ 92.7449362, 27.8206361 ], [ 92.744991, 27.8206173 ], [ 92.7450351, 27.8205883 ], [ 92.7450673, 27.8205598 ], [ 92.7451539, 27.8205031 ], [ 92.7451865, 27.8204645 ], [ 92.7452578, 27.8203917 ], [ 92.74533, 27.8203282 ], [ 92.7453503, 27.8203003 ], [ 92.7453893, 27.8202657 ], [ 92.7454271, 27.8202421 ], [ 92.7454463, 27.820225 ], [ 92.7454657, 27.820178 ], [ 92.7454988, 27.8201587 ], [ 92.7455428, 27.8201099 ], [ 92.7455643, 27.820071 ], [ 92.745642, 27.8200023 ], [ 92.7456736, 27.8199644 ], [ 92.7457169, 27.819876 ], [ 92.745752, 27.8198151 ], [ 92.7457638, 27.8197748 ], [ 92.7457666, 27.8197328 ], [ 92.7458226, 27.8196334 ], [ 92.7458563, 27.8195836 ], [ 92.7458681, 27.8195534 ], [ 92.7459125, 27.819504 ], [ 92.7459364, 27.8194533 ], [ 92.7459923, 27.8194038 ], [ 92.746037, 27.8193542 ], [ 92.7461059, 27.8192438 ], [ 92.7461289, 27.8192137 ], [ 92.7461715, 27.8191751 ], [ 92.7462322, 27.8191389 ], [ 92.7462321, 27.8191288 ], [ 92.7462832, 27.8190814 ], [ 92.7462946, 27.8190309 ], [ 92.7463177, 27.8189904 ], [ 92.7463426, 27.8188886 ], [ 92.7463889, 27.8187975 ], [ 92.7463896, 27.8187671 ], [ 92.7464231, 27.8187168 ], [ 92.7464364, 27.8186459 ], [ 92.7464601, 27.8186055 ], [ 92.746494, 27.8185653 ], [ 92.746506, 27.8185351 ], [ 92.7465288, 27.8184444 ], [ 92.7466372, 27.8182614 ], [ 92.7466404, 27.8180602 ], [ 92.7466519, 27.8180097 ], [ 92.7466842, 27.8179779 ], [ 92.7467285, 27.8179565 ], [ 92.7467529, 27.817917 ], [ 92.7467882, 27.8178876 ], [ 92.7468347, 27.8178579 ], [ 92.7469811, 27.8177225 ], [ 92.7470956, 27.8175274 ], [ 92.7471646, 27.817486 ], [ 92.7471987, 27.8174432 ], [ 92.7472331, 27.8174211 ], [ 92.7472797, 27.8173098 ], [ 92.7473031, 27.8172197 ], [ 92.7473033, 27.8171395 ], [ 92.7473266, 27.8170803 ], [ 92.7473501, 27.816995 ], [ 92.747419, 27.8169126 ], [ 92.747465, 27.8168896 ], [ 92.7474995, 27.8168581 ], [ 92.7475458, 27.8168343 ], [ 92.7476039, 27.816759 ], [ 92.7476501, 27.8166579 ], [ 92.747673, 27.8166187 ], [ 92.7478005, 27.8165244 ], [ 92.7478121, 27.8165042 ], [ 92.7478588, 27.8164611 ], [ 92.7479043, 27.8163729 ], [ 92.7479159, 27.8163627 ], [ 92.7480866, 27.8161413 ], [ 92.7481019, 27.8160786 ], [ 92.748121, 27.8160249 ], [ 92.7481374, 27.8159825 ], [ 92.7481607, 27.8159417 ], [ 92.7481874, 27.8158592 ], [ 92.7482369, 27.8157769 ], [ 92.7482997, 27.8156567 ], [ 92.7483577, 27.8155826 ], [ 92.748399, 27.8155405 ], [ 92.7484413, 27.8155211 ], [ 92.7484729, 27.8154813 ], [ 92.7485358, 27.8154343 ], [ 92.7485834, 27.8154058 ], [ 92.7486227, 27.8153971 ], [ 92.7486414, 27.8153775 ], [ 92.7486856, 27.8153597 ], [ 92.7487216, 27.8153308 ], [ 92.7487553, 27.8152897 ], [ 92.748783, 27.8152476 ], [ 92.7488115, 27.8151951 ], [ 92.7488228, 27.8151642 ], [ 92.7489222, 27.8150409 ], [ 92.7490048, 27.8149891 ], [ 92.7490888, 27.8149167 ], [ 92.7491217, 27.8148754 ], [ 92.7491895, 27.8148134 ], [ 92.7492333, 27.8147927 ], [ 92.7492876, 27.8147928 ], [ 92.7493421, 27.8147616 ], [ 92.7493763, 27.8147512 ], [ 92.7494223, 27.8147513 ], [ 92.7495236, 27.8147099 ], [ 92.7495719, 27.8146997 ], [ 92.7496316, 27.8146686 ], [ 92.7496526, 27.8146685 ], [ 92.749707, 27.8146266 ], [ 92.7497736, 27.8145428 ], [ 92.7498198, 27.8145009 ], [ 92.7498433, 27.81448 ], [ 92.7498896, 27.8144485 ], [ 92.7499242, 27.814417 ], [ 92.7499699, 27.8143852 ], [ 92.7500037, 27.8143534 ], [ 92.7500483, 27.8142371 ], [ 92.7500831, 27.8141843 ], [ 92.7501075, 27.8141005 ], [ 92.7501082, 27.8140378 ], [ 92.750132, 27.8140063 ], [ 92.7501462, 27.8139552 ], [ 92.7502067, 27.8138825 ], [ 92.7502506, 27.8138698 ], [ 92.7503545, 27.8138255 ], [ 92.750378, 27.8138254 ], [ 92.7506048, 27.8136892 ], [ 92.7506639, 27.8136572 ], [ 92.7506994, 27.8136147 ], [ 92.7508189, 27.8135416 ], [ 92.7509022, 27.8135099 ], [ 92.7509617, 27.8134677 ], [ 92.7510206, 27.8134347 ], [ 92.7511034, 27.8134013 ], [ 92.7511863, 27.8133994 ], [ 92.7512697, 27.8133769 ], [ 92.7513174, 27.8133551 ], [ 92.7513533, 27.8133335 ], [ 92.751449, 27.8133007 ], [ 92.7514969, 27.8132684 ], [ 92.7515569, 27.813247 ], [ 92.7515809, 27.8132266 ], [ 92.7516529, 27.8131855 ], [ 92.7516768, 27.8131658 ], [ 92.7517482, 27.8130866 ], [ 92.7517959, 27.8130664 ], [ 92.7519033, 27.8130446 ], [ 92.7519513, 27.8130222 ], [ 92.7519875, 27.8130206 ], [ 92.7523759, 27.8127201 ], [ 92.752388, 27.812688 ], [ 92.7524496, 27.8126421 ], [ 92.7524864, 27.8125979 ], [ 92.7525362, 27.8125731 ], [ 92.7525735, 27.8125495 ], [ 92.7526458, 27.812486 ], [ 92.7527181, 27.812444 ], [ 92.7527548, 27.8123898 ], [ 92.7527934, 27.8123531 ], [ 92.7528359, 27.8122979 ], [ 92.7528748, 27.8122394 ], [ 92.7529125, 27.8121726 ], [ 92.7529637, 27.8121356 ], [ 92.7530025, 27.8120993 ], [ 92.7530649, 27.8120648 ], [ 92.7531295, 27.811983 ], [ 92.7531567, 27.8119239 ], [ 92.7531981, 27.8118504 ], [ 92.7531969, 27.8117439 ], [ 92.7532244, 27.811695 ], [ 92.7532239, 27.8116523 ], [ 92.7532361, 27.8115982 ], [ 92.7532419, 27.8115459 ], [ 92.7532371, 27.8115123 ], [ 92.7532601, 27.8114721 ], [ 92.7532719, 27.8114621 ], [ 92.7533457, 27.8113325 ], [ 92.7533916, 27.8113033 ], [ 92.7534862, 27.8112528 ], [ 92.7535404, 27.8112278 ], [ 92.7536024, 27.8112077 ], [ 92.753627, 27.8111642 ], [ 92.7536656, 27.811119 ], [ 92.7537129, 27.8110995 ], [ 92.7538141, 27.8110099 ], [ 92.7538649, 27.8109865 ], [ 92.7539123, 27.8109451 ], [ 92.7539581, 27.8109164 ], [ 92.7540044, 27.8108763 ], [ 92.7540384, 27.810836 ], [ 92.7540603, 27.8107954 ], [ 92.7541059, 27.810745 ], [ 92.7541403, 27.8106933 ], [ 92.7541998, 27.8106414 ], [ 92.754234, 27.8106009 ], [ 92.7543314, 27.8105155 ], [ 92.754344, 27.8104711 ], [ 92.7543695, 27.8104154 ], [ 92.7544071, 27.81036 ], [ 92.7544319, 27.810305 ], [ 92.7544805, 27.8102734 ], [ 92.7545049, 27.810241 ], [ 92.7545552, 27.8102077 ], [ 92.7545801, 27.8101636 ], [ 92.754628, 27.8101217 ], [ 92.7546515, 27.8100679 ], [ 92.7546761, 27.8100352 ], [ 92.7547018, 27.8099678 ], [ 92.7547273, 27.8098675 ], [ 92.7547518, 27.8098348 ], [ 92.7547796, 27.8097211 ], [ 92.7547827, 27.809674 ], [ 92.7548119, 27.8095488 ], [ 92.7548363, 27.8095051 ], [ 92.7548622, 27.8094271 ], [ 92.7548638, 27.8093817 ], [ 92.7548893, 27.8093261 ], [ 92.7548914, 27.8092696 ], [ 92.7549284, 27.8092258 ], [ 92.7549416, 27.8091813 ], [ 92.7549427, 27.8091476 ], [ 92.754981, 27.80907 ], [ 92.7549853, 27.808991 ], [ 92.7550011, 27.808913 ], [ 92.7550037, 27.8088683 ], [ 92.7551644, 27.8078659 ], [ 92.7552414, 27.8077063 ], [ 92.755266, 27.8076665 ], [ 92.7553257, 27.8075865 ], [ 92.7554184, 27.8075052 ], [ 92.7554517, 27.8074933 ], [ 92.755498, 27.8074422 ], [ 92.7555787, 27.8073907 ], [ 92.7556248, 27.8073697 ], [ 92.75566, 27.8073402 ], [ 92.7556951, 27.8073207 ], [ 92.755731, 27.807283 ], [ 92.7558008, 27.8072544 ], [ 92.7558705, 27.8071755 ], [ 92.7559166, 27.8071355 ], [ 92.7561116, 27.8069045 ], [ 92.756204, 27.8068265 ], [ 92.7562742, 27.8067728 ], [ 92.7563454, 27.8067293 ], [ 92.7564172, 27.8067088 ], [ 92.7565391, 27.8066904 ], [ 92.7565772, 27.8066695 ], [ 92.7566539, 27.8066513 ], [ 92.7567633, 27.8066082 ], [ 92.7567861, 27.8065809 ], [ 92.7568322, 27.8065451 ], [ 92.7568912, 27.8064747 ], [ 92.7570162, 27.8064635 ], [ 92.7570958, 27.806491 ], [ 92.7571508, 27.8064891 ], [ 92.7572582, 27.8064721 ], [ 92.7573092, 27.8064586 ], [ 92.7573708, 27.8064266 ], [ 92.75746, 27.806368 ], [ 92.7575589, 27.8062811 ], [ 92.7576094, 27.806258 ], [ 92.7577136, 27.806229 ], [ 92.7577799, 27.8062014 ], [ 92.757834, 27.8061735 ], [ 92.7578474, 27.8061612 ], [ 92.7582628, 27.8059019 ], [ 92.7582844, 27.8058595 ], [ 92.7584142, 27.8058048 ], [ 92.7585767, 27.8057464 ], [ 92.7586447, 27.8057063 ], [ 92.7586715, 27.8056492 ], [ 92.7587374, 27.8056142 ], [ 92.7588936, 27.8054999 ], [ 92.7589534, 27.8054909 ], [ 92.7591461, 27.805362 ], [ 92.7591939, 27.8053185 ], [ 92.7592561, 27.8052856 ], [ 92.7592932, 27.8052294 ], [ 92.7593563, 27.8052074 ], [ 92.7594169, 27.8051753 ], [ 92.7594906, 27.8051777 ], [ 92.7595534, 27.8051445 ], [ 92.7596307, 27.8051221 ], [ 92.7597172, 27.8050672 ], [ 92.7597911, 27.8049771 ], [ 92.7598537, 27.8049439 ], [ 92.7599817, 27.8048995 ], [ 92.7600991, 27.8048773 ], [ 92.7601517, 27.8048425 ], [ 92.760217, 27.8048316 ], [ 92.7602559, 27.8048323 ], [ 92.7604253, 27.8048124 ], [ 92.7604922, 27.8048128 ], [ 92.7605456, 27.8047895 ], [ 92.7606121, 27.804755 ], [ 92.7606254, 27.8047434 ], [ 92.7607057, 27.8046972 ], [ 92.7607735, 27.8046376 ], [ 92.7608419, 27.8045653 ], [ 92.7609239, 27.8044687 ], [ 92.760965, 27.8044447 ], [ 92.76102, 27.8044206 ], [ 92.7610749, 27.8044085 ], [ 92.7611986, 27.8044086 ], [ 92.7612261, 27.8043965 ], [ 92.761553, 27.8044452 ], [ 92.7615915, 27.8044933 ], [ 92.7618567, 27.8045427 ], [ 92.7620396, 27.8045435 ], [ 92.7620535, 27.8045313 ], [ 92.7621514, 27.8045072 ], [ 92.7622765, 27.8044341 ], [ 92.7623017, 27.8043732 ], [ 92.7623292, 27.8043245 ], [ 92.7623586, 27.8043 ], [ 92.7623887, 27.8042265 ], [ 92.7625168, 27.8041161 ], [ 92.7626864, 27.8040053 ], [ 92.7627281, 27.8039685 ], [ 92.7628408, 27.8039191 ], [ 92.7629107, 27.8038822 ], [ 92.7629817, 27.8038696 ], [ 92.7630342, 27.8038704 ], [ 92.763103, 27.8038338 ], [ 92.7631858, 27.8037604 ], [ 92.7632472, 27.8036605 ], [ 92.763289, 27.8036236 ], [ 92.7633327, 27.8035739 ], [ 92.7634003, 27.80355 ], [ 92.7634138, 27.803501 ], [ 92.7634512, 27.803478 ], [ 92.7637499, 27.8031638 ], [ 92.7638189, 27.8031172 ], [ 92.7639583, 27.8029708 ], [ 92.7639864, 27.802921 ], [ 92.7640421, 27.8028725 ], [ 92.7641399, 27.8028111 ], [ 92.764224, 27.8027721 ], [ 92.7643775, 27.8026639 ], [ 92.7644334, 27.8026153 ], [ 92.7645034, 27.8025868 ], [ 92.7645593, 27.8025519 ], [ 92.764657, 27.8025395 ], [ 92.7646989, 27.8025392 ], [ 92.7647831, 27.8024801 ], [ 92.7648955, 27.8024086 ], [ 92.7649795, 27.8023965 ], [ 92.7650917, 27.8023473 ], [ 92.7653016, 27.8022727 ], [ 92.7653572, 27.8022471 ], [ 92.7654552, 27.8022347 ], [ 92.7654692, 27.8022224 ], [ 92.7655975, 27.8021893 ], [ 92.7656542, 27.8021529 ], [ 92.7657244, 27.8021282 ], [ 92.7658645, 27.802041 ], [ 92.7659345, 27.8019912 ], [ 92.7659623, 27.8019413 ], [ 92.7660156, 27.8018889 ], [ 92.7660988, 27.8017521 ], [ 92.7661106, 27.8017008 ], [ 92.7661053, 27.8015117 ], [ 92.7660822, 27.8014655 ], [ 92.7660733, 27.8014193 ], [ 92.7660201, 27.8013838 ], [ 92.7659669, 27.8013359 ], [ 92.7659401, 27.8012869 ], [ 92.7659125, 27.8012249 ], [ 92.7659125, 27.8011501 ], [ 92.7658843, 27.8010878 ], [ 92.7658419, 27.8010254 ], [ 92.7658136, 27.8009754 ], [ 92.7658131, 27.800913 ], [ 92.7657765, 27.8007739 ], [ 92.7657747, 27.800724 ], [ 92.7657547, 27.8006859 ], [ 92.7657133, 27.800574 ], [ 92.7657095, 27.800344 ], [ 92.7657505, 27.8002715 ], [ 92.7658538, 27.8001733 ], [ 92.7658824, 27.8001122 ], [ 92.7659266, 27.800075 ], [ 92.7659522, 27.7999782 ], [ 92.7661736, 27.7996393 ], [ 92.7662379, 27.7995844 ], [ 92.7662786, 27.799528 ], [ 92.7663619, 27.7994471 ], [ 92.7664042, 27.7993856 ], [ 92.7664467, 27.7992861 ], [ 92.7664465, 27.7992492 ], [ 92.7664746, 27.7992003 ], [ 92.7664888, 27.7991378 ], [ 92.766532, 27.7989983 ], [ 92.7665603, 27.7989363 ], [ 92.7666171, 27.7988989 ], [ 92.7666736, 27.7988757 ], [ 92.7667303, 27.7988649 ], [ 92.7668154, 27.7988425 ], [ 92.7669009, 27.798781 ], [ 92.7669437, 27.7987437 ], [ 92.7670152, 27.7985933 ], [ 92.7670297, 27.7985402 ], [ 92.7670582, 27.7985043 ], [ 92.7670584, 27.7984504 ], [ 92.7671154, 27.7983904 ], [ 92.7671441, 27.7982619 ], [ 92.7671728, 27.7982028 ], [ 92.7672159, 27.7981669 ], [ 92.7673158, 27.7980248 ], [ 92.7674308, 27.797888 ], [ 92.7674734, 27.7978617 ], [ 92.767561, 27.7978538 ], [ 92.7681114, 27.7978603 ], [ 92.7682566, 27.7978103 ], [ 92.768286, 27.7977852 ], [ 92.7683594, 27.7977096 ], [ 92.7686683, 27.7974951 ], [ 92.7687847, 27.7974055 ], [ 92.7687997, 27.7973801 ], [ 92.7688589, 27.7973549 ], [ 92.7689473, 27.7973041 ], [ 92.7690214, 27.7972789 ], [ 92.7690806, 27.7972535 ], [ 92.7691709, 27.7971771 ], [ 92.7692161, 27.7971517 ], [ 92.7692478, 27.7970748 ], [ 92.7693082, 27.7970106 ], [ 92.769354, 27.7969462 ], [ 92.7694147, 27.7969077 ], [ 92.7695333, 27.7968821 ], [ 92.7696404, 27.7968436 ], [ 92.7697045, 27.796792 ], [ 92.7697363, 27.796714 ], [ 92.7698135, 27.7966359 ], [ 92.7698924, 27.7965184 ], [ 92.7699235, 27.7964791 ], [ 92.7699544, 27.7964137 ], [ 92.7699559, 27.7963613 ], [ 92.7700199, 27.7962037 ], [ 92.7700673, 27.7961246 ], [ 92.770084, 27.7960718 ], [ 92.7701294, 27.7960192 ], [ 92.7701624, 27.795966 ], [ 92.7702121, 27.7958991 ], [ 92.7702463, 27.7958058 ], [ 92.770277, 27.7957397 ], [ 92.7702934, 27.7956733 ], [ 92.7703537, 27.7956336 ], [ 92.770416, 27.7956196 ], [ 92.7704944, 27.7955789 ], [ 92.7705672, 27.7955531 ], [ 92.7706338, 27.7955031 ], [ 92.7706857, 27.7954531 ], [ 92.7707589, 27.7953616 ], [ 92.7708328, 27.7953224 ], [ 92.7708767, 27.7952833 ], [ 92.7709503, 27.7952705 ], [ 92.7710249, 27.7952441 ], [ 92.7710702, 27.7952176 ], [ 92.7711164, 27.7951777 ], [ 92.7711629, 27.7951245 ], [ 92.7712256, 27.7950838 ], [ 92.7712442, 27.7950429 ], [ 92.7714045, 27.7948996 ], [ 92.7714361, 27.7948657 ], [ 92.7714952, 27.7945047 ], [ 92.7715107, 27.7944506 ], [ 92.7715257, 27.7943457 ], [ 92.7715174, 27.7942213 ], [ 92.7715296, 27.7941882 ], [ 92.7715247, 27.7933796 ], [ 92.7715399, 27.7932867 ], [ 92.771556, 27.7932185 ], [ 92.7715642, 27.7931116 ], [ 92.7715843, 27.793037 ], [ 92.7716168, 27.7929404 ], [ 92.7716319, 27.7928353 ], [ 92.7716908, 27.792705 ], [ 92.7717053, 27.7926532 ], [ 92.7717337, 27.7926159 ], [ 92.7717666, 27.7925322 ], [ 92.7718145, 27.7924483 ], [ 92.7718579, 27.7923846 ], [ 92.771886, 27.7923216 ], [ 92.7719145, 27.7922711 ], [ 92.7720596, 27.7921061 ], [ 92.7720891, 27.7920934 ], [ 92.7721632, 27.7920283 ], [ 92.77225, 27.7920067 ], [ 92.7724567, 27.7919066 ], [ 92.7725165, 27.7918671 ], [ 92.7726051, 27.7918441 ], [ 92.7726492, 27.7918071 ], [ 92.772693, 27.7917846 ], [ 92.7728114, 27.7916067 ], [ 92.7728116, 27.7915526 ], [ 92.7728725, 27.7914719 ], [ 92.7728738, 27.7914001 ], [ 92.7729811, 27.7909956 ], [ 92.7729963, 27.7909553 ], [ 92.7730868, 27.7907687 ], [ 92.773117, 27.7906878 ], [ 92.7731769, 27.7906355 ], [ 92.773207, 27.7905827 ], [ 92.7733124, 27.7905171 ], [ 92.7734033, 27.7904244 ], [ 92.7734489, 27.7903578 ], [ 92.7735098, 27.7902911 ], [ 92.7736002, 27.790211 ], [ 92.773692, 27.7901707 ], [ 92.7737226, 27.7901439 ], [ 92.7738003, 27.7900628 ], [ 92.7738465, 27.789982 ], [ 92.773876, 27.7899153 ], [ 92.7739232, 27.7898472 ], [ 92.7739541, 27.7897932 ], [ 92.7739998, 27.7897393 ], [ 92.7740301, 27.7896856 ], [ 92.7740766, 27.7896582 ], [ 92.7741523, 27.7895913 ], [ 92.7743219, 27.7894957 ], [ 92.7743677, 27.7894552 ], [ 92.7744451, 27.789414 ], [ 92.7745873, 27.789384 ], [ 92.7747138, 27.7893274 ], [ 92.7747761, 27.7892862 ], [ 92.774791, 27.7892593 ], [ 92.7748379, 27.7892181 ], [ 92.7748979, 27.7891241 ], [ 92.7749589, 27.7890566 ], [ 92.7750051, 27.7890158 ], [ 92.7750842, 27.7889735 ], [ 92.7751481, 27.7889447 ], [ 92.7751618, 27.788878 ], [ 92.7752079, 27.78881 ], [ 92.7752221, 27.7887566 ], [ 92.7752667, 27.7886628 ], [ 92.7755837, 27.7883428 ], [ 92.7756481, 27.7882861 ], [ 92.7757283, 27.7882019 ], [ 92.7757936, 27.7881581 ], [ 92.7758416, 27.7881021 ], [ 92.7759072, 27.7880581 ], [ 92.7759912, 27.7880391 ], [ 92.7761942, 27.7880268 ], [ 92.7762943, 27.7880083 ], [ 92.7763609, 27.7879916 ], [ 92.776426, 27.7879483 ], [ 92.7764929, 27.7879316 ], [ 92.7765074, 27.7878908 ], [ 92.7766739, 27.7878426 ], [ 92.7767589, 27.7878383 ], [ 92.7768644, 27.787817 ], [ 92.7769209, 27.7878251 ], [ 92.7769815, 27.7878868 ], [ 92.7770377, 27.7878956 ], [ 92.7770915, 27.7878496 ], [ 92.7771385, 27.7877797 ], [ 92.777228, 27.7877454 ], [ 92.7772786, 27.7877013 ], [ 92.7774064, 27.7876633 ], [ 92.777499, 27.7876558 ], [ 92.7775658, 27.7876402 ], [ 92.7776137, 27.787612 ], [ 92.7776599, 27.7875706 ], [ 92.7777076, 27.787514 ], [ 92.7777566, 27.787471 ], [ 92.777788, 27.7874288 ], [ 92.7779245, 27.7873387 ], [ 92.778014, 27.7873047 ], [ 92.7781225, 27.7872978 ], [ 92.7782247, 27.7872088 ], [ 92.7782583, 27.7871508 ], [ 92.7782918, 27.7871359 ], [ 92.7783745, 27.7870202 ], [ 92.7783907, 27.7869771 ], [ 92.7784405, 27.7869191 ], [ 92.7785072, 27.7868606 ], [ 92.7786079, 27.7868155 ], [ 92.7786755, 27.7868139 ], [ 92.7787429, 27.7867837 ], [ 92.7789096, 27.7867813 ], [ 92.7793101, 27.7867853 ], [ 92.7798131, 27.7867203 ], [ 92.7802189, 27.7867216 ], [ 92.7802842, 27.7866638 ], [ 92.7803819, 27.7865489 ], [ 92.7804301, 27.7865354 ], [ 92.7804946, 27.7864933 ], [ 92.7805755, 27.7864509 ], [ 92.7806403, 27.7864228 ], [ 92.7806885, 27.7863806 ], [ 92.7807689, 27.7863394 ], [ 92.7808332, 27.7862977 ], [ 92.7808973, 27.786271 ], [ 92.7809922, 27.7862046 ], [ 92.7810882, 27.7861656 ], [ 92.7811511, 27.7861131 ], [ 92.7812306, 27.7860895 ], [ 92.7812946, 27.7860791 ], [ 92.7815204, 27.7860921 ], [ 92.7816018, 27.7860816 ], [ 92.7816676, 27.7860394 ], [ 92.7817339, 27.7860247 ], [ 92.7817672, 27.7860244 ], [ 92.7818501, 27.7860095 ], [ 92.7819328, 27.7859666 ], [ 92.7820325, 27.7859656 ], [ 92.7820986, 27.7859228 ], [ 92.7821815, 27.7858798 ], [ 92.7822809, 27.7858366 ], [ 92.7825631, 27.7856739 ], [ 92.7826293, 27.7855982 ], [ 92.782679, 27.7855683 ], [ 92.7827285, 27.7855077 ], [ 92.7827616, 27.7854931 ], [ 92.7828609, 27.7854345 ], [ 92.7829272, 27.7853763 ], [ 92.7829601, 27.7853171 ], [ 92.7830265, 27.7852592 ], [ 92.783093, 27.7852163 ], [ 92.7831599, 27.7851596 ], [ 92.7832609, 27.7851339 ], [ 92.7833785, 27.7850926 ], [ 92.7834791, 27.7850647 ], [ 92.7835784, 27.785005 ], [ 92.7836103, 27.7849589 ], [ 92.7836373, 27.7848187 ], [ 92.7836316, 27.7847241 ], [ 92.7836786, 27.7846635 ], [ 92.783674, 27.7846005 ], [ 92.7837336, 27.7844798 ], [ 92.7837469, 27.7844197 ], [ 92.7838227, 27.7843012 ], [ 92.7838558, 27.7842875 ], [ 92.7843193, 27.7837792 ], [ 92.7843839, 27.7836664 ], [ 92.7844461, 27.7835702 ], [ 92.7844914, 27.7835301 ], [ 92.7845513, 27.7834489 ], [ 92.7845765, 27.7834263 ], [ 92.7846372, 27.7834278 ], [ 92.7848068, 27.783362 ], [ 92.7848625, 27.7833694 ], [ 92.78495, 27.7833347 ], [ 92.7850504, 27.7833175 ], [ 92.785126, 27.7832938 ], [ 92.7852538, 27.7832097 ], [ 92.7853448, 27.7831727 ], [ 92.7854205, 27.783135 ], [ 92.7855121, 27.7831121 ], [ 92.7855855, 27.7831059 ], [ 92.7856461, 27.7830819 ], [ 92.7856888, 27.7830885 ], [ 92.7858129, 27.7830382 ], [ 92.7859035, 27.7830472 ], [ 92.7860124, 27.7830403 ], [ 92.7860754, 27.7830295 ], [ 92.7861387, 27.7830039 ], [ 92.7862073, 27.7828839 ], [ 92.7862923, 27.7827937 ], [ 92.7863104, 27.7827627 ], [ 92.7864233, 27.7827079 ], [ 92.7864842, 27.7827 ], [ 92.7865453, 27.782707 ], [ 92.7866696, 27.7826898 ], [ 92.7868598, 27.7827066 ], [ 92.7869406, 27.7826974 ], [ 92.7870214, 27.7827038 ], [ 92.7871017, 27.7826967 ], [ 92.7871502, 27.7826862 ], [ 92.7872489, 27.7826781 ], [ 92.7873153, 27.782667 ], [ 92.7874494, 27.7826736 ], [ 92.7876025, 27.782647 ], [ 92.7876541, 27.7826168 ], [ 92.7877393, 27.7826036 ], [ 92.7878757, 27.7826085 ], [ 92.7879431, 27.7826906 ], [ 92.7884096, 27.7826918 ], [ 92.7886171, 27.782661 ], [ 92.7886688, 27.7826434 ], [ 92.7887729, 27.7826494 ], [ 92.7888942, 27.7826501 ], [ 92.7890322, 27.7826173 ], [ 92.7890841, 27.7826173 ], [ 92.7891879, 27.7826022 ], [ 92.7892747, 27.7826034 ], [ 92.7893437, 27.7825873 ], [ 92.7895335, 27.7825556 ], [ 92.789887, 27.782508 ], [ 92.7899568, 27.7824777 ], [ 92.7900087, 27.7824465 ], [ 92.7901118, 27.7823987 ], [ 92.7901825, 27.7824003 ], [ 92.7902171, 27.7823848 ], [ 92.7903237, 27.7823723 ], [ 92.7904128, 27.7823439 ], [ 92.7904851, 27.782316 ], [ 92.790541, 27.7822888 ], [ 92.7906155, 27.7822781 ], [ 92.7907397, 27.7822177 ], [ 92.790831, 27.7821899 ], [ 92.7909035, 27.7821296 ], [ 92.7910619, 27.7820988 ], [ 92.7911169, 27.7820382 ], [ 92.7912498, 27.7819243 ], [ 92.7912783, 27.7818581 ], [ 92.7913522, 27.7818038 ], [ 92.7914347, 27.7817551 ], [ 92.7915026, 27.7817236 ], [ 92.7915546, 27.7816774 ], [ 92.7916579, 27.7816616 ], [ 92.7916745, 27.7816459 ], [ 92.7919515, 27.7813173 ], [ 92.7922357, 27.781233 ], [ 92.7923299, 27.7811889 ], [ 92.7924261, 27.7811759 ], [ 92.7925333, 27.7811809 ], [ 92.7926165, 27.781231 ], [ 92.7927088, 27.7812789 ], [ 92.7928103, 27.781309 ], [ 92.7928904, 27.781307 ], [ 92.7929389, 27.781337 ], [ 92.793022, 27.781367 ], [ 92.7930582, 27.7814294 ], [ 92.7931845, 27.78156 ], [ 92.7932761, 27.7815923 ], [ 92.7933326, 27.7816246 ], [ 92.793408, 27.7816574 ], [ 92.7934993, 27.7816583 ], [ 92.7936591, 27.7816273 ], [ 92.7937339, 27.7816442 ], [ 92.7938091, 27.7816768 ], [ 92.7938954, 27.7817076 ], [ 92.7939652, 27.7817387 ], [ 92.7940295, 27.7817369 ], [ 92.7941084, 27.7816766 ], [ 92.794157, 27.7816127 ], [ 92.7941877, 27.7815647 ], [ 92.7942487, 27.7814999 ], [ 92.7942645, 27.7814683 ], [ 92.7943396, 27.7814031 ], [ 92.7943858, 27.7813551 ], [ 92.7944099, 27.7812819 ], [ 92.7944248, 27.7812534 ], [ 92.7944405, 27.7811934 ], [ 92.7945076, 27.7811171 ], [ 92.7945502, 27.7810263 ], [ 92.7947512, 27.7810198 ], [ 92.7949815, 27.7809509 ], [ 92.7950592, 27.7809207 ], [ 92.7951545, 27.7808767 ], [ 92.7953237, 27.7808169 ], [ 92.7954456, 27.780757 ], [ 92.795563, 27.7806498 ], [ 92.7955846, 27.7806024 ], [ 92.7956585, 27.7805391 ], [ 92.7956858, 27.7804759 ], [ 92.7957097, 27.7803961 ], [ 92.7957109, 27.7803644 ], [ 92.7957572, 27.7802693 ], [ 92.7957831, 27.7801739 ], [ 92.795772, 27.7799355 ], [ 92.795788, 27.779872 ], [ 92.7958064, 27.7798402 ], [ 92.7957931, 27.7797456 ], [ 92.796135, 27.7796108 ], [ 92.796283, 27.7795569 ], [ 92.7963362, 27.7795416 ], [ 92.796408, 27.7794937 ], [ 92.7965137, 27.7794956 ], [ 92.7966024, 27.7794806 ], [ 92.7966558, 27.7794651 ], [ 92.7967785, 27.7794376 ], [ 92.7968293, 27.7793956 ], [ 92.7969177, 27.7793506 ], [ 92.7969889, 27.7793044 ], [ 92.7970775, 27.7792596 ], [ 92.7972531, 27.7791444 ], [ 92.7973061, 27.7791005 ], [ 92.7973967, 27.7790694 ], [ 92.7974695, 27.7790213 ], [ 92.7975058, 27.7790054 ], [ 92.7976149, 27.7789416 ], [ 92.7976513, 27.7789418 ], [ 92.7977786, 27.7788795 ], [ 92.7978515, 27.7788333 ], [ 92.7980349, 27.7786292 ], [ 92.7982018, 27.7785375 ], [ 92.7983143, 27.778493 ], [ 92.7983885, 27.7784113 ], [ 92.7984627, 27.7783131 ], [ 92.7984999, 27.7782477 ], [ 92.7985367, 27.7781983 ], [ 92.7985733, 27.7781159 ], [ 92.7986472, 27.7780668 ], [ 92.7986842, 27.7780341 ], [ 92.7987584, 27.7780015 ], [ 92.798888, 27.7780016 ], [ 92.7990735, 27.7779528 ], [ 92.7992785, 27.7779535 ], [ 92.7993523, 27.7779698 ], [ 92.7994633, 27.7779863 ], [ 92.7995741, 27.778019 ], [ 92.7996474, 27.7780516 ], [ 92.8001588, 27.7782298 ], [ 92.8002682, 27.7782622 ], [ 92.8003971, 27.7782622 ], [ 92.8005625, 27.7782948 ], [ 92.8006174, 27.7783273 ], [ 92.8007276, 27.7783436 ], [ 92.8007459, 27.7783599 ], [ 92.8008924, 27.7783597 ], [ 92.8010934, 27.7783104 ], [ 92.8011481, 27.7783103 ], [ 92.8012029, 27.778294 ], [ 92.8013624, 27.7782883 ], [ 92.8017269, 27.7782845 ], [ 92.8018722, 27.7782201 ], [ 92.8019602, 27.7781875 ], [ 92.8020122, 27.7781871 ], [ 92.8020967, 27.7781219 ], [ 92.8021989, 27.7780729 ], [ 92.8022731, 27.7780571 ], [ 92.802362, 27.7779928 ], [ 92.8024283, 27.7779602 ], [ 92.8025637, 27.7779433 ], [ 92.8026357, 27.7779913 ], [ 92.8027053, 27.778007 ], [ 92.802776, 27.7779909 ], [ 92.8029122, 27.7778627 ], [ 92.8030006, 27.777799 ], [ 92.8031631, 27.7778002 ], [ 92.803221, 27.7778645 ], [ 92.803239, 27.7779444 ], [ 92.8032931, 27.7780084 ], [ 92.8033834, 27.7780085 ], [ 92.8034406, 27.7779928 ], [ 92.8035634, 27.7778659 ], [ 92.8036872, 27.7777705 ], [ 92.8037781, 27.7776908 ], [ 92.8042555, 27.7774449 ], [ 92.8043275, 27.7773706 ], [ 92.8043631, 27.7772951 ], [ 92.8043817, 27.7772297 ], [ 92.8044561, 27.7770986 ], [ 92.8045306, 27.777066 ], [ 92.8046423, 27.7770019 ], [ 92.8047357, 27.7769372 ], [ 92.8048295, 27.7768396 ], [ 92.8049425, 27.7767087 ], [ 92.8049612, 27.7766588 ], [ 92.8051125, 27.7765775 ], [ 92.805341, 27.7764966 ], [ 92.8054558, 27.7764139 ], [ 92.8055325, 27.7763809 ], [ 92.8057064, 27.7762814 ], [ 92.8058229, 27.7762316 ], [ 92.8058817, 27.7761982 ], [ 92.8059977, 27.776114 ], [ 92.8060559, 27.7760635 ], [ 92.8061132, 27.7759621 ], [ 92.8061902, 27.7758607 ], [ 92.8063278, 27.7757589 ], [ 92.8064057, 27.7757248 ], [ 92.8064831, 27.7756569 ], [ 92.8068139, 27.7754694 ], [ 92.8068733, 27.775469 ], [ 92.8069916, 27.7754514 ], [ 92.8071439, 27.7754178 ], [ 92.8073523, 27.7753846 ], [ 92.8074659, 27.7753681 ], [ 92.8079105, 27.7753678 ], [ 92.8086309, 27.7755202 ], [ 92.8087461, 27.7755373 ], [ 92.8088802, 27.7755716 ], [ 92.8089949, 27.7756058 ], [ 92.8090514, 27.7756571 ], [ 92.8091872, 27.7756741 ], [ 92.8092838, 27.7757082 ], [ 92.8093616, 27.7757082 ], [ 92.8094405, 27.775657 ], [ 92.8096372, 27.7755715 ], [ 92.8097351, 27.7755544 ], [ 92.8098141, 27.7755202 ], [ 92.8099913, 27.7754858 ], [ 92.8100885, 27.7754516 ], [ 92.8102262, 27.7754514 ], [ 92.8103039, 27.7754173 ], [ 92.8104205, 27.7754002 ], [ 92.8105191, 27.7753658 ], [ 92.8106168, 27.7752974 ], [ 92.8106943, 27.775229 ], [ 92.8107736, 27.7751946 ], [ 92.8107938, 27.7751945 ], [ 92.8109135, 27.7751598 ], [ 92.8110141, 27.7751251 ], [ 92.8112396, 27.7750892 ], [ 92.8113433, 27.775054 ], [ 92.8114934, 27.7749833 ], [ 92.8116665, 27.7748773 ], [ 92.8117877, 27.774773 ], [ 92.8119102, 27.7747722 ], [ 92.8120576, 27.7748744 ], [ 92.812137, 27.7749089 ], [ 92.8122157, 27.7749608 ], [ 92.8123955, 27.7750123 ], [ 92.8124156, 27.7750123 ], [ 92.8127525, 27.7753256 ], [ 92.8128871, 27.7753431 ], [ 92.8130031, 27.7753779 ], [ 92.8133442, 27.7753788 ], [ 92.8135086, 27.775328 ], [ 92.8135594, 27.7752942 ], [ 92.8136636, 27.7752608 ], [ 92.8137877, 27.7752104 ], [ 92.8147464, 27.7751762 ], [ 92.8153197, 27.7753102 ], [ 92.8154552, 27.775327 ], [ 92.815513, 27.7753613 ], [ 92.8156882, 27.7753956 ], [ 92.8157075, 27.7754129 ], [ 92.8158438, 27.7754473 ], [ 92.8160192, 27.7754816 ], [ 92.8160976, 27.7755337 ], [ 92.8162934, 27.7755684 ], [ 92.8165478, 27.7755682 ], [ 92.8166261, 27.7755506 ], [ 92.8167045, 27.7755506 ], [ 92.8168025, 27.775533 ], [ 92.8170382, 27.7755328 ], [ 92.8173527, 27.7756025 ], [ 92.8173917, 27.775655 ], [ 92.8174899, 27.7756724 ], [ 92.8175095, 27.7756724 ], [ 92.8175879, 27.77569 ], [ 92.8177056, 27.7756901 ], [ 92.8177643, 27.7757076 ], [ 92.8179015, 27.7757077 ], [ 92.8179797, 27.7757252 ], [ 92.8182153, 27.7757253 ], [ 92.818353, 27.7757079 ], [ 92.8188264, 27.7756904 ], [ 92.8188666, 27.7756729 ], [ 92.8190259, 27.7756726 ], [ 92.8192259, 27.7756548 ], [ 92.8195249, 27.7756545 ], [ 92.8197874, 27.7756188 ], [ 92.8199518, 27.7755655 ], [ 92.8200145, 27.7755299 ], [ 92.8200762, 27.7755121 ], [ 92.8201777, 27.775459 ], [ 92.8202582, 27.7754237 ], [ 92.8203185, 27.7753885 ], [ 92.8203995, 27.7753178 ], [ 92.8204607, 27.7752824 ], [ 92.8205212, 27.7752118 ], [ 92.8206026, 27.7751762 ], [ 92.8206632, 27.7751232 ], [ 92.8207659, 27.7751049 ], [ 92.8212352, 27.7751028 ], [ 92.8214003, 27.7751195 ], [ 92.821461, 27.7751194 ], [ 92.8216607, 27.7751727 ], [ 92.8218406, 27.7752082 ], [ 92.8220004, 27.775226 ], [ 92.822198, 27.7752265 ], [ 92.8222574, 27.7751913 ], [ 92.8223364, 27.7751561 ], [ 92.8224156, 27.7751032 ], [ 92.8228748, 27.7751066 ], [ 92.8229504, 27.7751249 ], [ 92.8230268, 27.7751782 ], [ 92.8230459, 27.7751783 ], [ 92.8231801, 27.7752318 ], [ 92.8232741, 27.7752501 ], [ 92.8234139, 27.7753204 ], [ 92.8234945, 27.7753731 ], [ 92.8235594, 27.7754429 ], [ 92.8236597, 27.7754605 ], [ 92.8240538, 27.775461 ], [ 92.82511, 27.7754263 ], [ 92.825271, 27.7754076 ], [ 92.8261872, 27.7754045 ], [ 92.8263254, 27.7753874 ], [ 92.8266781, 27.7753911 ], [ 92.8270507, 27.7753264 ], [ 92.8271684, 27.7753114 ], [ 92.8272475, 27.7752771 ], [ 92.8273458, 27.7752796 ], [ 92.8274444, 27.7752643 ], [ 92.8275825, 27.7752157 ], [ 92.8277831, 27.7751806 ], [ 92.8279838, 27.7751627 ], [ 92.8280641, 27.7751629 ], [ 92.8281845, 27.7751272 ], [ 92.8284053, 27.7750917 ], [ 92.8290486, 27.775094 ], [ 92.8294892, 27.7751994 ], [ 92.8295695, 27.775235 ], [ 92.8296296, 27.7752526 ], [ 92.8297497, 27.7752701 ], [ 92.8300293, 27.7752692 ], [ 92.8301484, 27.7752328 ], [ 92.8302872, 27.7751964 ], [ 92.8304662, 27.7751602 ], [ 92.8305252, 27.7751243 ], [ 92.8306247, 27.7751063 ], [ 92.8307652, 27.7750712 ], [ 92.8309269, 27.7750721 ], [ 92.8318352, 27.7748089 ], [ 92.8320369, 27.7747738 ], [ 92.8323821, 27.7747039 ], [ 92.8325919, 27.7746524 ], [ 92.8326721, 27.774599 ], [ 92.833012, 27.7745128 ], [ 92.8331622, 27.7744963 ], [ 92.8332446, 27.7744428 ], [ 92.8333663, 27.7743175 ], [ 92.833448, 27.774246 ], [ 92.8336797, 27.774211 ], [ 92.8338255, 27.7742113 ], [ 92.8339509, 27.7742835 ], [ 92.8340338, 27.7743017 ], [ 92.8341598, 27.774392 ], [ 92.8343916, 27.774519 ], [ 92.8345604, 27.7745918 ], [ 92.8346887, 27.7746829 ], [ 92.8348148, 27.7747015 ], [ 92.8349207, 27.7747382 ], [ 92.8350681, 27.7747569 ], [ 92.83511, 27.7747571 ], [ 92.8352513, 27.7747389 ], [ 92.8353515, 27.7747206 ], [ 92.8358983, 27.7747203 ], [ 92.835978, 27.774684 ], [ 92.8360589, 27.7746659 ], [ 92.8362748, 27.7745028 ], [ 92.836335, 27.7744486 ], [ 92.8364571, 27.7743765 ], [ 92.8365852, 27.7743589 ], [ 92.8366515, 27.7743413 ], [ 92.8372174, 27.7744346 ], [ 92.837299, 27.7744529 ], [ 92.8374215, 27.7745257 ], [ 92.8375855, 27.7745984 ], [ 92.8378312, 27.7745987 ], [ 92.8379129, 27.7745808 ], [ 92.8379538, 27.7745265 ], [ 92.8380971, 27.7743635 ], [ 92.8382202, 27.7742546 ], [ 92.8382613, 27.7742365 ], [ 92.8383434, 27.7741821 ], [ 92.8385901, 27.7740548 ], [ 92.839042, 27.7738008 ], [ 92.8391244, 27.773728 ], [ 92.8392275, 27.773728 ], [ 92.8393308, 27.7736915 ], [ 92.8394135, 27.7736733 ], [ 92.8395376, 27.773655 ], [ 92.8396411, 27.7736185 ], [ 92.8397655, 27.7736001 ], [ 92.8398069, 27.7735818 ], [ 92.8400758, 27.7735819 ], [ 92.8401784, 27.7735638 ], [ 92.840629, 27.7735644 ], [ 92.840793, 27.7735828 ], [ 92.8408954, 27.7736012 ], [ 92.8409374, 27.7736558 ], [ 92.8410199, 27.773674 ], [ 92.8413121, 27.7738383 ], [ 92.8414826, 27.7739848 ], [ 92.8415909, 27.7741135 ], [ 92.8416938, 27.7741868 ], [ 92.8423469, 27.7744783 ], [ 92.8424518, 27.7744787 ], [ 92.8425963, 27.7745153 ], [ 92.8427018, 27.7745157 ], [ 92.8428038, 27.7745338 ], [ 92.8429274, 27.7745338 ], [ 92.8430932, 27.7745522 ], [ 92.8431964, 27.7745522 ], [ 92.8433453, 27.7745164 ], [ 92.8435299, 27.7744643 ], [ 92.8435749, 27.7744465 ], [ 92.8437481, 27.7743922 ], [ 92.8438341, 27.7743373 ], [ 92.8439299, 27.7743017 ], [ 92.8441451, 27.7741882 ], [ 92.8442967, 27.7741128 ], [ 92.8443741, 27.7740944 ], [ 92.8445128, 27.7740222 ], [ 92.844657, 27.7739674 ], [ 92.8447589, 27.7739309 ], [ 92.8448968, 27.7738947 ], [ 92.8450652, 27.7738767 ], [ 92.8454217, 27.7738769 ], [ 92.8455855, 27.7739137 ], [ 92.8457697, 27.7739872 ], [ 92.8458911, 27.7740239 ], [ 92.8460125, 27.7740972 ], [ 92.8461134, 27.7741155 ], [ 92.8461537, 27.7741155 ], [ 92.846912, 27.7743353 ], [ 92.8470829, 27.774409 ], [ 92.8472183, 27.7744833 ], [ 92.8474004, 27.7745399 ], [ 92.8474887, 27.7745404 ], [ 92.8475781, 27.7745778 ], [ 92.847907, 27.7745775 ], [ 92.8480626, 27.77456 ], [ 92.8481472, 27.7745601 ], [ 92.8483592, 27.7745236 ], [ 92.8484121, 27.7745229 ], [ 92.8486326, 27.774467 ], [ 92.848666, 27.7744496 ], [ 92.8488137, 27.774434 ], [ 92.8492331, 27.7744356 ], [ 92.8496833, 27.7744513 ], [ 92.8497706, 27.774471 ], [ 92.8500677, 27.7745464 ], [ 92.8501942, 27.7745837 ], [ 92.850322, 27.77464 ], [ 92.8504455, 27.7747691 ], [ 92.8505908, 27.7748799 ], [ 92.8507149, 27.7750091 ], [ 92.8508579, 27.7751374 ], [ 92.8508779, 27.7752296 ], [ 92.8509167, 27.7753207 ], [ 92.8509409, 27.7754333 ], [ 92.8510066, 27.7755643 ], [ 92.8510305, 27.7756029 ], [ 92.8511295, 27.7757036 ], [ 92.8511744, 27.7757423 ], [ 92.8513054, 27.775894 ], [ 92.8513701, 27.7759881 ], [ 92.8514317, 27.7760432 ], [ 92.8514989, 27.7761388 ], [ 92.8515657, 27.7762156 ], [ 92.8515865, 27.776295 ], [ 92.8515924, 27.7765399 ] ] } },
{ "type": "Feature", "properties": { "osm_id": 999617904, "tags": { "alt_name": "Warriyang Bung", "name": "Wapra Bung", "waterway": "stream" }, "inside_district": true }, "geometry": { "type": "LineString", "coordinates": [ [ 92.6662065, 27.8856509 ], [ 92.6662559, 27.8856058 ], [ 92.6663444, 27.8855608 ], [ 92.6663948, 27.8855153 ], [ 92.6664188, 27.8854698 ], [ 92.6664299, 27.8854241 ], [ 92.6664679, 27.8853782 ], [ 92.6665196, 27.8853438 ], [ 92.6665814, 27.8852634 ], [ 92.6666453, 27.8852289 ], [ 92.6667361, 27.8851479 ], [ 92.6668023, 27.8851015 ], [ 92.6668803, 27.8850086 ], [ 92.6668685, 27.8846556 ], [ 92.6668612, 27.8842625 ], [ 92.6668876, 27.8842268 ], [ 92.6669385, 27.884118 ], [ 92.6669922, 27.8840943 ], [ 92.6670318, 27.8840581 ], [ 92.6670974, 27.8840209 ], [ 92.6671478, 27.8839694 ], [ 92.6671734, 27.8839317 ], [ 92.66717, 27.8837591 ], [ 92.6671959, 27.8836969 ], [ 92.6672352, 27.8836343 ], [ 92.6672616, 27.8835965 ], [ 92.6673013, 27.883558 ], [ 92.6673418, 27.8835084 ], [ 92.6674365, 27.8834208 ], [ 92.6674909, 27.883383 ], [ 92.6675177, 27.8833204 ], [ 92.6676542, 27.8831945 ], [ 92.6677941, 27.8829458 ], [ 92.6678757, 27.8828367 ], [ 92.6679232, 27.8826689 ], [ 92.6679213, 27.8826451 ], [ 92.667943, 27.8824876 ], [ 92.6679683, 27.8824392 ], [ 92.6679795, 27.8823907 ], [ 92.6679717, 27.8822443 ], [ 92.6679973, 27.8821829 ], [ 92.6680379, 27.882146 ], [ 92.6680778, 27.8820968 ], [ 92.6680767, 27.8820721 ], [ 92.6681843, 27.8819734 ], [ 92.6682668, 27.8819114 ], [ 92.6683216, 27.8818617 ], [ 92.6683904, 27.8818244 ], [ 92.6684594, 27.881762 ], [ 92.6685148, 27.8817371 ], [ 92.6685841, 27.8816871 ], [ 92.6686257, 27.881637 ], [ 92.6687367, 27.8815616 ], [ 92.6688057, 27.8814985 ], [ 92.6688754, 27.8814731 ], [ 92.668931, 27.881435 ], [ 92.6689585, 27.881397 ], [ 92.6689582, 27.8813716 ], [ 92.6689713, 27.8813207 ], [ 92.6689831, 27.8812185 ], [ 92.6690109, 27.8811675 ], [ 92.6690671, 27.8811036 ], [ 92.6691236, 27.881065 ], [ 92.6692085, 27.880988 ], [ 92.6692508, 27.880962 ], [ 92.6693077, 27.880936 ], [ 92.6693649, 27.8808975 ], [ 92.6693931, 27.8808586 ], [ 92.6694068, 27.8807939 ], [ 92.6694059, 27.880652 ], [ 92.6694488, 27.8806002 ], [ 92.6694916, 27.8805608 ], [ 92.6695345, 27.8804958 ], [ 92.6695919, 27.8804306 ], [ 92.6696351, 27.8803655 ], [ 92.6696925, 27.8802995 ], [ 92.6697502, 27.8802725 ], [ 92.6698081, 27.8802326 ], [ 92.6698951, 27.8801797 ], [ 92.6699242, 27.8801404 ], [ 92.6699387, 27.8800617 ], [ 92.6699387, 27.8800091 ], [ 92.6699386, 27.8799039 ], [ 92.6699239, 27.8798116 ], [ 92.6699238, 27.8796665 ], [ 92.6698794, 27.8794401 ], [ 92.6698793, 27.8793862 ], [ 92.6698644, 27.8793324 ], [ 92.6698643, 27.8792784 ], [ 92.6698788, 27.8792108 ], [ 92.6698934, 27.8791702 ], [ 92.6700893, 27.8790498 ], [ 92.6701186, 27.8790244 ], [ 92.6702508, 27.8788569 ], [ 92.6702506, 27.8788052 ], [ 92.6702206, 27.8787536 ], [ 92.6701611, 27.8787146 ], [ 92.6701461, 27.8786626 ], [ 92.6701456, 27.8785978 ], [ 92.6702192, 27.8785466 ], [ 92.6703077, 27.8784953 ], [ 92.670352, 27.8784435 ], [ 92.6703667, 27.8784044 ], [ 92.6703813, 27.8783524 ], [ 92.6703792, 27.877999 ], [ 92.6704088, 27.8778936 ], [ 92.6704834, 27.8778013 ], [ 92.6705433, 27.877775 ], [ 92.6706186, 27.877775 ], [ 92.6706937, 27.8777221 ], [ 92.6706936, 27.8776558 ], [ 92.6706785, 27.8775894 ], [ 92.6706784, 27.8775495 ], [ 92.6707083, 27.8774696 ], [ 92.6707385, 27.8774163 ], [ 92.6708141, 27.8773765 ], [ 92.6708292, 27.8773096 ], [ 92.6708746, 27.8772696 ], [ 92.6708746, 27.877189 ], [ 92.6708898, 27.8771487 ], [ 92.670905, 27.8770816 ], [ 92.6709506, 27.8769878 ], [ 92.6710115, 27.8769333 ], [ 92.6710724, 27.8769059 ], [ 92.6711942, 27.8768252 ], [ 92.6712255, 27.8767158 ], [ 92.6712265, 27.8765788 ], [ 92.6712572, 27.8765246 ], [ 92.6712576, 27.8764562 ], [ 92.6712733, 27.876401 ], [ 92.6713045, 27.8763456 ], [ 92.6713046, 27.8763184 ], [ 92.6716218, 27.8761377 ], [ 92.6716656, 27.8760723 ], [ 92.6716796, 27.8760194 ], [ 92.6717393, 27.8759669 ], [ 92.6717694, 27.8758998 ], [ 92.6718449, 27.8758606 ], [ 92.6719056, 27.8758482 ], [ 92.6719806, 27.8757551 ], [ 92.6720111, 27.875701 ], [ 92.6720738, 27.8756593 ], [ 92.6721047, 27.8756049 ], [ 92.672135, 27.8755645 ], [ 92.6721648, 27.8754018 ], [ 92.6722112, 27.8753745 ], [ 92.6722737, 27.8753195 ], [ 92.6723042, 27.875279 ], [ 92.6723032, 27.8752387 ], [ 92.6722574, 27.8751696 ], [ 92.6722577, 27.875101 ], [ 92.6723017, 27.8750754 ], [ 92.6723608, 27.8750502 ], [ 92.6724066, 27.8750373 ], [ 92.6724836, 27.874983 ], [ 92.6725461, 27.8749279 ], [ 92.672593, 27.8748452 ], [ 92.6726241, 27.8747764 ], [ 92.6727183, 27.874666 ], [ 92.6727961, 27.8746248 ], [ 92.6728424, 27.8746115 ], [ 92.6729661, 27.8746126 ], [ 92.6730752, 27.874655 ], [ 92.6731381, 27.874669 ], [ 92.6731539, 27.874669 ], [ 92.6732485, 27.8746133 ], [ 92.6732797, 27.874572 ], [ 92.6733428, 27.8745165 ], [ 92.67339, 27.8744611 ], [ 92.673516, 27.8743919 ], [ 92.6735949, 27.8743643 ], [ 92.6736423, 27.8743366 ], [ 92.6736741, 27.8743088 ], [ 92.6737537, 27.874281 ], [ 92.6738969, 27.8742532 ], [ 92.6739765, 27.8742534 ], [ 92.6741371, 27.8742254 ], [ 92.6742648, 27.8741834 ], [ 92.6743451, 27.8741694 ], [ 92.6743937, 27.8741271 ], [ 92.6744254, 27.8740849 ], [ 92.6744899, 27.8740567 ], [ 92.6746995, 27.8739861 ], [ 92.6747817, 27.8739433 ], [ 92.6748468, 27.8739148 ], [ 92.675042, 27.8739144 ], [ 92.6751073, 27.8738718 ], [ 92.6751561, 27.8738149 ], [ 92.6751881, 27.8737582 ], [ 92.6752335, 27.8737167 ], [ 92.6753612, 27.8736462 ], [ 92.6755521, 27.8735621 ], [ 92.6756389, 27.8735174 ], [ 92.6756877, 27.8734605 ], [ 92.6757838, 27.8733757 ], [ 92.6758633, 27.8733761 ], [ 92.6760101, 27.8733471 ], [ 92.6761756, 27.8733457 ], [ 92.6762608, 27.8733158 ], [ 92.6764256, 27.8733096 ], [ 92.6765825, 27.8733115 ], [ 92.6766198, 27.8734248 ], [ 92.6766279, 27.8735089 ], [ 92.6767557, 27.8735959 ], [ 92.6768367, 27.8736105 ], [ 92.6768521, 27.873625 ], [ 92.6772273, 27.8735937 ], [ 92.6776067, 27.8735909 ], [ 92.6776935, 27.8736048 ], [ 92.6778147, 27.8736768 ], [ 92.6779873, 27.8737634 ], [ 92.6780887, 27.873807 ], [ 92.6781907, 27.8738214 ], [ 92.6782413, 27.8738214 ], [ 92.678308, 27.8737923 ], [ 92.6783922, 27.8737631 ], [ 92.6784628, 27.8737919 ], [ 92.6784979, 27.873821 ], [ 92.6786029, 27.8738792 ], [ 92.6786911, 27.8739082 ], [ 92.678824, 27.8739377 ], [ 92.6789408, 27.8740103 ], [ 92.6790132, 27.8740395 ], [ 92.6791362, 27.8740542 ], [ 92.6794122, 27.8740542 ], [ 92.6794897, 27.8740096 ], [ 92.6795768, 27.8739948 ], [ 92.6796336, 27.8739502 ], [ 92.679714, 27.8738309 ], [ 92.679723, 27.8737411 ], [ 92.6797253, 27.8736518 ], [ 92.6801931, 27.8735673 ], [ 92.680242, 27.8735539 ], [ 92.6803235, 27.8735117 ], [ 92.6804234, 27.8734984 ], [ 92.6806096, 27.8734543 ], [ 92.6806935, 27.8734406 ], [ 92.6807772, 27.8734423 ], [ 92.6808617, 27.8734282 ], [ 92.6810147, 27.8733841 ], [ 92.6811171, 27.8733392 ], [ 92.6811854, 27.8733243 ], [ 92.6812198, 27.8732788 ], [ 92.6813219, 27.873265 ], [ 92.6813732, 27.8732348 ], [ 92.6814587, 27.8732202 ], [ 92.6815271, 27.8732207 ], [ 92.6815612, 27.8732516 ], [ 92.6816296, 27.8733284 ], [ 92.681784, 27.8733597 ], [ 92.6818356, 27.8733908 ], [ 92.6819216, 27.8734066 ], [ 92.6820936, 27.8734072 ], [ 92.6821633, 27.873531 ], [ 92.6821641, 27.8736244 ], [ 92.6822164, 27.8737022 ], [ 92.6822684, 27.8737486 ], [ 92.6822858, 27.8737795 ], [ 92.6825289, 27.873858 ], [ 92.6826159, 27.8739049 ], [ 92.6826855, 27.8739208 ], [ 92.6827729, 27.8739218 ], [ 92.6829303, 27.8739543 ], [ 92.6829831, 27.8739859 ], [ 92.6831237, 27.8740494 ], [ 92.683316, 27.8740506 ], [ 92.6834042, 27.8741135 ], [ 92.6834743, 27.8741449 ], [ 92.6835274, 27.8742229 ], [ 92.6836333, 27.8742704 ], [ 92.6839658, 27.8742719 ], [ 92.6840189, 27.8743035 ], [ 92.684073, 27.8743667 ], [ 92.6842131, 27.8744599 ], [ 92.684301, 27.8744759 ], [ 92.6843535, 27.8744761 ], [ 92.6844415, 27.8744302 ], [ 92.6844768, 27.8743996 ], [ 92.6845458, 27.8743527 ], [ 92.6845983, 27.8743528 ], [ 92.6848932, 27.8745126 ], [ 92.684998, 27.8745591 ], [ 92.6850676, 27.8746056 ], [ 92.6851376, 27.8746366 ], [ 92.6851716, 27.8746984 ], [ 92.6853284, 27.8748069 ], [ 92.6854161, 27.874807 ], [ 92.6854839, 27.8748691 ], [ 92.6855881, 27.8749312 ], [ 92.6856557, 27.8749936 ], [ 92.6857419, 27.875025 ], [ 92.6858106, 27.8750564 ], [ 92.6858808, 27.875103 ], [ 92.6859159, 27.8751185 ], [ 92.6860039, 27.8751961 ], [ 92.6860569, 27.8752735 ], [ 92.6861091, 27.8753976 ], [ 92.6862493, 27.8754907 ], [ 92.6863889, 27.8755533 ], [ 92.6864755, 27.8756007 ], [ 92.686562, 27.8756328 ], [ 92.6866134, 27.8756961 ], [ 92.6866297, 27.875775 ], [ 92.6866474, 27.8758371 ], [ 92.6866825, 27.8758994 ], [ 92.6867172, 27.8759 ], [ 92.6869278, 27.876212 ], [ 92.6869804, 27.8762435 ], [ 92.6870677, 27.8763076 ], [ 92.6871379, 27.876324 ], [ 92.6871905, 27.8763713 ], [ 92.6872253, 27.8764196 ], [ 92.6872955, 27.8764522 ], [ 92.6873659, 27.8765311 ], [ 92.6874011, 27.8765783 ], [ 92.6874363, 27.8766411 ], [ 92.6875068, 27.8766895 ], [ 92.688037, 27.8766852 ], [ 92.6880899, 27.876732 ], [ 92.6881253, 27.8768747 ], [ 92.688143, 27.8769704 ], [ 92.6881961, 27.8770182 ], [ 92.6883021, 27.8770332 ], [ 92.6885135, 27.8770309 ], [ 92.6886713, 27.8769967 ], [ 92.6887766, 27.8769953 ], [ 92.6888843, 27.8769998 ], [ 92.6889715, 27.8769977 ], [ 92.6891098, 27.8770865 ], [ 92.6891273, 27.8771019 ], [ 92.6892368, 27.8774723 ], [ 92.6892544, 27.8774879 ], [ 92.6893431, 27.8775185 ], [ 92.6894485, 27.8775659 ], [ 92.6896064, 27.8776769 ], [ 92.6896768, 27.8777089 ], [ 92.6897643, 27.8777743 ], [ 92.689817, 27.8778074 ], [ 92.6898879, 27.8778236 ], [ 92.6899943, 27.8778396 ], [ 92.6902071, 27.877839 ], [ 92.6902426, 27.8778723 ], [ 92.6904025, 27.8779207 ], [ 92.6904916, 27.8779535 ], [ 92.6905274, 27.8779702 ], [ 92.6906165, 27.8779709 ], [ 92.6907241, 27.877989 ], [ 92.6908137, 27.87799 ], [ 92.6909563, 27.878006 ], [ 92.6915996, 27.8780084 ], [ 92.691689, 27.8780245 ], [ 92.6917603, 27.8780245 ], [ 92.691814, 27.8780563 ], [ 92.6921022, 27.8780589 ], [ 92.6922458, 27.8780279 ], [ 92.6923545, 27.8779973 ], [ 92.6924256, 27.8779972 ], [ 92.6925131, 27.8779644 ], [ 92.6925839, 27.8779167 ], [ 92.692637, 27.8778532 ], [ 92.6926859, 27.8777876 ], [ 92.6927276, 27.8777032 ], [ 92.6927996, 27.877688 ], [ 92.6929874, 27.8776928 ], [ 92.6932252, 27.8776166 ], [ 92.693356, 27.8776189 ], [ 92.6934316, 27.8776363 ], [ 92.693505, 27.8776688 ], [ 92.6935609, 27.8777172 ], [ 92.6936493, 27.8777486 ], [ 92.693702, 27.8777482 ], [ 92.6937894, 27.8777318 ], [ 92.6938271, 27.8776849 ], [ 92.6939005, 27.8776222 ], [ 92.6939552, 27.8775909 ], [ 92.6940113, 27.8775282 ], [ 92.6941037, 27.8774814 ], [ 92.6943574, 27.8774824 ], [ 92.6944473, 27.8774985 ], [ 92.6945611, 27.8775478 ], [ 92.6946894, 27.8776281 ], [ 92.6947802, 27.8776603 ], [ 92.6948326, 27.8776917 ], [ 92.6950308, 27.8777398 ], [ 92.6951064, 27.8777409 ], [ 92.6951592, 27.8777725 ], [ 92.6952863, 27.8777889 ], [ 92.6956238, 27.8777927 ], [ 92.6957356, 27.8777298 ], [ 92.6958845, 27.8776351 ], [ 92.6959564, 27.8776031 ], [ 92.6960303, 27.8776036 ], [ 92.6961612, 27.8775886 ], [ 92.6962346, 27.8775729 ], [ 92.6964202, 27.877574 ], [ 92.696497, 27.8776069 ], [ 92.696573, 27.8776237 ], [ 92.696648, 27.8776724 ], [ 92.6967607, 27.8776732 ], [ 92.6968355, 27.8776898 ], [ 92.6970214, 27.877723 ], [ 92.6971893, 27.877724 ], [ 92.6972273, 27.8776762 ], [ 92.6974732, 27.8775171 ], [ 92.69753, 27.8774531 ], [ 92.697589, 27.8773571 ], [ 92.6977369, 27.8772031 ], [ 92.697899, 27.8771411 ], [ 92.6980625, 27.8770617 ], [ 92.6982252, 27.876951 ], [ 92.6983878, 27.8769534 ], [ 92.6984784, 27.8769706 ], [ 92.6985328, 27.8769551 ], [ 92.6986045, 27.8768603 ], [ 92.6986768, 27.8767969 ], [ 92.6987672, 27.8767985 ], [ 92.6988575, 27.8767841 ], [ 92.699421, 27.8767922 ], [ 92.6996032, 27.8768273 ], [ 92.6997127, 27.8768613 ], [ 92.7000415, 27.8768664 ], [ 92.7001331, 27.8768514 ], [ 92.700225, 27.876852 ], [ 92.7003354, 27.87682 ], [ 92.7004636, 27.8767415 ], [ 92.7005554, 27.8767104 ], [ 92.7006473, 27.8766468 ], [ 92.7007026, 27.8765985 ], [ 92.7007948, 27.8765336 ], [ 92.7008685, 27.8765019 ], [ 92.7009237, 27.8764706 ], [ 92.7010342, 27.8764721 ], [ 92.7012556, 27.8763778 ], [ 92.7013666, 27.8762498 ], [ 92.7014222, 27.8762164 ], [ 92.7015334, 27.8760708 ], [ 92.7016819, 27.8759094 ], [ 92.7017561, 27.8758617 ], [ 92.7018304, 27.8758298 ], [ 92.7019966, 27.8758272 ], [ 92.7022764, 27.8755546 ], [ 92.7023139, 27.8755229 ], [ 92.7023883, 27.8755069 ], [ 92.7025183, 27.8754414 ], [ 92.7025747, 27.8753935 ], [ 92.7026308, 27.8753612 ], [ 92.7027238, 27.8752957 ], [ 92.7027619, 27.8751985 ], [ 92.7027804, 27.8751324 ], [ 92.7030046, 27.8750684 ], [ 92.7032846, 27.8750698 ], [ 92.7033757, 27.8750845 ], [ 92.7035265, 27.8750207 ], [ 92.7035851, 27.8749737 ], [ 92.703715, 27.874858 ], [ 92.7037891, 27.8748085 ], [ 92.7038615, 27.8747743 ], [ 92.7039342, 27.8747239 ], [ 92.7041483, 27.8747295 ], [ 92.7044496, 27.8747313 ], [ 92.7045591, 27.8747138 ], [ 92.704652, 27.8746477 ], [ 92.7047458, 27.874615 ], [ 92.7048394, 27.8745657 ], [ 92.704916, 27.874517 ], [ 92.7050127, 27.8744357 ], [ 92.7051064, 27.8744028 ], [ 92.7052232, 27.874272 ], [ 92.7052991, 27.8742724 ], [ 92.7053372, 27.8742561 ], [ 92.7054697, 27.8742235 ], [ 92.7057904, 27.8742245 ], [ 92.7058861, 27.8742085 ], [ 92.7059817, 27.874209 ], [ 92.7060592, 27.8741764 ], [ 92.7061354, 27.8741768 ], [ 92.7067032, 27.8740953 ], [ 92.7067796, 27.874079 ], [ 92.7068981, 27.87408 ], [ 92.7069779, 27.8740475 ], [ 92.7071165, 27.874032 ], [ 92.707194, 27.8740157 ], [ 92.7072893, 27.873966 ], [ 92.7073903, 27.8739335 ], [ 92.7074273, 27.8739001 ], [ 92.7075213, 27.8738501 ], [ 92.7076254, 27.8737494 ], [ 92.7076346, 27.8736988 ], [ 92.707735, 27.8736827 ], [ 92.7077844, 27.873649 ], [ 92.7078739, 27.87365 ], [ 92.7079779, 27.873634 ], [ 92.7079964, 27.8736173 ], [ 92.7081261, 27.8736016 ], [ 92.7082814, 27.8735677 ], [ 92.7083954, 27.8735504 ], [ 92.7084615, 27.8735336 ], [ 92.7086478, 27.8732677 ], [ 92.7086679, 27.8731848 ], [ 92.7087025, 27.873102 ], [ 92.7087171, 27.8729024 ], [ 92.7087034, 27.872819 ], [ 92.7086434, 27.8727014 ], [ 92.7085979, 27.8726504 ], [ 92.7085329, 27.872616 ], [ 92.7084807, 27.8725653 ], [ 92.7084599, 27.8725154 ], [ 92.7084763, 27.8724322 ], [ 92.7085322, 27.8723656 ], [ 92.7086277, 27.8723321 ], [ 92.708804, 27.872234 ], [ 92.7088399, 27.8722176 ], [ 92.7090263, 27.8720957 ], [ 92.7090534, 27.8720242 ], [ 92.7090696, 27.8719542 ], [ 92.7091282, 27.8718698 ], [ 92.7091629, 27.871715 ], [ 92.7092158, 27.8716485 ], [ 92.7092791, 27.8715839 ], [ 92.7093538, 27.8715339 ], [ 92.7095058, 27.8714207 ], [ 92.7095906, 27.8713728 ], [ 92.7099835, 27.8710915 ], [ 92.7100579, 27.8710483 ], [ 92.710091, 27.8708996 ], [ 92.7101296, 27.8708477 ], [ 92.7102472, 27.8707356 ], [ 92.7103213, 27.8706953 ], [ 92.7104147, 27.870673 ], [ 92.7104912, 27.8706404 ], [ 92.7105684, 27.8706047 ], [ 92.7106454, 27.8705528 ], [ 92.7107025, 27.8705219 ], [ 92.7108734, 27.8704541 ], [ 92.7109502, 27.8704065 ], [ 92.711008, 27.8703233 ], [ 92.7111046, 27.8703045 ], [ 92.7111817, 27.870271 ], [ 92.7112782, 27.8702508 ], [ 92.7113553, 27.8702472 ], [ 92.7115084, 27.8702245 ], [ 92.7115467, 27.8701556 ], [ 92.711549, 27.8697626 ], [ 92.7115106, 27.8697142 ], [ 92.7114915, 27.869665 ], [ 92.7114529, 27.8695961 ], [ 92.711453, 27.8695277 ], [ 92.7115111, 27.8694429 ], [ 92.7115499, 27.869374 ], [ 92.7116079, 27.8693229 ], [ 92.7116853, 27.8692903 ], [ 92.7117821, 27.8692569 ], [ 92.7118791, 27.8692421 ], [ 92.7119372, 27.8692256 ], [ 92.7120336, 27.869207 ], [ 92.7121112, 27.8691566 ], [ 92.7121694, 27.8691059 ], [ 92.7122276, 27.8690377 ], [ 92.7122857, 27.8689866 ], [ 92.7123249, 27.8689364 ], [ 92.7123638, 27.8688683 ], [ 92.7124414, 27.8688176 ], [ 92.7129074, 27.8685461 ], [ 92.7129855, 27.868547 ], [ 92.7130828, 27.8685135 ], [ 92.7131806, 27.8684977 ], [ 92.713239, 27.8684809 ], [ 92.7133924, 27.8684104 ], [ 92.7134873, 27.8683742 ], [ 92.713527, 27.8683067 ], [ 92.7135284, 27.8682395 ], [ 92.7135489, 27.8681548 ], [ 92.7135504, 27.8680875 ], [ 92.7135712, 27.8680201 ], [ 92.7137298, 27.8677477 ], [ 92.7137887, 27.8677138 ], [ 92.7138667, 27.8676625 ], [ 92.7139068, 27.8675945 ], [ 92.7139286, 27.8675269 ], [ 92.7139706, 27.8674425 ], [ 92.7140334, 27.8672893 ], [ 92.7140748, 27.867204 ], [ 92.7141149, 27.8671526 ], [ 92.7141354, 27.8670665 ], [ 92.7141757, 27.8669978 ], [ 92.7142159, 27.8669463 ], [ 92.7142538, 27.8668596 ], [ 92.7143138, 27.8668081 ], [ 92.7144736, 27.8667052 ], [ 92.7147186, 27.8664121 ], [ 92.7147391, 27.8663601 ], [ 92.7148208, 27.8662909 ], [ 92.7152878, 27.8660547 ], [ 92.715398, 27.8660243 ], [ 92.7154896, 27.8660134 ], [ 92.7156741, 27.8659468 ], [ 92.715748, 27.865896 ], [ 92.7158034, 27.8657691 ], [ 92.7158404, 27.8657039 ], [ 92.7158589, 27.8656423 ], [ 92.7159145, 27.8655471 ], [ 92.7159702, 27.8654708 ], [ 92.715989, 27.8654091 ], [ 92.7160079, 27.8653143 ], [ 92.7161198, 27.8651886 ], [ 92.7161755, 27.8651548 ], [ 92.7162315, 27.8650744 ], [ 92.7163611, 27.8649563 ], [ 92.7164363, 27.8648284 ], [ 92.7165495, 27.8647027 ], [ 92.716606, 27.864655 ], [ 92.7167375, 27.8645091 ], [ 92.7171893, 27.8642858 ], [ 92.717225, 27.8642263 ], [ 92.7172599, 27.8641502 ], [ 92.7173466, 27.8640894 ], [ 92.7174165, 27.8640598 ], [ 92.7174863, 27.8640145 ], [ 92.7175554, 27.8639531 ], [ 92.7176258, 27.8639237 ], [ 92.7176968, 27.8638793 ], [ 92.7177312, 27.8638177 ], [ 92.7177822, 27.8637557 ], [ 92.7178544, 27.8637426 ], [ 92.7178909, 27.8636978 ], [ 92.7180618, 27.863635 ], [ 92.7181309, 27.8636042 ], [ 92.7181824, 27.863558 ], [ 92.7182016, 27.8635129 ], [ 92.7182542, 27.8634519 ], [ 92.7182925, 27.863346 ], [ 92.7183289, 27.8633006 ], [ 92.7183653, 27.8632243 ], [ 92.7184341, 27.8631779 ], [ 92.7184858, 27.8631163 ], [ 92.7185364, 27.8630699 ], [ 92.7187708, 27.8627201 ], [ 92.7187783, 27.8626673 ], [ 92.7187835, 27.8625639 ], [ 92.7187802, 27.8625406 ], [ 92.7187879, 27.8622724 ], [ 92.7187968, 27.8622089 ], [ 92.7188373, 27.8621374 ], [ 92.7188651, 27.8621054 ], [ 92.7188743, 27.8620894 ], [ 92.7189166, 27.862057 ], [ 92.7189309, 27.8620407 ], [ 92.7189846, 27.8620112 ], [ 92.7190073, 27.8620032 ], [ 92.7190212, 27.8619911 ], [ 92.7190582, 27.8619708 ], [ 92.719105, 27.8619341 ], [ 92.7191512, 27.8619178 ], [ 92.7191881, 27.8618934 ], [ 92.7192107, 27.8618654 ], [ 92.7192422, 27.8618094 ], [ 92.7192564, 27.861797 ], [ 92.7192856, 27.8617518 ], [ 92.719295, 27.8617356 ], [ 92.7192996, 27.8617114 ], [ 92.7193176, 27.8616914 ], [ 92.71939, 27.8616556 ], [ 92.7194062, 27.8616567 ], [ 92.7194391, 27.8616426 ], [ 92.7194597, 27.8616398 ], [ 92.7197494, 27.8615636 ], [ 92.7197937, 27.8615279 ], [ 92.7198473, 27.8614928 ], [ 92.7199074, 27.8614595 ], [ 92.7199341, 27.8614282 ], [ 92.7199492, 27.8613902 ], [ 92.7199821, 27.8613363 ], [ 92.720029, 27.8612706 ], [ 92.7200455, 27.8612168 ], [ 92.7200464, 27.8612014 ], [ 92.7200348, 27.8611744 ], [ 92.7200228, 27.8611551 ], [ 92.720006, 27.8611397 ], [ 92.7199984, 27.8611203 ], [ 92.7199568, 27.8610937 ], [ 92.7199534, 27.8610821 ], [ 92.7199069, 27.8610431 ], [ 92.7198857, 27.8610194 ], [ 92.7198684, 27.8610116 ], [ 92.7198348, 27.8609842 ], [ 92.7197953, 27.8609766 ], [ 92.7197598, 27.8609647 ], [ 92.7197092, 27.8609606 ], [ 92.7196352, 27.8609441 ], [ 92.7196165, 27.8609358 ], [ 92.7195792, 27.8609315 ], [ 92.7195463, 27.8609231 ], [ 92.7194086, 27.8608726 ], [ 92.7193706, 27.8608638 ], [ 92.719296, 27.860831 ], [ 92.7192732, 27.860819 ], [ 92.7192551, 27.8608032 ], [ 92.7192281, 27.8607952 ], [ 92.7191524, 27.8607216 ], [ 92.7192526, 27.8605816 ], [ 92.7192531, 27.860566 ], [ 92.7192631, 27.8605349 ], [ 92.7192764, 27.8605195 ], [ 92.7193134, 27.8604461 ], [ 92.719351, 27.8603496 ], [ 92.7193632, 27.860334 ], [ 92.7193671, 27.8603223 ], [ 92.7193829, 27.8603065 ], [ 92.7194068, 27.8602981 ], [ 92.7194145, 27.8602861 ], [ 92.7195017, 27.860215 ], [ 92.7195268, 27.860202 ], [ 92.7196044, 27.8601793 ], [ 92.719609, 27.8601265 ], [ 92.7196232, 27.8600783 ], [ 92.7196501, 27.8600329 ], [ 92.7196856, 27.8599495 ], [ 92.719699, 27.8599324 ], [ 92.7197264, 27.8598702 ], [ 92.7197311, 27.8598499 ], [ 92.7197492, 27.859816 ], [ 92.7197909, 27.8596964 ], [ 92.7199444, 27.8593798 ], [ 92.7199444, 27.8593593 ], [ 92.7199632, 27.8593018 ], [ 92.7200052, 27.859244 ], [ 92.7200332, 27.8591905 ], [ 92.720084, 27.8590447 ], [ 92.7200931, 27.858976 ], [ 92.7200935, 27.8588647 ], [ 92.7201141, 27.8587823 ], [ 92.7201339, 27.8587576 ], [ 92.7201533, 27.8587475 ], [ 92.7201919, 27.8587162 ], [ 92.7201967, 27.8587033 ], [ 92.7202204, 27.8586784 ], [ 92.7202488, 27.8586371 ], [ 92.7202727, 27.8585823 ], [ 92.7202874, 27.8585309 ], [ 92.7202881, 27.8584745 ], [ 92.7202701, 27.8584249 ], [ 92.7202232, 27.8583789 ], [ 92.7201561, 27.8583407 ], [ 92.7201368, 27.8583332 ], [ 92.7201272, 27.8583079 ], [ 92.7201275, 27.8582349 ], [ 92.72025, 27.8576708 ], [ 92.7202906, 27.8576173 ], [ 92.7203719, 27.8575632 ], [ 92.7204327, 27.8574741 ], [ 92.7205551, 27.8573304 ], [ 92.7205975, 27.8572393 ], [ 92.7206183, 27.8571675 ], [ 92.7206208, 27.8568256 ], [ 92.7207047, 27.8566963 ], [ 92.7207259, 27.8566054 ], [ 92.720725, 27.8562138 ], [ 92.7207288, 27.8559916 ], [ 92.7207706, 27.8559535 ], [ 92.7207715, 27.8558799 ], [ 92.7208161, 27.8557279 ], [ 92.7208594, 27.8556146 ], [ 92.720882, 27.8555378 ], [ 92.7209038, 27.8554989 ], [ 92.7209482, 27.8554011 ], [ 92.7209706, 27.8553425 ], [ 92.7209942, 27.8552633 ], [ 92.7209994, 27.8549963 ], [ 92.7209973, 27.8547648 ], [ 92.721016, 27.8546971 ], [ 92.7210142, 27.8546292 ], [ 92.7210367, 27.8545699 ], [ 92.7212014, 27.8540428 ], [ 92.7212019, 27.8538837 ], [ 92.721244, 27.8538172 ], [ 92.7212445, 27.8536747 ], [ 92.7212657, 27.8535859 ], [ 92.7213081, 27.8535183 ], [ 92.7213293, 27.8534274 ], [ 92.7213293, 27.8533712 ], [ 92.7213717, 27.8533005 ], [ 92.7213721, 27.8530219 ], [ 92.7214144, 27.8529499 ], [ 92.7214148, 27.8528775 ], [ 92.7214996, 27.8527317 ], [ 92.7215634, 27.8526603 ], [ 92.7215639, 27.852569 ], [ 92.7215432, 27.8524954 ], [ 92.7214592, 27.8524407 ], [ 92.7214172, 27.8523853 ], [ 92.721333, 27.8523299 ], [ 92.7212698, 27.8522933 ], [ 92.7212277, 27.8522195 ], [ 92.7211857, 27.8521274 ], [ 92.7211647, 27.8520346 ], [ 92.7211653, 27.8516981 ], [ 92.7211866, 27.8515857 ], [ 92.7212079, 27.8515109 ], [ 92.7212718, 27.8514568 ], [ 92.7213568, 27.8514009 ], [ 92.721463, 27.8514016 ], [ 92.7215691, 27.8513829 ], [ 92.7216541, 27.8513832 ], [ 92.721739, 27.8513457 ], [ 92.7218667, 27.8512335 ], [ 92.7219311, 27.851159 ], [ 92.7219737, 27.8510839 ], [ 92.7220162, 27.8510277 ], [ 92.7220798, 27.8509713 ], [ 92.7221444, 27.8509342 ], [ 92.7222086, 27.8508781 ], [ 92.7222522, 27.8508033 ], [ 92.7222735, 27.8507469 ], [ 92.722316, 27.8506716 ], [ 92.722401, 27.850446 ], [ 92.7224231, 27.8503708 ], [ 92.7224449, 27.8503144 ], [ 92.7225326, 27.8501259 ], [ 92.7225335, 27.8500503 ], [ 92.7226216, 27.8498987 ], [ 92.7226431, 27.8498232 ], [ 92.7226881, 27.8497657 ], [ 92.7227101, 27.8496709 ], [ 92.7228207, 27.8495227 ], [ 92.722827, 27.8495 ], [ 92.7228462, 27.849466 ], [ 92.7228782, 27.8494321 ], [ 92.7229105, 27.8494207 ], [ 92.7229683, 27.8493867 ], [ 92.7229743, 27.8493699 ], [ 92.7229996, 27.8493474 ], [ 92.7230245, 27.8493082 ], [ 92.7230964, 27.8492623 ], [ 92.7231821, 27.8492273 ], [ 92.7232416, 27.8491867 ], [ 92.723268, 27.849158 ], [ 92.7232745, 27.849158 ], [ 92.7232949, 27.8491175 ], [ 92.7233081, 27.8491059 ], [ 92.7233275, 27.8490717 ], [ 92.7233663, 27.8490203 ], [ 92.7233786, 27.848975 ], [ 92.7233974, 27.8489299 ], [ 92.7234027, 27.8488909 ], [ 92.7234148, 27.8488687 ], [ 92.7234275, 27.8488575 ], [ 92.7234336, 27.8488465 ], [ 92.723451, 27.8487969 ], [ 92.723476, 27.8487748 ], [ 92.7234878, 27.8487474 ], [ 92.7235133, 27.8487137 ], [ 92.7235334, 27.8487016 ], [ 92.7235526, 27.8486734 ], [ 92.723624, 27.8485368 ], [ 92.7236505, 27.8485077 ], [ 92.7236708, 27.8484954 ], [ 92.7236968, 27.8484667 ], [ 92.7237432, 27.8484088 ], [ 92.7237562, 27.8483859 ], [ 92.7238044, 27.8483318 ], [ 92.7238314, 27.8483136 ], [ 92.7238857, 27.848294 ], [ 92.7239664, 27.848257 ], [ 92.7240523, 27.8481927 ], [ 92.7240937, 27.8481734 ], [ 92.7241273, 27.8481667 ], [ 92.7241537, 27.8481664 ], [ 92.7241794, 27.8481495 ], [ 92.7242342, 27.8481412 ], [ 92.7242893, 27.8481153 ], [ 92.7243021, 27.8480984 ], [ 92.7245459, 27.8479448 ], [ 92.7245981, 27.8478815 ], [ 92.724631, 27.847818 ], [ 92.7247102, 27.8477249 ], [ 92.7247741, 27.8475943 ], [ 92.7247864, 27.8475376 ], [ 92.7248109, 27.8474759 ], [ 92.7248114, 27.8474467 ], [ 92.7248239, 27.8474068 ], [ 92.7248252, 27.8473482 ], [ 92.7248408, 27.847266 ], [ 92.72486, 27.8472433 ], [ 92.724862, 27.8471849 ], [ 92.7248828, 27.8470929 ], [ 92.7249082, 27.8470475 ], [ 92.7249209, 27.8470019 ], [ 92.7249401, 27.8469619 ], [ 92.7249716, 27.8469163 ], [ 92.7250681, 27.8467269 ], [ 92.7250685, 27.8467041 ], [ 92.7250946, 27.8466698 ], [ 92.7251213, 27.8465901 ], [ 92.7251669, 27.846556 ], [ 92.7251926, 27.8465443 ], [ 92.7252058, 27.8465218 ], [ 92.7252318, 27.8464991 ], [ 92.7252963, 27.8464065 ], [ 92.7253156, 27.8463711 ], [ 92.7253413, 27.8463408 ], [ 92.7253543, 27.8463342 ], [ 92.7253802, 27.8462975 ], [ 92.7254261, 27.8462437 ], [ 92.7254723, 27.8461959 ], [ 92.7254986, 27.8461731 ], [ 92.7255315, 27.8461672 ], [ 92.7255776, 27.8461438 ], [ 92.7255908, 27.8461321 ], [ 92.725637, 27.8461145 ], [ 92.7256702, 27.8460844 ], [ 92.7256902, 27.8460721 ], [ 92.7257574, 27.8459992 ], [ 92.7258172, 27.8459752 ], [ 92.7258438, 27.8459576 ], [ 92.725877, 27.8459515 ], [ 92.7259237, 27.8458985 ], [ 92.725964, 27.8458449 ], [ 92.7259908, 27.845821 ], [ 92.7260041, 27.8457976 ], [ 92.7260374, 27.8457858 ], [ 92.726064, 27.8457681 ], [ 92.7260974, 27.8457267 ], [ 92.7261109, 27.845703 ], [ 92.7261244, 27.8456617 ], [ 92.7261445, 27.8456438 ], [ 92.7261447, 27.8455966 ], [ 92.7262819, 27.8455248 ], [ 92.7263284, 27.8454368 ], [ 92.726349, 27.8453774 ], [ 92.7263694, 27.8453359 ], [ 92.7263697, 27.8453238 ], [ 92.7263908, 27.8452874 ], [ 92.7264131, 27.8452322 ], [ 92.7264548, 27.8451659 ], [ 92.7265217, 27.8450952 ], [ 92.7265289, 27.8450771 ], [ 92.7265629, 27.8450353 ], [ 92.7265838, 27.8449934 ], [ 92.7265969, 27.8449877 ], [ 92.7266297, 27.8449529 ], [ 92.726709, 27.8449181 ], [ 92.7267284, 27.8449127 ], [ 92.7267541, 27.8448843 ], [ 92.7267734, 27.8448732 ], [ 92.7268165, 27.8448123 ], [ 92.7268403, 27.8447918 ], [ 92.7268462, 27.8447808 ], [ 92.7268885, 27.8447619 ], [ 92.7269133, 27.8447463 ], [ 92.7269259, 27.8447235 ], [ 92.726951, 27.8446957 ], [ 92.7269697, 27.8446557 ], [ 92.7269959, 27.8446209 ], [ 92.7269959, 27.844597 ], [ 92.7270027, 27.8445732 ], [ 92.72703, 27.8445074 ], [ 92.7270524, 27.8444401 ], [ 92.7270681, 27.8443729 ], [ 92.7270814, 27.8443434 ], [ 92.7270814, 27.8443019 ], [ 92.7270997, 27.8442499 ], [ 92.7271034, 27.8441925 ], [ 92.7271006, 27.8441404 ], [ 92.7271065, 27.8441289 ], [ 92.7271056, 27.8441055 ], [ 92.7271245, 27.8440342 ], [ 92.7271242, 27.8439802 ], [ 92.7270415, 27.8438239 ], [ 92.7270345, 27.8437999 ], [ 92.7270343, 27.8437758 ], [ 92.7270204, 27.8437336 ], [ 92.7270202, 27.8437034 ], [ 92.7269996, 27.8436612 ], [ 92.7269865, 27.8436069 ], [ 92.7269903, 27.843511 ], [ 92.7269991, 27.8434633 ], [ 92.7270203, 27.8434335 ], [ 92.7270306, 27.8433807 ], [ 92.7270515, 27.8433331 ], [ 92.7270587, 27.8433035 ], [ 92.727161, 27.843205 ], [ 92.7272282, 27.8431505 ], [ 92.7272888, 27.8430898 ], [ 92.7273154, 27.8430772 ], [ 92.727572, 27.8428128 ], [ 92.7276051, 27.8427834 ], [ 92.7276575, 27.8427219 ], [ 92.727802, 27.8425954 ], [ 92.7278378, 27.8425564 ], [ 92.7279651, 27.8423847 ], [ 92.7280501, 27.8423247 ], [ 92.7280928, 27.8423097 ], [ 92.7281186, 27.8422642 ], [ 92.7281522, 27.8422267 ], [ 92.7281842, 27.842152 ], [ 92.7282347, 27.842107 ], [ 92.7282938, 27.8420772 ], [ 92.728319, 27.8420547 ], [ 92.7283781, 27.8420173 ], [ 92.7284034, 27.841987 ], [ 92.7284458, 27.8419491 ], [ 92.7284887, 27.8419263 ], [ 92.7285059, 27.841911 ], [ 92.72861, 27.8418729 ], [ 92.7286965, 27.8418348 ], [ 92.7287137, 27.841804 ], [ 92.7287225, 27.841773 ], [ 92.7287487, 27.8417266 ], [ 92.7287574, 27.8416725 ], [ 92.7287571, 27.841626 ], [ 92.7287831, 27.8415639 ], [ 92.7288177, 27.8415482 ], [ 92.7288437, 27.841517 ], [ 92.7288873, 27.8414934 ], [ 92.7289399, 27.8414306 ], [ 92.7289487, 27.8414069 ], [ 92.7289838, 27.8413438 ], [ 92.7290283, 27.8412261 ], [ 92.729055, 27.8411711 ], [ 92.729064, 27.8411243 ], [ 92.7290996, 27.841054 ], [ 92.7290998, 27.8409384 ], [ 92.7291352, 27.8409149 ], [ 92.7291706, 27.8408991 ], [ 92.7292766, 27.8408303 ], [ 92.7294091, 27.840768 ], [ 92.7294351, 27.8407383 ], [ 92.7294703, 27.8407154 ], [ 92.7294967, 27.8406844 ], [ 92.7294967, 27.8406767 ], [ 92.7296921, 27.8404786 ], [ 92.729735, 27.8404648 ], [ 92.7298049, 27.8404192 ], [ 92.7298394, 27.8403738 ], [ 92.7298559, 27.8403365 ], [ 92.7298899, 27.8402917 ], [ 92.729888, 27.8402081 ], [ 92.7299059, 27.840153 ], [ 92.729959, 27.8400907 ], [ 92.7300112, 27.8400687 ], [ 92.7300454, 27.8400393 ], [ 92.7300791, 27.8400187 ], [ 92.7301041, 27.8399898 ], [ 92.7301123, 27.8399512 ], [ 92.7301296, 27.8399046 ], [ 92.730147, 27.8398738 ], [ 92.7301497, 27.8396802 ], [ 92.7301678, 27.8396246 ], [ 92.7301857, 27.839601 ], [ 92.7302391, 27.839554 ], [ 92.730283, 27.8395234 ], [ 92.7303008, 27.8394919 ], [ 92.7303273, 27.8394846 ], [ 92.730399, 27.8393896 ], [ 92.7304426, 27.8393436 ], [ 92.7304677, 27.839298 ], [ 92.7304841, 27.8392517 ], [ 92.7305, 27.8391653 ], [ 92.7305178, 27.8391497 ], [ 92.7305349, 27.839102 ], [ 92.7305358, 27.8388906 ], [ 92.7305093, 27.838858 ], [ 92.7304927, 27.8388174 ], [ 92.7304678, 27.8387851 ], [ 92.7304338, 27.8387132 ], [ 92.7304346, 27.8386255 ], [ 92.7304524, 27.8385855 ], [ 92.7305055, 27.838521 ], [ 92.7305234, 27.8384807 ], [ 92.7305771, 27.838408 ], [ 92.7306133, 27.8383675 ], [ 92.7306756, 27.8381979 ], [ 92.7307017, 27.8381512 ], [ 92.7307535, 27.8380898 ], [ 92.7307882, 27.8380594 ], [ 92.7308254, 27.8379945 ], [ 92.7308594, 27.8379488 ], [ 92.7308829, 27.8379285 ], [ 92.730912, 27.8379197 ], [ 92.7309976, 27.8378378 ], [ 92.7310321, 27.8377835 ], [ 92.7310656, 27.8377056 ], [ 92.7310824, 27.8376424 ], [ 92.7311416, 27.8375336 ], [ 92.7311669, 27.8375114 ], [ 92.7312075, 27.8375003 ], [ 92.7312324, 27.8374866 ], [ 92.7312677, 27.8374556 ], [ 92.7312951, 27.837415 ], [ 92.7313136, 27.8373742 ], [ 92.7313582, 27.8373022 ], [ 92.7314509, 27.8372371 ], [ 92.7314866, 27.8372221 ], [ 92.731515, 27.837197 ], [ 92.7315523, 27.8371724 ], [ 92.7316025, 27.8370951 ], [ 92.7318088, 27.8369295 ], [ 92.7319769, 27.836806 ], [ 92.7320053, 27.8367645 ], [ 92.7320432, 27.8367227 ], [ 92.7321015, 27.8366138 ], [ 92.7321845, 27.8365734 ], [ 92.7322033, 27.8365568 ], [ 92.7322681, 27.8365243 ], [ 92.7323127, 27.8364687 ], [ 92.7324642, 27.8363188 ], [ 92.7324573, 27.8361277 ], [ 92.7324856, 27.8360944 ], [ 92.732488, 27.8360578 ], [ 92.7324991, 27.8360224 ], [ 92.7325055, 27.8358822 ], [ 92.73254, 27.8358204 ], [ 92.7325572, 27.8357979 ], [ 92.7325655, 27.8357747 ], [ 92.7326221, 27.83568 ], [ 92.7326554, 27.8356116 ], [ 92.7326638, 27.8355798 ], [ 92.7326809, 27.8355407 ], [ 92.7326974, 27.8354858 ], [ 92.732703, 27.8352553 ], [ 92.7327141, 27.8352038 ], [ 92.7327448, 27.8351019 ], [ 92.7327969, 27.8350139 ], [ 92.7328452, 27.8349628 ], [ 92.7328662, 27.8349276 ], [ 92.7329039, 27.8349106 ], [ 92.7329242, 27.834876 ], [ 92.7329607, 27.8348521 ], [ 92.732996, 27.8348212 ], [ 92.7330747, 27.8347774 ], [ 92.7331022, 27.834745 ], [ 92.7331112, 27.8347453 ], [ 92.7331297, 27.8346798 ], [ 92.7331918, 27.8346668 ], [ 92.7332275, 27.8346441 ], [ 92.733263, 27.83463 ], [ 92.7332808, 27.8346146 ], [ 92.7332898, 27.8345818 ], [ 92.7333259, 27.8345504 ], [ 92.7333446, 27.8345258 ], [ 92.7333633, 27.8344926 ], [ 92.7333637, 27.8344588 ], [ 92.7333366, 27.8344242 ], [ 92.7333281, 27.8343818 ], [ 92.7333294, 27.8343307 ], [ 92.7333394, 27.8342971 ], [ 92.7333764, 27.8342727 ], [ 92.7333865, 27.834239 ], [ 92.7333871, 27.8342137 ], [ 92.7334063, 27.8341224 ], [ 92.7334061, 27.834048 ], [ 92.733424, 27.8340152 ], [ 92.7334512, 27.833999 ], [ 92.7334786, 27.8339994 ], [ 92.7335247, 27.8339833 ], [ 92.7336084, 27.8339841 ], [ 92.7336829, 27.8339515 ], [ 92.7337297, 27.8339267 ], [ 92.7337676, 27.8339186 ], [ 92.7338056, 27.8338934 ], [ 92.7338533, 27.8338343 ], [ 92.733863, 27.8337748 ], [ 92.7338631, 27.8336474 ], [ 92.7339019, 27.8335118 ], [ 92.7339022, 27.8334109 ], [ 92.733912, 27.8333777 ], [ 92.7339407, 27.8333357 ], [ 92.7339694, 27.8333102 ], [ 92.7339886, 27.8332767 ], [ 92.7339505, 27.8332446 ], [ 92.7339221, 27.8332289 ], [ 92.7338656, 27.833164 ], [ 92.7338469, 27.8331311 ], [ 92.7338469, 27.833106 ], [ 92.7338656, 27.8330372 ], [ 92.7338653, 27.8329497 ], [ 92.7339032, 27.8328796 ], [ 92.7339033, 27.8328457 ], [ 92.7338842, 27.832812 ], [ 92.7338843, 27.8327696 ], [ 92.7339034, 27.8327355 ], [ 92.7339416, 27.8327355 ], [ 92.7339894, 27.8327102 ], [ 92.7340563, 27.8327021 ], [ 92.7340945, 27.832678 ], [ 92.7341419, 27.832655 ], [ 92.7341892, 27.83264 ], [ 92.7342176, 27.8326404 ], [ 92.734265, 27.8326328 ], [ 92.734359, 27.8325943 ], [ 92.7343955, 27.8325566 ], [ 92.7344519, 27.8325407 ], [ 92.7345166, 27.8325023 ], [ 92.7345534, 27.8324713 ], [ 92.7346212, 27.8324505 ], [ 92.7346619, 27.8324281 ], [ 92.734704, 27.8324202 ], [ 92.7347457, 27.8324221 ], [ 92.7347872, 27.8324338 ], [ 92.7348282, 27.8324551 ], [ 92.73489, 27.8324665 ], [ 92.7349186, 27.8324502 ], [ 92.7349163, 27.8324108 ], [ 92.7349437, 27.832362 ], [ 92.7349733, 27.8323356 ], [ 92.7350135, 27.8323077 ], [ 92.7350234, 27.8322818 ], [ 92.7350439, 27.832246 ], [ 92.7350742, 27.83221 ], [ 92.7351949, 27.8321126 ], [ 92.7352401, 27.8320978 ], [ 92.7352603, 27.8320716 ], [ 92.7352976, 27.832047 ], [ 92.7353028, 27.8319663 ], [ 92.7354457, 27.8319131 ], [ 92.7354555, 27.8318872 ], [ 92.735485, 27.8318526 ], [ 92.7354869, 27.831808 ], [ 92.7355061, 27.8317502 ], [ 92.7355275, 27.8317 ], [ 92.7355598, 27.8316638 ], [ 92.7355903, 27.8315947 ], [ 92.7356005, 27.8315602 ], [ 92.7356398, 27.8315343 ], [ 92.7357116, 27.8315034 ], [ 92.7358508, 27.8314907 ], [ 92.7358978, 27.8314748 ], [ 92.7359355, 27.8314673 ], [ 92.7359664, 27.8314403 ], [ 92.7360167, 27.8314137 ], [ 92.7360383, 27.8313863 ], [ 92.7360798, 27.8313502 ], [ 92.7361034, 27.8313043 ], [ 92.7361075, 27.8312585 ], [ 92.7360829, 27.8312212 ], [ 92.7360475, 27.8311934 ], [ 92.7360399, 27.8311578 ], [ 92.7360594, 27.8311319 ], [ 92.7361056, 27.8311159 ], [ 92.7361506, 27.8311178 ], [ 92.7361791, 27.8310922 ], [ 92.7362262, 27.8310845 ], [ 92.7362564, 27.8310582 ], [ 92.7362886, 27.8310136 ], [ 92.7363194, 27.8309612 ], [ 92.7363576, 27.8308836 ], [ 92.7364054, 27.8308668 ], [ 92.7365109, 27.8307896 ], [ 92.7365497, 27.830755 ], [ 92.736578, 27.8307206 ], [ 92.7365974, 27.8306771 ], [ 92.7366267, 27.8306423 ], [ 92.7366508, 27.8305721 ], [ 92.7366807, 27.8305374 ], [ 92.7367272, 27.8305203 ], [ 92.7367654, 27.8304942 ], [ 92.7368046, 27.8304594 ], [ 92.736863, 27.8303895 ], [ 92.7368651, 27.8302854 ], [ 92.7368752, 27.8302506 ], [ 92.7368941, 27.8302155 ], [ 92.7369036, 27.8301629 ], [ 92.7369317, 27.8301358 ], [ 92.7369503, 27.8301088 ], [ 92.7370479, 27.8299226 ], [ 92.7370698, 27.8298639 ], [ 92.7371007, 27.829822 ], [ 92.7371405, 27.8297962 ], [ 92.7371794, 27.8297862 ], [ 92.7372187, 27.8297594 ], [ 92.7372676, 27.8297486 ], [ 92.7372874, 27.8297221 ], [ 92.7372879, 27.8296446 ], [ 92.7373077, 27.8296093 ], [ 92.7373472, 27.8295817 ], [ 92.7373869, 27.8295455 ], [ 92.7374664, 27.8295086 ], [ 92.7375263, 27.829445 ], [ 92.7375563, 27.8294269 ], [ 92.7375762, 27.8293936 ], [ 92.7375862, 27.8293583 ], [ 92.7376063, 27.82933 ], [ 92.7376573, 27.8292256 ], [ 92.7377285, 27.8291765 ], [ 92.7377589, 27.8291671 ], [ 92.7378199, 27.8290852 ], [ 92.7378201, 27.8290309 ], [ 92.7378513, 27.8289829 ], [ 92.7378924, 27.8289362 ], [ 92.7379232, 27.8289166 ], [ 92.738006, 27.8288758 ], [ 92.7380269, 27.8288383 ], [ 92.7380688, 27.8288081 ], [ 92.7381006, 27.828769 ], [ 92.7381111, 27.8287502 ], [ 92.7381411, 27.8286709 ], [ 92.7381408, 27.8286449 ], [ 92.7381502, 27.8285842 ], [ 92.7381703, 27.8285491 ], [ 92.7381888, 27.8284738 ], [ 92.7382187, 27.82844 ], [ 92.7382581, 27.8284164 ], [ 92.7384369, 27.8283641 ] ] } },
{ "type": "Feature", "properties": { "osm_id": 1033558762, "tags": { "waterway": "river" }, "inside_district": true }, "geometry": { "type": "LineString", "coordinates": [ [ 92.257766, 27.1175033 ], [ 92.2579275, 27.1176576 ], [ 92.2581771, 27.1179483 ], [ 92.2583281, 27.1181924 ], [ 92.2583712, 27.1183597 ], [ 92.2583651, 27.1185187 ], [ 92.2582911, 27.1187518 ], [ 92.2581309, 27.1191166 ], [ 92.2580138, 27.1194073 ], [ 92.2579584, 27.119665 ], [ 92.2579584, 27.1198762 ], [ 92.2580015, 27.1201257 ], [ 92.2580636, 27.1202459 ], [ 92.2580724, 27.1202629 ], [ 92.2581833, 27.1203424 ], [ 92.258439, 27.1204623 ] ] } },
{ "type": "Feature", "properties": { "osm_id": 1033562714, "tags": { "name": "帕乃河", "name:zh": "帕乃河", "name:zh-Hans": "帕乃河", "name:zh-Hant": "帕乃河", "waterway": "river" }, "inside_district": true }, "geometry": { "type": "LineString", "coordinates": [ [ 92.3745048, 27.0621037 ], [ 92.3747143, 27.061566 ], [ 92.3746404, 27.061127 ], [ 92.3741967, 27.0608965 ], [ 92.3736298, 27.0606551 ], [ 92.3733217, 27.0605014 ], [ 92.3729643, 27.0601612 ], [ 92.372952, 27.0598758 ], [ 92.3733094, 27.0595685 ], [ 92.37379, 27.0594258 ], [ 92.3740858, 27.0591734 ], [ 92.3743199, 27.0588003 ], [ 92.3746404, 27.0585149 ], [ 92.3752844, 27.0584267 ], [ 92.3760081, 27.0583977 ], [ 92.3768781, 27.0584556 ], [ 92.3773009, 27.0585063 ], [ 92.3776749, 27.0584267 ], [ 92.377927, 27.0582311 ], [ 92.3780652, 27.0579125 ], [ 92.3782522, 27.0576084 ], [ 92.3786018, 27.0572898 ], [ 92.3793417, 27.0570509 ], [ 92.3799028, 27.0569422 ], [ 92.3803988, 27.0568264 ], [ 92.3806671, 27.0566309 ], [ 92.3808216, 27.0563847 ], [ 92.3808704, 27.0561023 ], [ 92.3808216, 27.0557475 ], [ 92.3808622, 27.0553709 ], [ 92.3808053, 27.055074 ], [ 92.3805532, 27.0547916 ], [ 92.3802849, 27.0544513 ], [ 92.3800654, 27.054053 ], [ 92.3800654, 27.0535968 ], [ 92.3797808, 27.0532782 ], [ 92.3793987, 27.0532275 ], [ 92.3790897, 27.0531841 ], [ 92.3788051, 27.0530682 ], [ 92.3786669, 27.0529017 ], [ 92.378553, 27.052612 ], [ 92.3785368, 27.0522282 ], [ 92.3784717, 27.0520255 ], [ 92.3782685, 27.0518227 ], [ 92.3781221, 27.051562 ], [ 92.3780652, 27.0512362 ], [ 92.3781546, 27.0509465 ], [ 92.378553, 27.050541 ], [ 92.3788214, 27.0500775 ], [ 92.3792116, 27.0493751 ], [ 92.3796507, 27.0488827 ], [ 92.3802036, 27.0485278 ], [ 92.380789, 27.0482164 ], [ 92.38122, 27.0479268 ], [ 92.3816021, 27.0474199 ], [ 92.3818298, 27.0467319 ], [ 92.381781, 27.0462757 ], [ 92.3817078, 27.045957 ], [ 92.3817078, 27.0456456 ], [ 92.3820006, 27.0452691 ], [ 92.3824803, 27.0449866 ], [ 92.3829112, 27.0446173 ], [ 92.3832121, 27.0441393 ], [ 92.3833422, 27.0436686 ], [ 92.383334, 27.042872 ], [ 92.3832852, 27.041974 ], [ 92.3832934, 27.0415178 ], [ 92.3833909, 27.0412498 ], [ 92.3836999, 27.0410543 ], [ 92.3838381, 27.0408805 ], [ 92.3839276, 27.0406197 ], [ 92.3839195, 27.0401128 ], [ 92.3839113, 27.0398086 ], [ 92.3841309, 27.0394465 ], [ 92.384513, 27.039193 ], [ 92.3846431, 27.0388961 ], [ 92.3845374, 27.0385123 ], [ 92.3844724, 27.0379763 ], [ 92.3844073, 27.0374549 ], [ 92.3844317, 27.0368755 ], [ 92.3844154, 27.0362744 ], [ 92.384261, 27.0358471 ], [ 92.3839195, 27.0354343 ], [ 92.3832446, 27.0351663 ], [ 92.3826185, 27.0347969 ], [ 92.3822526, 27.0344638 ], [ 92.3819518, 27.0340944 ], [ 92.3811875, 27.0334064 ], [ 92.3802849, 27.0325518 ], [ 92.3792279, 27.0317116 ], [ 92.3781709, 27.0307918 ], [ 92.3777399, 27.0303789 ], [ 92.3775367, 27.0299806 ], [ 92.3775204, 27.0296112 ], [ 92.3775123, 27.0289666 ], [ 92.3775123, 27.0285248 ], [ 92.3776586, 27.028083 ], [ 92.377992, 27.0275253 ], [ 92.3784961, 27.027069 ], [ 92.3791303, 27.0268444 ], [ 92.3797727, 27.0267285 ], [ 92.3803256, 27.0265764 ], [ 92.3805045, 27.0263519 ], [ 92.3805776, 27.0257 ], [ 92.3808378, 27.0245411 ], [ 92.3811305, 27.023911 ], [ 92.3816265, 27.0232736 ], [ 92.3821876, 27.0228462 ], [ 92.3826836, 27.0223247 ], [ 92.3829925, 27.0216656 ], [ 92.3829519, 27.0211223 ], [ 92.3828136, 27.0205573 ], [ 92.3824234, 27.0200431 ], [ 92.3819436, 27.0197606 ], [ 92.3808541, 27.0199416 ], [ 92.3802931, 27.0201082 ], [ 92.3799028, 27.0200431 ], [ 92.3797402, 27.0197243 ], [ 92.3797239, 27.0193622 ], [ 92.3799841, 27.0188986 ], [ 92.3803825, 27.0186451 ], [ 92.3805776, 27.0182684 ], [ 92.3803988, 27.0174499 ], [ 92.3802768, 27.0168704 ], [ 92.380163, 27.0163488 ], [ 92.3800573, 27.0160156 ], [ 92.3800735, 27.0156969 ], [ 92.3801711, 27.0155013 ], [ 92.3806102, 27.0151754 ], [ 92.3810248, 27.0147118 ], [ 92.381472, 27.01448 ], [ 92.381903, 27.0143278 ], [ 92.3820656, 27.0140598 ], [ 92.38209, 27.0136542 ], [ 92.3819599, 27.0132702 ], [ 92.3819924, 27.0130167 ], [ 92.3822607, 27.0125821 ], [ 92.382651, 27.0120533 ], [ 92.383025, 27.0116041 ], [ 92.3833104, 27.0111197 ], [ 92.3832219, 27.010695 ], [ 92.3827082, 27.0102956 ], [ 92.3825681, 27.0099045 ], [ 92.3827549, 27.0095633 ], [ 92.3831659, 27.0093636 ], [ 92.3840158, 27.0091972 ], [ 92.3855195, 27.009089 ], [ 92.3865469, 27.008881 ], [ 92.3868551, 27.0085481 ], [ 92.3868738, 27.0079906 ], [ 92.3869112, 27.0069504 ], [ 92.3869018, 27.0058436 ], [ 92.3870326, 27.0052778 ], [ 92.3873128, 27.0047868 ], [ 92.387621, 27.0045538 ], [ 92.3884336, 27.004404 ], [ 92.3896571, 27.0045205 ], [ 92.3905538, 27.0045371 ], [ 92.3912449, 27.0043541 ], [ 92.3921322, 27.0038714 ], [ 92.3930195, 27.0034054 ], [ 92.3935799, 27.002698 ], [ 92.394103, 27.0018825 ], [ 92.3946354, 27.0012583 ], [ 92.3948408, 27.0004927 ], [ 92.3949342, 26.9999268 ], [ 92.3952425, 26.9996023 ], [ 92.3958215, 26.9994275 ], [ 92.3964847, 26.9994109 ], [ 92.397344, 26.9994608 ], [ 92.3981379, 26.9992611 ], [ 92.3988851, 26.9989615 ], [ 92.3997163, 26.9986869 ], [ 92.4004168, 26.9984289 ], [ 92.4009118, 26.9984122 ], [ 92.4016964, 26.9984954 ], [ 92.4022008, 26.9986036 ], [ 92.4025557, 26.9987035 ], [ 92.4027705, 26.9986452 ], [ 92.4028546, 26.9983456 ], [ 92.4027612, 26.9979795 ], [ 92.4025557, 26.9972471 ], [ 92.402593, 26.9965481 ], [ 92.4028732, 26.9958906 ], [ 92.4033029, 26.9952997 ], [ 92.4037325, 26.9949335 ], [ 92.4041715, 26.9948836 ], [ 92.4050121, 26.9950334 ], [ 92.4059741, 26.9954412 ], [ 92.40674, 26.9955494 ], [ 92.4073938, 26.995358 ], [ 92.407702, 26.9950084 ], [ 92.4079635, 26.9943926 ], [ 92.4084679, 26.9939515 ], [ 92.4091217, 26.9937268 ], [ 92.4096634, 26.9936435 ], [ 92.4099997, 26.9934438 ], [ 92.4101491, 26.9930943 ], [ 92.4103639, 26.9927198 ], [ 92.4107095, 26.9923286 ], [ 92.4111765, 26.9919374 ], [ 92.4115875, 26.9914464 ], [ 92.4122413, 26.9908222 ], [ 92.4131005, 26.9902895 ], [ 92.4139038, 26.9900399 ], [ 92.4150433, 26.9900232 ], [ 92.4156317, 26.9901314 ], [ 92.4163975, 26.9902146 ], [ 92.4167992, 26.9901564 ], [ 92.417293, 26.9899133 ], [ 92.4177589, 26.98959 ], [ 92.4179821, 26.9892658 ], [ 92.4181125, 26.9889529 ] ] } },
{ "type": "Feature", "properties": { "osm_id": 1033562715, "tags": { "waterway": "river" }, "inside_district": true }, "geometry": { "type": "LineString", "coordinates": [ [ 92.4385085, 27.0267988 ], [ 92.4380939, 27.0265887 ], [ 92.4377768, 27.0264511 ], [ 92.4374271, 27.0264438 ], [ 92.4370775, 27.0264438 ], [ 92.4366466, 27.026328 ], [ 92.4362481, 27.0262121 ], [ 92.4358985, 27.0260093 ], [ 92.4355895, 27.0258209 ], [ 92.4351586, 27.0256399 ], [ 92.4346951, 27.0252632 ], [ 92.4342073, 27.0249445 ], [ 92.4339146, 27.0248286 ], [ 92.4335243, 27.0248649 ], [ 92.4332072, 27.0250677 ], [ 92.432703, 27.0253212 ], [ 92.4322802, 27.0254153 ], [ 92.4319143, 27.0253429 ], [ 92.4314915, 27.0251256 ], [ 92.43115, 27.024959 ], [ 92.430711, 27.02493 ], [ 92.4302312, 27.0249663 ], [ 92.4296621, 27.0250242 ], [ 92.4292555, 27.0249952 ], [ 92.4288409, 27.0248142 ], [ 92.4285644, 27.0245679 ], [ 92.4283042, 27.0243723 ], [ 92.4278651, 27.0243216 ], [ 92.4273041, 27.0243723 ], [ 92.4268163, 27.0246186 ], [ 92.4263284, 27.0246765 ], [ 92.4259381, 27.0246621 ], [ 92.4255722, 27.0245462 ], [ 92.4252632, 27.024452 ], [ 92.4249624, 27.0245027 ], [ 92.4245965, 27.0247779 ], [ 92.4241574, 27.0249156 ], [ 92.4238566, 27.0247852 ], [ 92.423759, 27.0245606 ], [ 92.4239054, 27.024213 ], [ 92.4239542, 27.0232062 ], [ 92.4236858, 27.0226412 ], [ 92.4232061, 27.0223008 ], [ 92.4226613, 27.0222863 ], [ 92.4220759, 27.0223877 ], [ 92.4217669, 27.022308 ], [ 92.4216368, 27.0221414 ], [ 92.4216938, 27.0219241 ], [ 92.4216032, 27.0216715 ], [ 92.4215567, 27.021496 ], [ 92.4215836, 27.0213335 ], [ 92.4218142, 27.0211615 ], [ 92.4220234, 27.0210611 ], [ 92.4222005, 27.0209417 ], [ 92.4223453, 27.0204924 ], [ 92.4222917, 27.0203156 ], [ 92.4219108, 27.0200193 ], [ 92.4215782, 27.0196848 ], [ 92.4213797, 27.0193933 ], [ 92.4213046, 27.0191687 ], [ 92.4213475, 27.019011 ], [ 92.4214924, 27.0188867 ], [ 92.4218518, 27.0185235 ], [ 92.4219162, 27.0183037 ], [ 92.4218893, 27.0178927 ], [ 92.4217928, 27.01741 ], [ 92.4217338, 27.0171329 ], [ 92.4218196, 27.0169417 ], [ 92.4220073, 27.0168031 ], [ 92.4223507, 27.0165737 ], [ 92.4224365, 27.0163634 ], [ 92.422517, 27.0160193 ], [ 92.4224848, 27.0156322 ], [ 92.4225652, 27.0154363 ], [ 92.4228442, 27.01514 ], [ 92.4231178, 27.0147816 ], [ 92.4232733, 27.0144327 ], [ 92.4233538, 27.0141316 ], [ 92.4233109, 27.0139118 ], [ 92.4232412, 27.013711 ], [ 92.4230749, 27.0135438 ], [ 92.4229461, 27.0133383 ], [ 92.4229568, 27.0131232 ], [ 92.423048, 27.0128938 ], [ 92.4230963, 27.0126596 ], [ 92.4230534, 27.0123299 ], [ 92.4228817, 27.0116464 ], [ 92.42293, 27.0113167 ], [ 92.423048, 27.0109965 ], [ 92.4230588, 27.0107718 ], [ 92.4229837, 27.0105329 ], [ 92.422871, 27.010313 ], [ 92.4226779, 27.0099546 ], [ 92.4225545, 27.0096439 ], [ 92.4225492, 27.0092807 ], [ 92.4226833, 27.0086641 ], [ 92.422753, 27.0083869 ], [ 92.4228925, 27.008148 ], [ 92.4230534, 27.0079711 ], [ 92.4231392, 27.0078182 ], [ 92.4230749, 27.0074645 ], [ 92.4229998, 27.0070153 ], [ 92.4230105, 27.0067333 ], [ 92.4228388, 27.0064943 ], [ 92.4226779, 27.0064178 ], [ 92.4224258, 27.0064417 ], [ 92.422238, 27.0063366 ], [ 92.422179, 27.006088 ], [ 92.4222219, 27.0059064 ], [ 92.422356, 27.0057726 ], [ 92.4225384, 27.005548 ], [ 92.4225223, 27.0053998 ], [ 92.4223936, 27.0052803 ], [ 92.4219966, 27.0050652 ], [ 92.4216962, 27.0048071 ], [ 92.4216104, 27.0045777 ], [ 92.4216211, 27.0042623 ], [ 92.4216855, 27.0038321 ], [ 92.4217391, 27.0035167 ], [ 92.4217069, 27.0032347 ], [ 92.4215514, 27.0029431 ], [ 92.4212778, 27.0024699 ], [ 92.4211061, 27.0020159 ], [ 92.420972, 27.0012272 ], [ 92.4209881, 27.0010408 ], [ 92.4211812, 27.0007301 ], [ 92.4212241, 27.0004911 ], [ 92.4211812, 27.0002665 ], [ 92.4209506, 27.0000132 ], [ 92.420559, 26.9991958 ], [ 92.4202156, 26.9983402 ], [ 92.4200118, 26.9976759 ], [ 92.4198187, 26.9972648 ], [ 92.4195612, 26.9969445 ], [ 92.419529, 26.9966769 ], [ 92.4196202, 26.9964666 ], [ 92.4198616, 26.9959981 ], [ 92.4201727, 26.9955631 ], [ 92.4202532, 26.9953528 ], [ 92.4202049, 26.995219 ], [ 92.4201352, 26.9950708 ], [ 92.4201888, 26.994894 ], [ 92.4203605, 26.9946741 ], [ 92.4207199, 26.994459 ], [ 92.421192, 26.9942104 ], [ 92.4214173, 26.9938328 ], [ 92.4214709, 26.9934313 ], [ 92.4215514, 26.9928864 ], [ 92.4215353, 26.9924992 ], [ 92.4213583, 26.9921216 ], [ 92.4213368, 26.9916961 ], [ 92.4213422, 26.9914141 ], [ 92.4212885, 26.9912994 ], [ 92.4211329, 26.9912468 ], [ 92.4210257, 26.991156 ], [ 92.4209559, 26.9909791 ], [ 92.4209639, 26.9903326 ], [ 92.4209023, 26.9901569 ], [ 92.4208057, 26.990047 ], [ 92.4205268, 26.9898701 ], [ 92.4201137, 26.9897172 ], [ 92.4196953, 26.9895403 ], [ 92.419191, 26.9893634 ], [ 92.4187243, 26.9892965 ], [ 92.4183166, 26.9891866 ], [ 92.4181125, 26.9889529 ] ] } },
{ "type": "Feature", "properties": { "osm_id": 1033567910, "tags": { "waterway": "river" }, "inside_district": true }, "geometry": { "type": "LineString", "coordinates": [ [ 92.1487979, 26.951984 ], [ 92.1485744, 26.9515565 ], [ 92.1484606, 26.9511578 ], [ 92.148363, 26.950694 ], [ 92.1482492, 26.9503461 ], [ 92.1480215, 26.9499909 ], [ 92.1478101, 26.9497228 ], [ 92.1477125, 26.9494473 ], [ 92.1477207, 26.9491429 ], [ 92.1476889, 26.948765 ] ] } },
{ "type": "Feature", "properties": { "osm_id": 1056242839, "tags": { "waterway": "stream" }, "inside_district": true }, "geometry": { "type": "LineString", "coordinates": [ [ 92.0623183, 27.3484602 ], [ 92.0617604, 27.3481076 ], [ 92.0612347, 27.3474977 ], [ 92.0607948, 27.3468687 ], [ 92.06043, 27.346459 ], [ 92.0601296, 27.3459253 ], [ 92.0598614, 27.3453916 ], [ 92.0602047, 27.3446578 ], [ 92.0607948, 27.3438478 ], [ 92.0614707, 27.3433427 ], [ 92.0618248, 27.3428662 ], [ 92.0621467, 27.3417416 ], [ 92.06249, 27.3404645 ], [ 92.0626509, 27.3392256 ], [ 92.0627153, 27.33873 ], [ 92.0631122, 27.337958 ], [ 92.0636701, 27.3371479 ], [ 92.0637882, 27.3363378 ], [ 92.0638525, 27.3356039 ], [ 92.0634663, 27.3349559 ], [ 92.0631874, 27.3342124 ], [ 92.0632303, 27.333164 ], [ 92.0634834, 27.332121 ], [ 92.063713, 27.3314183 ], [ 92.0642617, 27.3307836 ], [ 92.064721, 27.3302395 ], [ 92.0646125, 27.3297351 ], [ 92.0646955, 27.3292874 ], [ 92.0649889, 27.328919 ], [ 92.0651739, 27.3280576 ], [ 92.0649506, 27.3274852 ], [ 92.0649493, 27.3270614 ] ] } },
{ "type": "Feature", "properties": { "osm_id": 1056242871, "tags": { "name": "Dirang Chu", "name:en": "Dirang Chu", "name:zh": "科马河", "name:zh-Hans": "科马河", "name:zh-Hant": "科馬河", "waterway": "river" }, "inside_district": true }, "geometry": { "type": "LineString", "coordinates": [ [ 92.1295017, 27.4051098 ], [ 92.1301353, 27.4048138 ], [ 92.1313262, 27.4044138 ], [ 92.1321738, 27.4040804 ], [ 92.1333432, 27.4038042 ], [ 92.1341693, 27.4037375 ], [ 92.1351778, 27.4036423 ], [ 92.1364868, 27.4028898 ], [ 92.1371305, 27.4024421 ], [ 92.1380317, 27.402404 ], [ 92.1392548, 27.4023754 ], [ 92.1402633, 27.4021087 ], [ 92.1414113, 27.4019278 ], [ 92.1418404, 27.4015753 ], [ 92.1429348, 27.4010991 ], [ 92.1442759, 27.4007276 ], [ 92.1450269, 27.4004704 ], [ 92.1458208, 27.4001942 ], [ 92.1460032, 27.3997751 ], [ 92.1464646, 27.399356 ], [ 92.147516, 27.3993845 ], [ 92.148267, 27.3989178 ], [ 92.148385, 27.3981939 ], [ 92.1487713, 27.3972032 ], [ 92.1496725, 27.3966031 ], [ 92.1516144, 27.3958697 ], [ 92.1539855, 27.3948504 ], [ 92.1562262, 27.3940605 ], [ 92.1590484, 27.3933325 ], [ 92.1606072, 27.3934382 ], [ 92.1620019, 27.3943717 ], [ 92.1643086, 27.3936478 ], [ 92.1648469, 27.3939694 ], [ 92.1646291, 27.3952947 ], [ 92.1648558, 27.3962387 ], [ 92.1658931, 27.3966826 ], [ 92.1669669, 27.3981981 ], [ 92.1677994, 27.3982799 ], [ 92.1683534, 27.3983343 ], [ 92.1689864, 27.3988487 ], [ 92.1694477, 27.3996203 ], [ 92.1697589, 27.3999251 ], [ 92.1703532, 27.3997625 ], [ 92.1735783, 27.3984677 ], [ 92.1745761, 27.3977438 ], [ 92.1758743, 27.3977723 ], [ 92.1769412, 27.3971332 ], [ 92.1781041, 27.3950555 ], [ 92.1791341, 27.3935505 ], [ 92.1796276, 27.3937791 ], [ 92.180958, 27.3941601 ], [ 92.1825029, 27.394103 ], [ 92.1845199, 27.3939124 ], [ 92.1865584, 27.392655 ], [ 92.1882106, 27.3929027 ], [ 92.1908224, 27.3928671 ], [ 92.1919014, 27.3916072 ], [ 92.1926953, 27.3908261 ], [ 92.1937896, 27.3905212 ], [ 92.1949269, 27.3909023 ], [ 92.1960685, 27.3916288 ], [ 92.1980812, 27.3914167 ], [ 92.1993686, 27.3916262 ], [ 92.199948, 27.3920644 ], [ 92.2003557, 27.3926741 ], [ 92.2010568, 27.3929628 ], [ 92.2026946, 27.392998 ], [ 92.2043468, 27.3936076 ], [ 92.2045894, 27.3936228 ] ] } },
{ "type": "Feature", "properties": { "osm_id": 1056372833, "tags": { "waterway": "stream" }, "inside_district": true }, "geometry": { "type": "LineString", "coordinates": [ [ 92.0360232, 27.2941783 ], [ 92.0360487, 27.2938154 ], [ 92.0361062, 27.2935263 ], [ 92.0361444, 27.2934186 ], [ 92.0362656, 27.2932003 ], [ 92.0362943, 27.2930841 ], [ 92.0364506, 27.2926788 ], [ 92.0364889, 27.2926136 ], [ 92.0366197, 27.292469 ], [ 92.0367313, 27.2922592 ], [ 92.0368494, 27.2919474 ], [ 92.0369674, 27.2918029 ], [ 92.037028, 27.291698 ], [ 92.0370503, 27.2915279 ], [ 92.0371588, 27.2913181 ], [ 92.0371779, 27.2912076 ], [ 92.0371651, 27.2911509 ], [ 92.0370726, 27.2910602 ], [ 92.0370503, 27.290944 ], [ 92.0370694, 27.2908844 ], [ 92.0372863, 27.2905471 ], [ 92.0374235, 27.290292 ], [ 92.0375256, 27.2902268 ], [ 92.0375957, 27.2901276 ], [ 92.0375734, 27.2898384 ], [ 92.0376021, 27.2897874 ], [ 92.0377552, 27.2896825 ], [ 92.037768, 27.2896258 ], [ 92.0378286, 27.2896032 ], [ 92.0378701, 27.2895606 ], [ 92.0379147, 27.2894529 ], [ 92.0379658, 27.2894104 ], [ 92.0380295, 27.2893934 ], [ 92.0383102, 27.289263 ], [ 92.0384952, 27.289005 ], [ 92.0387281, 27.2888009 ], [ 92.0389673, 27.2887017 ], [ 92.0392384, 27.2885572 ], [ 92.0395574, 27.2884579 ], [ 92.0400582, 27.288234 ], [ 92.0403931, 27.2880157 ], [ 92.0404952, 27.2878683 ], [ 92.0406834, 27.2874176 ], [ 92.040728, 27.2872475 ], [ 92.0407536, 27.2870491 ], [ 92.0408046, 27.2869442 ], [ 92.0408971, 27.2868506 ], [ 92.0411842, 27.2866607 ], [ 92.0414712, 27.2865076 ], [ 92.041551, 27.2864169 ], [ 92.0415733, 27.2862497 ], [ 92.0415542, 27.2858953 ], [ 92.0415797, 27.2857848 ], [ 92.0416116, 27.2857224 ], [ 92.0416945, 27.285626 ], [ 92.0417232, 27.2855098 ], [ 92.04172, 27.2848975 ], [ 92.0416818, 27.2847217 ], [ 92.0417105, 27.2846083 ], [ 92.0417137, 27.2842426 ], [ 92.0416754, 27.2840669 ], [ 92.0416594, 27.283653 ], [ 92.0416977, 27.28331 ], [ 92.0416977, 27.2832504 ], [ 92.0416658, 27.2831342 ], [ 92.0416658, 27.2828989 ], [ 92.0417009, 27.2825502 ], [ 92.0417392, 27.2824397 ], [ 92.0418795, 27.2823008 ], [ 92.0418987, 27.2820003 ], [ 92.0419306, 27.281884 ], [ 92.0419656, 27.2818358 ], [ 92.0421219, 27.2816969 ], [ 92.0422176, 27.2815382 ], [ 92.0423548, 27.2811952 ], [ 92.0423994, 27.2810449 ], [ 92.0424377, 27.2809939 ], [ 92.0424951, 27.2809655 ], [ 92.0428205, 27.2808975 ], [ 92.0431522, 27.2807983 ], [ 92.0432128, 27.2807671 ], [ 92.0435445, 27.2804552 ], [ 92.0436594, 27.280373 ], [ 92.0438954, 27.2802511 ], [ 92.0441761, 27.2800498 ], [ 92.04446, 27.2797125 ], [ 92.0446888, 27.2795211 ], [ 92.0450001, 27.2790921 ], [ 92.0450678, 27.2789318 ], [ 92.045185, 27.2784547 ], [ 92.0453429, 27.2781299 ], [ 92.0454016, 27.2780658 ], [ 92.0457264, 27.2778853 ], [ 92.0458662, 27.2777851 ], [ 92.0462361, 27.2773722 ], [ 92.046403, 27.2769712 ], [ 92.0465022, 27.2768229 ], [ 92.0467413, 27.2765583 ], [ 92.0468992, 27.2763498 ], [ 92.0471202, 27.2761934 ], [ 92.0475307, 27.2759929 ], [ 92.0477021, 27.2758727 ], [ 92.0477698, 27.2758085 ], [ 92.04786, 27.2756642 ], [ 92.0479096, 27.2754156 ], [ 92.0479142, 27.2750628 ], [ 92.0478871, 27.274742 ], [ 92.0479051, 27.2745857 ], [ 92.0479593, 27.2744253 ], [ 92.048063, 27.2742809 ], [ 92.0482029, 27.2741567 ], [ 92.0484329, 27.2737276 ], [ 92.0486088, 27.2735392 ], [ 92.048884, 27.2733067 ], [ 92.0490374, 27.2730901 ], [ 92.049105, 27.27303 ], [ 92.0497366, 27.2726491 ], [ 92.049917, 27.2724566 ], [ 92.0500523, 27.2723444 ], [ 92.0501606, 27.2722161 ], [ 92.0501922, 27.2721359 ], [ 92.0502057, 27.2719755 ], [ 92.0501471, 27.2716467 ], [ 92.0501606, 27.2714823 ], [ 92.0502012, 27.2714102 ], [ 92.0505485, 27.2710253 ], [ 92.0506342, 27.2708849 ], [ 92.0507651, 27.2702594 ] ] } },
{ "type": "Feature", "properties": { "osm_id": 1111607432, "tags": { "waterway": "stream" }, "inside_district": true }, "geometry": { "type": "LineString", "coordinates": [ [ 93.2315798, 27.8095981 ], [ 93.2303684, 27.8084119 ], [ 93.2296173, 27.8079795 ], [ 93.2287501, 27.8069119 ], [ 93.2280259, 27.8062318 ], [ 93.2267653, 27.8058364 ], [ 93.2263216, 27.8055278 ], [ 93.2260266, 27.8052114 ], [ 93.2251593, 27.804468 ], [ 93.2243994, 27.8036456 ], [ 93.2230088, 27.8027024 ], [ 93.2218287, 27.8016189 ], [ 93.2215873, 27.8008913 ], [ 93.220425, 27.8004722 ], [ 93.2187173, 27.7999423 ], [ 93.2167017, 27.7995065 ], [ 93.2155437, 27.7986293 ], [ 93.2143099, 27.7974904 ], [ 93.2131566, 27.7963752 ], [ 93.2119551, 27.7953374 ] ] } },
{ "type": "Feature", "properties": { "osm_id": 1124778812, "tags": { "name": "桑提曲", "name:en": "Sangti Chu", "waterway": "river" }, "inside_district": true }, "geometry": { "type": "LineString", "coordinates": [ [ 92.2991728, 27.6309637 ], [ 92.2995257, 27.6313439 ], [ 92.300136, 27.6320029 ], [ 92.3004984, 27.6320536 ], [ 92.3009466, 27.6320536 ], [ 92.3014616, 27.6322648 ], [ 92.3019289, 27.6322395 ], [ 92.3024725, 27.6322986 ], [ 92.3031306, 27.6323831 ], [ 92.3034167, 27.6322564 ], [ 92.3043131, 27.6322226 ], [ 92.3047518, 27.6321466 ], [ 92.3051619, 27.6318762 ], [ 92.305324, 27.6316312 ], [ 92.3055815, 27.6314537 ], [ 92.3060011, 27.6313355 ], [ 92.3063063, 27.6310397 ], [ 92.3065416, 27.6303659 ], [ 92.3069612, 27.6292844 ], [ 92.3072759, 27.6285324 ], [ 92.3077337, 27.6279579 ], [ 92.3081056, 27.6277804 ], [ 92.3090097, 27.6269222 ], [ 92.3113052, 27.624706 ], [ 92.3118683, 27.6227456 ], [ 92.3128502, 27.6204388 ], [ 92.3150332, 27.6195518 ], [ 92.3153619, 27.619172 ], [ 92.3154577, 27.61869 ], [ 92.3150627, 27.6175405 ], [ 92.3154089, 27.6165714 ], [ 92.3163114, 27.6158023 ], [ 92.3164798, 27.6153084 ], [ 92.3170015, 27.6125911 ], [ 92.3149219, 27.6104416 ], [ 92.3139276, 27.6087738 ], [ 92.3142425, 27.6075942 ], [ 92.3124973, 27.6050673 ], [ 92.3116451, 27.6015571 ], [ 92.3090287, 27.6003202 ], [ 92.3058411, 27.5953866 ], [ 92.3062154, 27.5947525 ], [ 92.3059391, 27.5941963 ], [ 92.3053759, 27.5933847 ], [ 92.3050306, 27.5922517 ], [ 92.304015, 27.5906667 ], [ 92.3039773, 27.5902504 ], [ 92.3041751, 27.58957 ], [ 92.3043052, 27.5879694 ], [ 92.3047893, 27.5874184 ], [ 92.3056072, 27.5869731 ], [ 92.3058329, 27.5861039 ], [ 92.3056497, 27.5854236 ], [ 92.3061173, 27.5848777 ], [ 92.3063005, 27.5840904 ], [ 92.3071043, 27.5829485 ], [ 92.3062204, 27.5819306 ], [ 92.3056815, 27.5817493 ], [ 92.3054496, 27.5810635 ], [ 92.3057489, 27.5799734 ], [ 92.3065875, 27.5794515 ], [ 92.3066025, 27.5788055 ], [ 92.3053641, 27.5784296 ], [ 92.30482, 27.5775183 ], [ 92.3052324, 27.5760243 ], [ 92.3051301, 27.575643 ], [ 92.3051753, 27.5750987 ], [ 92.3055661, 27.5743695 ], [ 92.3054956, 27.5739022 ], [ 92.3056827, 27.5734264 ], [ 92.3056782, 27.5726706 ], [ 92.306017, 27.5718368 ], [ 92.3061656, 27.5695029 ], [ 92.3061625, 27.5684975 ], [ 92.3062115, 27.5677081 ], [ 92.3063248, 27.5667282 ], [ 92.3059272, 27.5654418 ], [ 92.3055664, 27.5650968 ], [ 92.3052043, 27.5633964 ], [ 92.3052708, 27.5629029 ] ] } },
{ "type": "Feature", "properties": { "osm_id": 1124793868, "tags": { "name": "奇五河", "name:en": "Sangti Chu", "waterway": "river" }, "inside_district": true }, "geometry": { "type": "LineString", "coordinates": [ [ 92.3297744, 27.5504054 ], [ 92.3295122, 27.5500502 ], [ 92.3292404, 27.5493786 ], [ 92.3284583, 27.5462568 ], [ 92.3263984, 27.5430774 ], [ 92.3261123, 27.5411495 ], [ 92.3255401, 27.5399656 ], [ 92.3240524, 27.5397289 ], [ 92.3225439, 27.5376295 ] ] } },
{ "type": "Feature", "properties": { "osm_id": 1124793869, "tags": { "name": "Sangti Chu", "name:en": "Sangti Chu", "name:zh": "奇五河", "waterway": "river" }, "inside_district": true }, "geometry": { "type": "LineString", "coordinates": [ [ 92.4047611, 27.6339047 ], [ 92.4035155, 27.6316953 ], [ 92.4017608, 27.6280115 ], [ 92.4005757, 27.626888 ], [ 92.3990308, 27.6251812 ], [ 92.3973142, 27.623711 ], [ 92.3943196, 27.6218689 ], [ 92.3910042, 27.619872 ], [ 92.3896691, 27.6192974 ], [ 92.3884102, 27.6185369 ], [ 92.3859497, 27.6170835 ], [ 92.3830315, 27.615292 ], [ 92.381334, 27.6137709 ], [ 92.3811241, 27.6121653 ], [ 92.3812767, 27.6104583 ], [ 92.3812195, 27.6085653 ], [ 92.3808762, 27.6074329 ], [ 92.3798081, 27.6057427 ], [ 92.3791405, 27.603884 ], [ 92.3782441, 27.600419 ], [ 92.3776337, 27.5980095 ], [ 92.3765465, 27.5962853 ], [ 92.3747155, 27.5945273 ], [ 92.3739392, 27.5928995 ], [ 92.3728901, 27.5906681 ], [ 92.3728186, 27.5889481 ], [ 92.3733747, 27.5872702 ], [ 92.3734441, 27.5855904 ], [ 92.3741728, 27.5830366 ], [ 92.3735863, 27.5819758 ], [ 92.3738677, 27.58086 ], [ 92.3742825, 27.5804149 ], [ 92.3742634, 27.5792413 ], [ 92.373963, 27.5782057 ], [ 92.3738429, 27.5772692 ], [ 92.3739681, 27.5769822 ], [ 92.3735091, 27.5761322 ], [ 92.3724982, 27.5753165 ], [ 92.3705623, 27.574505 ], [ 92.3688981, 27.5725902 ], [ 92.3678634, 27.5726114 ], [ 92.3650611, 27.5729534 ], [ 92.3627341, 27.5733592 ], [ 92.360884, 27.5722603 ], [ 92.3602747, 27.5718654 ], [ 92.3581184, 27.5704681 ], [ 92.357508, 27.5692507 ], [ 92.356726, 27.567581 ], [ 92.3569739, 27.5661438 ], [ 92.3571599, 27.5633624 ], [ 92.3575223, 27.5611151 ], [ 92.3571027, 27.560853 ], [ 92.3562348, 27.5605106 ], [ 92.3552001, 27.5601132 ], [ 92.3540653, 27.5598901 ], [ 92.3534406, 27.5597083 ], [ 92.3529399, 27.5595138 ], [ 92.3522581, 27.5588484 ], [ 92.3512729, 27.5585736 ], [ 92.3510822, 27.5582312 ], [ 92.3507722, 27.5573942 ], [ 92.3504909, 27.5564641 ], [ 92.3502334, 27.5564599 ], [ 92.349542, 27.5565233 ], [ 92.3489931, 27.557149 ], [ 92.3481157, 27.5567812 ], [ 92.3478439, 27.5567981 ], [ 92.3474434, 27.5571617 ], [ 92.3468902, 27.5574111 ], [ 92.3458569, 27.5574069 ], [ 92.3446839, 27.5570391 ], [ 92.3443966, 27.5566855 ], [ 92.3437433, 27.5563473 ], [ 92.3430137, 27.5561232 ], [ 92.3420315, 27.5552228 ], [ 92.3408671, 27.5546546 ], [ 92.3405429, 27.5540797 ], [ 92.3397704, 27.5538218 ], [ 92.3389455, 27.5532065 ], [ 92.3379727, 27.5518368 ], [ 92.3351032, 27.5524921 ], [ 92.334798, 27.5523399 ], [ 92.3337442, 27.5517142 ], [ 92.3323491, 27.5512536 ], [ 92.3317339, 27.5510634 ], [ 92.331033, 27.5505856 ], [ 92.3297744, 27.5504054 ] ] } },
{ "type": "Feature", "properties": { "osm_id": 1124793870, "tags": { "waterway": "stream" }, "inside_district": true }, "geometry": { "type": "LineString", "coordinates": [ [ 92.3390534, 27.5572871 ], [ 92.3352959, 27.5556637 ], [ 92.3334649, 27.5549704 ], [ 92.3318818, 27.5533809 ], [ 92.3312017, 27.552651 ], [ 92.3307329, 27.552042 ], [ 92.3303418, 27.5512128 ], [ 92.3297744, 27.5504054 ] ] } },
{ "type": "Feature", "properties": { "osm_id": 1166072028, "tags": { "waterway": "river" }, "inside_district": true }, "geometry": { "type": "LineString", "coordinates": [ [ 92.6587513, 27.2942905 ], [ 92.6593766, 27.2934112 ], [ 92.6600818, 27.292124 ], [ 92.6607996, 27.2908198 ], [ 92.6610353, 27.290449 ] ] } },
{ "type": "Feature", "properties": { "osm_id": 1185042572, "tags": { "waterway": "stream" }, "inside_district": true }, "geometry": { "type": "LineString", "coordinates": [ [ 92.4035989, 27.5706406 ], [ 92.4038456, 27.5703672 ], [ 92.4042714, 27.5697215 ], [ 92.4048317, 27.5694949 ], [ 92.4050384, 27.5690706 ], [ 92.4050058, 27.5683087 ], [ 92.4056693, 27.5675228 ], [ 92.4060719, 27.5665777 ], [ 92.4061806, 27.5661293 ], [ 92.4064417, 27.5658352 ], [ 92.4064635, 27.5656133 ], [ 92.4070564, 27.5651553 ], [ 92.4073501, 27.5646634 ], [ 92.407089, 27.564215 ], [ 92.4071815, 27.5639402 ], [ 92.4076384, 27.5637376 ], [ 92.40772, 27.5629661 ], [ 92.407671, 27.5625997 ], [ 92.4082911, 27.5621512 ], [ 92.4083727, 27.5618812 ], [ 92.4083564, 27.5613025 ], [ 92.4083618, 27.5608203 ], [ 92.4082476, 27.5606226 ], [ 92.4082693, 27.5602658 ], [ 92.4080572, 27.5598077 ], [ 92.4080354, 27.55934 ], [ 92.4081769, 27.5588192 ], [ 92.4085631, 27.5583659 ], [ 92.4091505, 27.5579898 ], [ 92.4097815, 27.557522 ], [ 92.410494, 27.5568276 ], [ 92.4108174, 27.5563043 ], [ 92.4111133, 27.5558756 ], [ 92.4115464, 27.5554469 ], [ 92.4116041, 27.5552614 ], [ 92.4116979, 27.5549799 ], [ 92.4120227, 27.5548967 ], [ 92.4124846, 27.5550886 ], [ 92.4129826, 27.5549926 ], [ 92.4134084, 27.5548455 ], [ 92.4136032, 27.5546087 ], [ 92.4138414, 27.5545448 ], [ 92.4141373, 27.5542056 ], [ 92.4146714, 27.5539945 ], [ 92.4150827, 27.5538921 ], [ 92.4149384, 27.5535338 ], [ 92.4150178, 27.5533738 ], [ 92.4154075, 27.5533738 ], [ 92.4157178, 27.5536106 ], [ 92.4162303, 27.5533034 ], [ 92.4167643, 27.5530155 ], [ 92.4171107, 27.5526124 ], [ 92.4173561, 27.5522797 ], [ 92.4178036, 27.5519597 ], [ 92.4177603, 27.5517614 ], [ 92.4179263, 27.5516398 ], [ 92.4185109, 27.551563 ], [ 92.4191388, 27.5513455 ], [ 92.4193841, 27.5513455 ], [ 92.4195068, 27.5515886 ], [ 92.4198532, 27.5515438 ], [ 92.4201925, 27.5511599 ], [ 92.42051, 27.5506544 ], [ 92.4205986, 27.5504039 ], [ 92.4204264, 27.5501749 ], [ 92.4204264, 27.5498623 ], [ 92.4208404, 27.5496661 ], [ 92.4213078, 27.5497315 ], [ 92.4221892, 27.5497678 ], [ 92.4226319, 27.5496988 ], [ 92.4227877, 27.5494843 ], [ 92.4224392, 27.5492081 ], [ 92.4223203, 27.5487392 ], [ 92.4224925, 27.5485175 ], [ 92.4227959, 27.5483721 ], [ 92.4228492, 27.5480159 ], [ 92.4226024, 27.5477798 ], [ 92.4221982, 27.5474086 ], [ 92.4217435, 27.5471271 ], [ 92.4217074, 27.5470055 ], [ 92.421794, 27.5468007 ], [ 92.4217868, 27.5464616 ], [ 92.4216425, 27.5461353 ], [ 92.4214404, 27.5459433 ], [ 92.4213538, 27.5453546 ], [ 92.4215054, 27.5451882 ], [ 92.4220394, 27.5452586 ], [ 92.4223219, 27.5451329 ], [ 92.4223512, 27.5445735 ], [ 92.4227186, 27.5445616 ], [ 92.4230566, 27.5445664 ], [ 92.4234348, 27.5445117 ], [ 92.4235501, 27.5442192 ], [ 92.4236172, 27.543803 ], [ 92.4237352, 27.5436032 ], [ 92.4238695, 27.5435659 ] ] } },
{ "type": "Feature", "properties": { "osm_id": 1185042576, "tags": { "waterway": "stream" }, "inside_district": true }, "geometry": { "type": "LineString", "coordinates": [ [ 92.5151704, 27.6365943 ], [ 92.5153134, 27.6362394 ], [ 92.5154241, 27.6347183 ], [ 92.5158603, 27.6339394 ], [ 92.5160126, 27.633553 ], [ 92.5162757, 27.6331543 ], [ 92.5163657, 27.632406 ], [ 92.5164695, 27.6315473 ], [ 92.516068, 27.6309524 ], [ 92.5161372, 27.6301059 ], [ 92.5166911, 27.6294987 ], [ 92.5171944, 27.6292927 ], [ 92.5179982, 27.6290283 ], [ 92.518381, 27.6283289 ], [ 92.5179264, 27.6274598 ], [ 92.5168339, 27.6267038 ], [ 92.5156297, 27.6253614 ], [ 92.5146648, 27.6250434 ], [ 92.5141624, 27.6244358 ], [ 92.5141624, 27.6235455 ], [ 92.5133729, 27.6224786 ], [ 92.5123362, 27.6214187 ], [ 92.5111639, 27.6204366 ], [ 92.5103904, 27.6194262 ], [ 92.5097524, 27.6189669 ], [ 92.5079661, 27.6183592 ], [ 92.5060841, 27.6169248 ], [ 92.5061877, 27.6162394 ], [ 92.5059485, 27.6157942 ], [ 92.5055577, 27.6144728 ], [ 92.5042898, 27.6132433 ], [ 92.5037236, 27.6127699 ], [ 92.5028304, 27.6114202 ], [ 92.5016501, 27.6102542 ], [ 92.5003343, 27.6089893 ], [ 92.4994252, 27.6080141 ], [ 92.4987872, 27.6071167 ], [ 92.4977805, 27.6065577 ] ] } },
{ "type": "Feature", "properties": { "osm_id": 1185042577, "tags": { "waterway": "stream" }, "inside_district": true }, "geometry": { "type": "LineString", "coordinates": [ [ 92.4897707, 27.631133 ], [ 92.4893637, 27.6306245 ], [ 92.4886697, 27.6300513 ], [ 92.4880175, 27.6293394 ], [ 92.487047, 27.6294827 ], [ 92.4853565, 27.6297462 ], [ 92.4843547, 27.6295382 ], [ 92.4837192, 27.6293268 ] ] } },
{ "type": "Feature", "properties": { "osm_id": 1185042578, "tags": { "waterway": "stream" }, "inside_district": true }, "geometry": { "type": "LineString", "coordinates": [ [ 92.470091, 27.6653415 ], [ 92.4704253, 27.6652091 ], [ 92.4704489, 27.6649862 ], [ 92.4708264, 27.6648051 ], [ 92.4711056, 27.664523 ], [ 92.4715185, 27.6641016 ], [ 92.4717898, 27.6637672 ], [ 92.4720965, 27.6634921 ], [ 92.4723836, 27.6634294 ], [ 92.4723915, 27.6632796 ], [ 92.4725881, 27.6631681 ], [ 92.4729381, 27.6627154 ], [ 92.4733847, 27.6623271 ] ] } },
{ "type": "Feature", "properties": { "osm_id": 1186784652, "tags": { "waterway": "stream" }, "inside_district": true }, "geometry": { "type": "LineString", "coordinates": [ [ 92.9834957, 27.6641185 ], [ 92.9844363, 27.663161 ], [ 92.9843591, 27.6623154 ], [ 92.9850962, 27.6614201 ], [ 92.9852857, 27.66096 ], [ 92.9855735, 27.660674 ], [ 92.9865282, 27.6598782 ], [ 92.9872091, 27.6590202 ], [ 92.9876584, 27.6585849 ], [ 92.9883533, 27.6579818 ], [ 92.9885602, 27.6574171 ] ] } },
{ "type": "Feature", "properties": { "osm_id": 1186784656, "tags": { "waterway": "stream" }, "inside_district": true }, "geometry": { "type": "LineString", "coordinates": [ [ 92.9740943, 27.6885305 ], [ 92.973779, 27.6885663 ], [ 92.9733181, 27.6882942 ], [ 92.9721537, 27.6882728 ], [ 92.9717736, 27.6879935 ], [ 92.9712076, 27.6879004 ], [ 92.970868, 27.6874708 ], [ 92.9703182, 27.6871916 ], [ 92.9695581, 27.6867906 ], [ 92.9689274, 27.6868694 ], [ 92.9685797, 27.686941 ], [ 92.968232, 27.6861033 ], [ 92.9683856, 27.6852154 ], [ 92.9683452, 27.6846855 ], [ 92.9684907, 27.6841413 ], [ 92.968418, 27.6832678 ], [ 92.9682562, 27.6822367 ], [ 92.968418, 27.6821221 ], [ 92.9683694, 27.6814347 ], [ 92.9686929, 27.6803248 ], [ 92.9687576, 27.6793438 ], [ 92.9686191, 27.6782687 ], [ 92.9688507, 27.6779611 ], [ 92.9687593, 27.677497 ], [ 92.9687836, 27.6772434 ], [ 92.9690335, 27.6769573 ], [ 92.9690091, 27.6762719 ], [ 92.9692407, 27.6760452 ], [ 92.9694296, 27.6756729 ], [ 92.9692773, 27.6750738 ], [ 92.9689177, 27.6743074 ], [ 92.9688019, 27.6738325 ], [ 92.9690579, 27.6732928 ], [ 92.969387, 27.6726398 ], [ 92.9698989, 27.6721216 ], [ 92.9701243, 27.6716845 ], [ 92.9697709, 27.6710584 ], [ 92.9695332, 27.6710044 ], [ 92.9690213, 27.6709343 ], [ 92.9687593, 27.6707184 ], [ 92.9688385, 27.670238 ], [ 92.9688629, 27.6698656 ], [ 92.9686496, 27.6693151 ], [ 92.9682291, 27.6691532 ], [ 92.9680036, 27.6688348 ], [ 92.9679061, 27.6679496 ], [ 92.9675039, 27.6677229 ], [ 92.9672867, 27.6674628 ] ] } },
{ "type": "Feature", "properties": { "osm_id": 1186784657, "tags": { "waterway": "stream" }, "inside_district": true }, "geometry": { "type": "LineString", "coordinates": [ [ 92.9786076, 27.6958092 ], [ 92.9788964, 27.6955782 ], [ 92.9797253, 27.6948855 ], [ 92.9798464, 27.6945144 ], [ 92.9803494, 27.6938381 ], [ 92.9807778, 27.6936814 ], [ 92.9808523, 27.6930876 ], [ 92.981197, 27.6927825 ], [ 92.9818769, 27.6921557 ], [ 92.9819514, 27.6915866 ], [ 92.9816534, 27.6908608 ], [ 92.9818228, 27.6904728 ] ] } },
{ "type": "Feature", "properties": { "osm_id": 1215962193, "tags": { "waterway": "stream" }, "inside_district": true }, "geometry": { "type": "LineString", "coordinates": [ [ 92.5947972, 27.0888088 ], [ 92.5944517, 27.0894842 ], [ 92.5941873, 27.0900835 ], [ 92.5943315, 27.0905651 ], [ 92.594614, 27.090854 ], [ 92.5947222, 27.0911269 ], [ 92.5944637, 27.0918225 ], [ 92.5942894, 27.0924593 ], [ 92.5941272, 27.0928499 ], [ 92.594055, 27.0930318 ], [ 92.5939228, 27.0932833 ] ] } },
{ "type": "Feature", "properties": { "osm_id": 1215962196, "tags": { "waterway": "stream" }, "inside_district": true }, "geometry": { "type": "LineString", "coordinates": [ [ 92.5939228, 27.0932833 ], [ 92.5935167, 27.0934384 ], [ 92.5932807, 27.0938305 ], [ 92.5929347, 27.0939985 ], [ 92.5924864, 27.0940125 ], [ 92.5917982, 27.0943346 ], [ 92.5912123, 27.0950768 ], [ 92.5912398, 27.0952448 ], [ 92.5916134, 27.0954619 ], [ 92.5912201, 27.0957489 ], [ 92.5912123, 27.095875 ], [ 92.5913774, 27.096148 ], [ 92.5913522, 27.0965686 ], [ 92.5909438, 27.0968767 ], [ 92.5902168, 27.0971109 ], [ 92.5900091, 27.0974129 ], [ 92.5897876, 27.0981587 ], [ 92.5892753, 27.0985038 ], [ 92.5887561, 27.0983189 ], [ 92.5885968, 27.0981217 ], [ 92.5885068, 27.0975793 ], [ 92.5879461, 27.0978259 ], [ 92.5874061, 27.0982265 ], [ 92.5872261, 27.0989106 ], [ 92.5877384, 27.0994529 ], [ 92.5878699, 27.0998412 ], [ 92.5878837, 27.1000199 ], [ 92.5874961, 27.1003219 ], [ 92.5871093, 27.1008337 ], [ 92.5871823, 27.1012889 ], [ 92.5880067, 27.1016419 ], [ 92.5887998, 27.1010892 ], [ 92.5890764, 27.1012517 ], [ 92.5890138, 27.101902 ], [ 92.5895929, 27.1026777 ], [ 92.5894364, 27.1032815 ], [ 92.5894103, 27.1036763 ], [ 92.588972, 27.1035323 ], [ 92.5888103, 27.1032026 ], [ 92.5887163, 27.1028217 ], [ 92.5886276, 27.1026963 ], [ 92.5882833, 27.1027427 ], [ 92.5873336, 27.1029982 ], [ 92.5869423, 27.1032583 ], [ 92.586911, 27.1036949 ], [ 92.5869319, 27.1042662 ], [ 92.5868327, 27.1045681 ], [ 92.5866293, 27.1047585 ], [ 92.5858727, 27.104582 ], [ 92.5853144, 27.1044613 ], [ 92.5848031, 27.1044938 ], [ 92.584323, 27.1043359 ], [ 92.5839213, 27.1041408 ], [ 92.583556, 27.1041361 ], [ 92.5832743, 27.1045309 ], [ 92.5834099, 27.10474 ], [ 92.5832169, 27.1056132 ], [ 92.5828725, 27.1059058 ], [ 92.5826638, 27.1055806 ], [ 92.582502, 27.1046842 ], [ 92.5823507, 27.1044009 ], [ 92.5819803, 27.104099 ], [ 92.5815368, 27.1041501 ], [ 92.581255, 27.1042755 ], [ 92.580655, 27.1046238 ], [ 92.5802271, 27.1043916 ], [ 92.5793766, 27.103955 ], [ 92.5786513, 27.103602 ], [ 92.5781087, 27.1035045 ], [ 92.5777017, 27.1037088 ], [ 92.5775869, 27.1040154 ], [ 92.5770756, 27.1043684 ], [ 92.5762147, 27.1043545 ], [ 92.575312, 27.1044102 ], [ 92.5746641, 27.1049352 ], [ 92.5742734, 27.1055237 ], [ 92.5742193, 27.1061122 ], [ 92.5740029, 27.1064386 ], [ 92.5731675, 27.1064011 ], [ 92.5723982, 27.1067221 ], [ 92.5719595, 27.1069468 ], [ 92.5722179, 27.1075193 ], [ 92.571088, 27.1082308 ], [ 92.5711841, 27.1087123 ], [ 92.5708416, 27.1100231 ], [ 92.57107, 27.1102264 ], [ 92.5720436, 27.1101408 ], [ 92.5723622, 27.1103387 ], [ 92.5723321, 27.1107239 ], [ 92.572248, 27.1110503 ], [ 92.5714666, 27.1114354 ], [ 92.5711841, 27.1117725 ], [ 92.5711541, 27.1124091 ], [ 92.5716529, 27.112591 ], [ 92.571701, 27.1128638 ], [ 92.5715267, 27.1132865 ], [ 92.5709738, 27.1135379 ], [ 92.5700662, 27.1131046 ], [ 92.5696876, 27.1131527 ], [ 92.5689844, 27.11334 ], [ 92.5686899, 27.1136289 ], [ 92.5689063, 27.1140354 ], [ 92.5691166, 27.1144902 ], [ 92.5684675, 27.1151696 ], [ 92.5678665, 27.1155119 ], [ 92.5674157, 27.1158169 ], [ 92.5672234, 27.1160951 ], [ 92.5674518, 27.1162127 ], [ 92.5678064, 27.1164695 ], [ 92.5674939, 27.1168547 ], [ 92.5672835, 27.1172024 ], [ 92.5673136, 27.117946 ], [ 92.5670852, 27.1185291 ], [ 92.5672835, 27.1191069 ], [ 92.5676081, 27.120364 ], [ 92.5673857, 27.1211664 ], [ 92.566965, 27.1216799 ], [ 92.5666584, 27.1217816 ], [ 92.5661776, 27.1217762 ], [ 92.5656848, 27.1223593 ], [ 92.5659312, 27.1228461 ], [ 92.5657569, 27.1232633 ], [ 92.5656367, 27.123702 ], [ 92.5641341, 27.1240711 ], [ 92.5636894, 27.123841 ], [ 92.5632987, 27.1239159 ], [ 92.5629682, 27.1245953 ], [ 92.5627758, 27.1251837 ], [ 92.5621087, 27.1252532 ], [ 92.5616038, 27.1257026 ], [ 92.5616459, 27.1261519 ], [ 92.5612673, 27.1265584 ], [ 92.5613935, 27.1268794 ], [ 92.5616098, 27.1268954 ], [ 92.5614084, 27.1275838 ], [ 92.5608762, 27.1286611 ], [ 92.5601979, 27.1293484 ], [ 92.5597492, 27.1294645 ], [ 92.5593109, 27.129497 ], [ 92.5587735, 27.129757 ], [ 92.5583821, 27.1295992 ], [ 92.5582517, 27.1291627 ], [ 92.5582099, 27.1284429 ], [ 92.5585021, 27.1277695 ], [ 92.55845, 27.1271566 ], [ 92.557709, 27.1261767 ], [ 92.5566864, 27.1252201 ], [ 92.5561698, 27.1252573 ], [ 92.5553767, 27.1258424 ], [ 92.5549593, 27.1264275 ], [ 92.5549071, 27.1274073 ], [ 92.5544636, 27.1280946 ], [ 92.5536444, 27.1286611 ], [ 92.5529296, 27.1292648 ], [ 92.5526739, 27.1297431 ], [ 92.5520165, 27.1301146 ], [ 92.5512495, 27.1308715 ], [ 92.5507747, 27.1314427 ], [ 92.5500912, 27.1318142 ], [ 92.5497468, 27.1323064 ], [ 92.5495485, 27.1328915 ], [ 92.5482285, 27.1321862 ], [ 92.5468197, 27.132019 ], [ 92.5460318, 27.1321026 ], [ 92.5455309, 27.1318936 ], [ 92.5448526, 27.1314525 ], [ 92.5444509, 27.1313782 ], [ 92.5441691, 27.1310346 ], [ 92.5436891, 27.1309603 ] ] } },
{ "type": "Feature", "properties": { "osm_id": 1215962199, "tags": { "waterway": "stream" }, "inside_district": true }, "geometry": { "type": "LineString", "coordinates": [ [ 92.5436891, 27.1309603 ], [ 92.5432496, 27.1311477 ], [ 92.5429144, 27.1311839 ], [ 92.5424388, 27.1307526 ], [ 92.5422621, 27.130156 ], [ 92.5416687, 27.1297448 ], [ 92.5408353, 27.1294182 ], [ 92.540192, 27.1295351 ], [ 92.5397028, 27.1295271 ], [ 92.5392408, 27.1297004 ], [ 92.5387742, 27.1300149 ], [ 92.538516, 27.1302447 ], [ 92.5379544, 27.1305228 ], [ 92.5372885, 27.1308776 ], [ 92.5368038, 27.1312404 ], [ 92.5361243, 27.1314621 ], [ 92.5355119, 27.1313162 ], [ 92.5350791, 27.1311397 ], [ 92.5339252, 27.1310274 ], [ 92.5324166, 27.1311665 ], [ 92.5313047, 27.131113 ], [ 92.5306797, 27.1310274 ], [ 92.530313, 27.1310595 ], [ 92.5300906, 27.1313644 ], [ 92.529694, 27.1315623 ], [ 92.529111, 27.1317334 ], [ 92.5282455, 27.1317709 ], [ 92.5277887, 27.1320223 ], [ 92.5275002, 27.1323593 ] ] } },
{ "type": "Feature", "properties": { "osm_id": 1218280341, "tags": { "waterway": "stream" }, "inside_district": true }, "geometry": { "type": "LineString", "coordinates": [ [ 92.8479748, 27.284509 ], [ 92.8479185, 27.2843494 ], [ 92.8478478, 27.2842795 ], [ 92.8478556, 27.2842061 ], [ 92.8479107, 27.2841362 ], [ 92.848034, 27.2839979 ], [ 92.8480798, 27.283937 ], [ 92.8481191, 27.2838321 ], [ 92.8481859, 27.2836958 ], [ 92.8482331, 27.2835945 ], [ 92.8482174, 27.2834896 ], [ 92.8482253, 27.2833708 ], [ 92.8482253, 27.2832939 ], [ 92.8482725, 27.2831017 ], [ 92.8483826, 27.2829374 ], [ 92.8484691, 27.2828536 ], [ 92.84865, 27.2826998 ], [ 92.8487679, 27.2826124 ], [ 92.8488702, 27.2825145 ], [ 92.8489331, 27.2823852 ], [ 92.8490314, 27.2822245 ], [ 92.8490983, 27.2820672 ], [ 92.8492162, 27.2818225 ], [ 92.8493421, 27.2816163 ], [ 92.8493971, 27.281536 ], [ 92.8497078, 27.2813367 ], [ 92.8499477, 27.2810187 ], [ 92.8499988, 27.2809068 ], [ 92.8500696, 27.28083 ], [ 92.8501797, 27.2807566 ], [ 92.8502347, 27.2807216 ], [ 92.850337, 27.2806517 ], [ 92.8504078, 27.2805678 ], [ 92.850455, 27.2804909 ], [ 92.8505847, 27.2804909 ], [ 92.8506516, 27.280428 ], [ 92.850746, 27.2803232 ], [ 92.8508915, 27.2802323 ], [ 92.8510163, 27.2801759 ], [ 92.8511012, 27.2801165 ], [ 92.8512839, 27.2800708 ], [ 92.8514254, 27.2800616 ], [ 92.8516569, 27.2800547 ], [ 92.8517959, 27.2800456 ], [ 92.8521098, 27.280057 ], [ 92.852205, 27.2801005 ], [ 92.8523542, 27.2800868 ], [ 92.8524623, 27.2800616 ], [ 92.8526964, 27.2800982 ], [ 92.8528225, 27.2801439 ], [ 92.8529203, 27.2801096 ], [ 92.8530232, 27.280089 ], [ 92.8531261, 27.2800433 ], [ 92.853229, 27.2799701 ], [ 92.8532882, 27.2798672 ], [ 92.8533731, 27.2797323 ], [ 92.8534271, 27.2796614 ], [ 92.8534426, 27.2795654 ], [ 92.8535095, 27.2795196 ], [ 92.8535866, 27.2794533 ], [ 92.8536021, 27.2793687 ], [ 92.8535609, 27.2792521 ], [ 92.8535866, 27.2791972 ], [ 92.8535892, 27.2790874 ], [ 92.8535455, 27.2789731 ], [ 92.8535558, 27.2788793 ], [ 92.8536638, 27.2787353 ], [ 92.853669, 27.2785821 ], [ 92.8538028, 27.278454 ], [ 92.8539546, 27.2783214 ], [ 92.8541141, 27.2781864 ], [ 92.8543251, 27.2781018 ], [ 92.8545181, 27.2779806 ], [ 92.8545772, 27.2778091 ], [ 92.8546133, 27.2775827 ], [ 92.8547548, 27.2772648 ], [ 92.8547908, 27.2770933 ], [ 92.8549953, 27.276736 ], [ 92.8552614, 27.2763233 ], [ 92.8554597, 27.2761424 ], [ 92.8556214, 27.2759198 ], [ 92.8557154, 27.2755581 ], [ 92.8557989, 27.275201 ], [ 92.8558562, 27.274932 ], [ 92.8557623, 27.2745842 ], [ 92.8557675, 27.2742456 ], [ 92.8558719, 27.2740926 ], [ 92.855898, 27.273921 ], [ 92.8559606, 27.2737679 ], [ 92.8560877, 27.2733438 ], [ 92.8561602, 27.2730016 ], [ 92.8562236, 27.2726232 ], [ 92.8563233, 27.2724621 ], [ 92.8564547, 27.2722809 ], [ 92.8567491, 27.2718743 ], [ 92.8569076, 27.2717052 ], [ 92.8569937, 27.2715321 ], [ 92.8569756, 27.2713348 ], [ 92.8568487, 27.2710972 ], [ 92.8566313, 27.2710167 ], [ 92.856355, 27.2709684 ], [ 92.8559247, 27.2708718 ], [ 92.855671, 27.270763 ], [ 92.8556121, 27.2706584 ], [ 92.8556529, 27.270449 ], [ 92.8557888, 27.2703403 ], [ 92.8560425, 27.2701994 ], [ 92.8562463, 27.2701994 ], [ 92.8563731, 27.270147 ], [ 92.8562055, 27.2699336 ], [ 92.8560379, 27.2698169 ] ] } },
{ "type": "Feature", "properties": { "osm_id": 1218280342, "tags": { "waterway": "stream" }, "inside_district": true }, "geometry": { "type": "LineString", "coordinates": [ [ 92.8491605, 27.2869464 ], [ 92.8488663, 27.2867189 ], [ 92.8486972, 27.286642 ], [ 92.8485713, 27.2865791 ], [ 92.8485084, 27.2865442 ], [ 92.8484416, 27.2864988 ], [ 92.8483983, 27.2864184 ], [ 92.8484219, 27.286345 ], [ 92.8484298, 27.2862786 ], [ 92.8484298, 27.2862227 ], [ 92.8483747, 27.2861667 ], [ 92.8483, 27.2861038 ], [ 92.8482882, 27.2860444 ], [ 92.8483354, 27.2859536 ], [ 92.8483511, 27.2858837 ], [ 92.8483629, 27.2857998 ], [ 92.8483511, 27.2857159 ], [ 92.8483668, 27.28566 ], [ 92.8483983, 27.2855901 ], [ 92.848414, 27.2855062 ], [ 92.848418, 27.2854223 ], [ 92.8484101, 27.2853315 ], [ 92.8483747, 27.2852721 ], [ 92.8482921, 27.2851462 ], [ 92.8482371, 27.2850204 ], [ 92.8481545, 27.2849226 ], [ 92.8481348, 27.2848527 ], [ 92.8480719, 27.2847828 ], [ 92.8480404, 27.2847129 ], [ 92.8480208, 27.2846395 ], [ 92.8480142, 27.2846209 ] ] } },
{ "type": "Feature", "properties": { "osm_id": 1218280343, "tags": { "layer": "-1", "tunnel": "culvert", "waterway": "stream" }, "inside_district": true }, "geometry": { "type": "LineString", "coordinates": [ [ 92.8480142, 27.2846209 ], [ 92.8479748, 27.284509 ] ] } },
{ "type": "Feature", "properties": { "osm_id": 1218301443, "tags": { "waterway": "stream" }, "inside_district": true }, "geometry": { "type": "LineString", "coordinates": [ [ 92.1693706, 27.4809004 ], [ 92.1665382, 27.4773595 ], [ 92.1657657, 27.474009 ], [ 92.1678686, 27.4671171 ], [ 92.1674394, 27.4630427 ], [ 92.1679973, 27.4621669 ], [ 92.1678257, 27.4606437 ], [ 92.1662807, 27.4585874 ], [ 92.1658086, 27.4553505 ], [ 92.1640062, 27.4517707 ], [ 92.1627187, 27.450552 ], [ 92.1616029, 27.4485336 ], [ 92.1629762, 27.4460962 ], [ 92.1620321, 27.4439634 ], [ 92.1602296, 27.44244 ], [ 92.1600151, 27.4378695 ], [ 92.1619033, 27.434632 ], [ 92.1614313, 27.4328418 ], [ 92.1631908, 27.4308611 ], [ 92.1635127, 27.4244237 ], [ 92.1657014, 27.4212239 ], [ 92.1656799, 27.418862 ], [ 92.1673965, 27.4167668 ], [ 92.1672249, 27.4121953 ], [ 92.1685982, 27.4098904 ], [ 92.1682977, 27.4084237 ], [ 92.1663666, 27.4048805 ], [ 92.166903, 27.4014515 ], [ 92.1664953, 27.4003466 ], [ 92.1666509, 27.3996179 ], [ 92.1670479, 27.3992512 ], [ 92.1677994, 27.3982799 ] ] } },
{ "type": "Feature", "properties": { "osm_id": 1218545768, "tags": { "alt_name:zh": "帕罗里河", "alt_name:zh-Hans": "帕罗里河", "alt_name:zh-Hant": "帕羅里河", "boat": "no", "name": "Kameng River", "name:bn": "ভৰলী নদ", "name:en": "Kameng River", "name:zh": "卡门河", "name:zh-Hans": "卡门河", "name:zh-Hant": "卡門河", "old_name:en": "Bhareli River", "source": "Yahoo", "waterway": "river" }, "inside_district": true }, "geometry": { "type": "LineString", "coordinates": [ [ 92.9007696, 27.2171014 ], [ 92.9005927, 27.2160068 ], [ 92.9007101, 27.2151907 ], [ 92.9009161, 27.21413 ], [ 92.9007679, 27.2134818 ], [ 92.9007958, 27.212352 ], [ 92.9011067, 27.2115014 ], [ 92.9008634, 27.2106228 ], [ 92.9001117, 27.2100089 ], [ 92.899056, 27.209837 ], [ 92.8977532, 27.2086323 ], [ 92.8965892, 27.2073447 ], [ 92.8957067, 27.2065643 ], [ 92.8948204, 27.2055559 ], [ 92.8945119, 27.2051268 ], [ 92.8938918, 27.2046367 ], [ 92.8932268, 27.2037843 ], [ 92.8906575, 27.2017126 ], [ 92.8897022, 27.2010525 ], [ 92.8891093, 27.2005917 ], [ 92.8882455, 27.2002719 ], [ 92.8874088, 27.2000731 ], [ 92.8863619, 27.2003939 ], [ 92.8850145, 27.2004826 ], [ 92.8833539, 27.2002412 ], [ 92.8797665, 27.1998147 ], [ 92.8781113, 27.1994625 ], [ 92.8764176, 27.1993951 ], [ 92.8758776, 27.1992315 ], [ 92.8752515, 27.1990487 ], [ 92.8741578, 27.1984654 ], [ 92.8709165, 27.1978021 ], [ 92.8701356, 27.1973404 ], [ 92.8694818, 27.1967287 ], [ 92.8668587, 27.1946915 ], [ 92.8652881, 27.1936475 ], [ 92.8641618, 27.1930903 ], [ 92.8620647, 27.1916483 ], [ 92.8610264, 27.1912916 ], [ 92.8601395, 27.1912399 ], [ 92.8588711, 27.1909974 ], [ 92.8576949, 27.1911088 ], [ 92.8560141, 27.1909553 ], [ 92.853852, 27.1906082 ], [ 92.8522832, 27.1907748 ], [ 92.8512002, 27.1909991 ], [ 92.8496848, 27.1908105 ], [ 92.8485557, 27.1904678 ], [ 92.8470288, 27.1903148 ], [ 92.8444341, 27.190268 ], [ 92.8433136, 27.1900224 ], [ 92.8420289, 27.1896297 ], [ 92.8408047, 27.1888908 ], [ 92.8397173, 27.1882058 ], [ 92.8378522, 27.1874372 ], [ 92.836399, 27.1874562 ], [ 92.8349056, 27.1877572 ], [ 92.8333372, 27.1874563 ], [ 92.8320294, 27.1869049 ], [ 92.8307923, 27.1861957 ], [ 92.8303593, 27.1857729 ], [ 92.8298641, 27.1854988 ], [ 92.8286948, 27.1849501 ], [ 92.8258474, 27.1839035 ], [ 92.8189809, 27.1793223 ], [ 92.8177813, 27.178132 ], [ 92.8169474, 27.1770719 ], [ 92.8161744, 27.1763479 ], [ 92.8153039, 27.1757323 ], [ 92.814764, 27.1754413 ], [ 92.8138562, 27.1752123 ], [ 92.813119, 27.1753085 ], [ 92.8120732, 27.1758151 ], [ 92.8100973, 27.1765074 ], [ 92.8086254, 27.1766571 ], [ 92.807178, 27.1769369 ], [ 92.8058388, 27.1774951 ], [ 92.8041646, 27.1778326 ], [ 92.800394, 27.1790591 ], [ 92.7984515, 27.1790876 ], [ 92.7972935, 27.179074 ], [ 92.7941724, 27.1789638 ], [ 92.7906345, 27.178996 ] ] } },
{ "type": "Feature", "properties": { "osm_id": 1228796834, "tags": { "waterway": "stream" }, "inside_district": true }, "geometry": { "type": "LineString", "coordinates": [ [ 92.889073, 27.2807532 ], [ 92.8893187, 27.2808482 ], [ 92.889787, 27.2807507 ], [ 92.89011, 27.2807402 ], [ 92.8903471, 27.2808482 ], [ 92.8905754, 27.2810932 ], [ 92.8907799, 27.281375 ], [ 92.8909784, 27.2815331 ], [ 92.89134, 27.2816252 ], [ 92.8915771, 27.2816727 ], [ 92.8918705, 27.2817596 ], [ 92.8920187, 27.2818307 ], [ 92.8921313, 27.2819782 ], [ 92.8923151, 27.28221 ], [ 92.8925196, 27.2823733 ], [ 92.8926707, 27.2825208 ], [ 92.8926411, 27.2826394 ], [ 92.8925907, 27.2827948 ], [ 92.8924692, 27.2829133 ], [ 92.8922351, 27.2830187 ], [ 92.8920098, 27.2831346 ], [ 92.8918172, 27.2833558 ], [ 92.8916393, 27.2835929 ], [ 92.8915682, 27.2838405 ], [ 92.8915682, 27.2840459 ], [ 92.8914823, 27.2842777 ], [ 92.8915, 27.284441 ], [ 92.8916779, 27.2846649 ], [ 92.8917045, 27.2848414 ], [ 92.8915771, 27.2850073 ], [ 92.8914882, 27.2852786 ], [ 92.8914289, 27.2856079 ], [ 92.891426, 27.2858186 ], [ 92.8915445, 27.2861426 ], [ 92.8915386, 27.2863875 ], [ 92.89142, 27.2866088 ], [ 92.8911533, 27.2868353 ], [ 92.8908954, 27.2870434 ], [ 92.8907947, 27.2871988 ], [ 92.8906702, 27.2873726 ], [ 92.8905428, 27.2876387 ], [ 92.8903798, 27.2877862 ], [ 92.8902256, 27.2880021 ], [ 92.8900597, 27.2881865 ], [ 92.889873, 27.2884262 ], [ 92.8897485, 27.2886238 ], [ 92.8896477, 27.2887633 ], [ 92.8894847, 27.2887554 ], [ 92.8892654, 27.2886843 ], [ 92.8889749, 27.2886501 ], [ 92.8888149, 27.2886475 ], [ 92.8885541, 27.288687 ], [ 92.8883555, 27.2887344 ], [ 92.8881718, 27.2888187 ], [ 92.8881184, 27.2889425 ], [ 92.8881895, 27.2892401 ], [ 92.8884444, 27.2895851 ], [ 92.888477, 27.2896641 ], [ 92.8884504, 27.2898301 ], [ 92.88848, 27.2899591 ], [ 92.8886045, 27.2900408 ], [ 92.888889, 27.2901646 ], [ 92.889135, 27.2903068 ], [ 92.8892921, 27.2905386 ], [ 92.889298, 27.2906808 ], [ 92.8892535, 27.290931 ], [ 92.8891113, 27.2910785 ], [ 92.8889749, 27.2911812 ], [ 92.8888179, 27.2912445 ], [ 92.8886697, 27.2912655 ], [ 92.8884, 27.2913129 ], [ 92.8882251, 27.2913551 ], [ 92.8881421, 27.2915131 ], [ 92.8881984, 27.2917001 ], [ 92.8884118, 27.2919424 ], [ 92.8885778, 27.2921874 ], [ 92.8886222, 27.2926562 ], [ 92.88864, 27.2929275 ], [ 92.8887141, 27.2931513 ], [ 92.8888712, 27.2933304 ], [ 92.8889779, 27.2934411 ], [ 92.8890372, 27.2934964 ], [ 92.8892091, 27.2935754 ], [ 92.8893484, 27.2936175 ], [ 92.8895054, 27.2935727 ], [ 92.8896803, 27.2934595 ], [ 92.8896922, 27.2932593 ], [ 92.8897751, 27.2929617 ], [ 92.8898611, 27.2927141 ], [ 92.889947, 27.2925008 ], [ 92.8899945, 27.2922137 ], [ 92.8899945, 27.2919055 ], [ 92.8900952, 27.2915315 ], [ 92.8902938, 27.2913129 ], [ 92.8904687, 27.291176 ], [ 92.8906465, 27.2911549 ], [ 92.8909369, 27.2911602 ], [ 92.8911503, 27.2912234 ], [ 92.8913352, 27.2913935 ], [ 92.891453, 27.2915707 ], [ 92.8914349, 27.2918484 ], [ 92.8914621, 27.2922469 ], [ 92.8916251, 27.2926575 ], [ 92.8918109, 27.293044 ], [ 92.8920555, 27.2931809 ], [ 92.8924994, 27.2931446 ], [ 92.8927848, 27.2927542 ], [ 92.893129, 27.2922389 ], [ 92.8934506, 27.2917116 ], [ 92.8936363, 27.2912285 ], [ 92.8943475, 27.2911842 ], [ 92.8949635, 27.2914137 ], [ 92.8959193, 27.2919209 ], [ 92.8961529, 27.2921996 ] ] } },
{ "type": "Feature", "properties": { "osm_id": 1239831269, "tags": { "name": "Keynia River", "name:en": "Keynia River", "name:suv": "kamyang", "natural": "bridge", "waterway": "river", "width": "300" }, "inside_district": true }, "geometry": { "type": "LineString", "coordinates": [ [ 93.0195916, 27.8103899 ], [ 93.0194336, 27.8099883 ], [ 93.0197038, 27.8093032 ], [ 93.0196858, 27.8087774 ], [ 93.0201902, 27.8084269 ], [ 93.0204604, 27.8079807 ], [ 93.0206045, 27.8074709 ], [ 93.0206945, 27.8069291 ], [ 93.0204784, 27.8065786 ], [ 93.019992, 27.8061006 ], [ 93.019956, 27.8051287 ], [ 93.0201902, 27.8044116 ], [ 93.0203703, 27.8036946 ], [ 93.0207666, 27.8029139 ], [ 93.0211269, 27.8023721 ], [ 93.0220816, 27.8020694 ], [ 93.0230363, 27.8017507 ], [ 93.0238109, 27.8014639 ], [ 93.0242612, 27.8008902 ], [ 93.0244954, 27.8004282 ], [ 93.0246575, 27.7996952 ], [ 93.0250178, 27.7995199 ], [ 93.025378, 27.798771 ], [ 93.0257563, 27.7981017 ], [ 93.0257743, 27.7969066 ], [ 93.0255041, 27.7964604 ], [ 93.0251438, 27.7957274 ], [ 93.0248556, 27.7947235 ], [ 93.0248917, 27.793863 ], [ 93.0252519, 27.7931141 ], [ 93.0256843, 27.7919667 ], [ 93.0260265, 27.7914409 ], [ 93.0259725, 27.7909787 ], [ 93.0259725, 27.7902776 ], [ 93.0261706, 27.7899429 ], [ 93.0263507, 27.7891939 ], [ 93.0263147, 27.7884131 ], [ 93.0265849, 27.7877915 ], [ 93.0269272, 27.7873294 ], [ 93.0269992, 27.7866282 ], [ 93.026639, 27.7857039 ], [ 93.0262247, 27.7851302 ], [ 93.0262247, 27.7844768 ], [ 93.0258464, 27.7841102 ], [ 93.025288, 27.7834568 ], [ 93.0245314, 27.7826441 ], [ 93.0240811, 27.7820544 ], [ 93.0243152, 27.7817994 ], [ 93.0245494, 27.7812416 ], [ 93.0245314, 27.7805404 ], [ 93.024045, 27.7799985 ], [ 93.023973, 27.7797116 ], [ 93.0238109, 27.7792016 ], [ 93.0232344, 27.778612 ], [ 93.0225319, 27.7780701 ], [ 93.0225139, 27.7776079 ], [ 93.0221716, 27.7767951 ], [ 93.0215051, 27.7763169 ], [ 93.0207125, 27.7758866 ], [ 93.0204259, 27.7753895 ], [ 93.0202622, 27.7751057 ], [ 93.0198119, 27.7741494 ], [ 93.0201541, 27.773735 ], [ 93.0206765, 27.772954 ], [ 93.0208927, 27.7718702 ], [ 93.0211449, 27.7713124 ], [ 93.0218294, 27.7708342 ], [ 93.0223338, 27.7689534 ], [ 93.0224238, 27.7683956 ], [ 93.0225859, 27.7679015 ], [ 93.0222797, 27.7668495 ], [ 93.0219194, 27.7663075 ], [ 93.0211449, 27.7660525 ], [ 93.0207022, 27.7658608 ], [ 93.0202982, 27.7656859 ], [ 93.0193255, 27.7656062 ], [ 93.0191769, 27.7654558 ] ] } },
{ "type": "Feature", "properties": { "osm_id": 1239831270, "tags": { "name": "Keynia", "waterway": "river" }, "inside_district": true }, "geometry": { "type": "LineString", "coordinates": [ [ 93.0366622, 27.8231706 ], [ 93.035954, 27.82247 ], [ 93.0352698, 27.8219817 ], [ 93.0344296, 27.8214084 ], [ 93.0338654, 27.8211006 ], [ 93.0330372, 27.8210475 ], [ 93.032317, 27.8208564 ], [ 93.0315728, 27.8205592 ], [ 93.0305645, 27.8199859 ], [ 93.0295563, 27.8194657 ], [ 93.0289561, 27.8193383 ], [ 93.0281639, 27.8189243 ], [ 93.0273117, 27.8184466 ], [ 93.0266755, 27.8183617 ], [ 93.0259553, 27.8180538 ], [ 93.0255112, 27.8173744 ], [ 93.0249831, 27.8170134 ], [ 93.0244909, 27.8168754 ], [ 93.0238788, 27.8162491 ], [ 93.0235667, 27.8156546 ], [ 93.0234707, 27.8148902 ], [ 93.0231106, 27.8140409 ], [ 93.0229665, 27.8134039 ], [ 93.0224264, 27.8129211 ], [ 93.0216222, 27.8124434 ], [ 93.021022, 27.8120399 ], [ 93.020782, 27.8116153 ], [ 93.0205539, 27.8113074 ], [ 93.0200138, 27.8107872 ], [ 93.0195916, 27.8103899 ] ] } },
{ "type": "Feature", "properties": { "osm_id": 1257803753, "tags": { "waterway": "river" }, "inside_district": true }, "geometry": { "type": "LineString", "coordinates": [ [ 92.6432514, 27.4463944 ], [ 92.6432875, 27.4458559 ], [ 92.6432935, 27.4456026 ], [ 92.642939, 27.4452721 ], [ 92.6419792, 27.4453425 ], [ 92.640967, 27.4450803 ], [ 92.639964, 27.4446265 ], [ 92.6393179, 27.4441599 ], [ 92.6393989, 27.4437596 ], [ 92.6398105, 27.4434367 ] ] } },
{ "type": "Feature", "properties": { "osm_id": 1257803754, "tags": { "waterway": "river" }, "inside_district": true }, "geometry": { "type": "LineString", "coordinates": [ [ 92.6398105, 27.4434367 ], [ 92.6400676, 27.4430944 ], [ 92.6406553, 27.4427807 ], [ 92.6404763, 27.442524 ], [ 92.6395901, 27.4420839 ], [ 92.6390943, 27.4416642 ], [ 92.638626, 27.4409063 ], [ 92.6384469, 27.4403685 ], [ 92.6385296, 27.4399202 ], [ 92.6388647, 27.4398224 ], [ 92.6392596, 27.4396717 ], [ 92.6392917, 27.439415 ], [ 92.6392045, 27.4390238 ], [ 92.6391035, 27.4383596 ], [ 92.6389703, 27.437944 ], [ 92.6391999, 27.4376913 ], [ 92.6398197, 27.4374346 ], [ 92.6398151, 27.437129 ], [ 92.6396774, 27.4366278 ], [ 92.6396177, 27.4363874 ], [ 92.639962, 27.4359799 ], [ 92.6402513, 27.4354583 ], [ 92.6401227, 27.4350671 ], [ 92.6401503, 27.4346352 ], [ 92.6400401, 27.4343459 ], [ 92.6401962, 27.4339384 ], [ 92.6401503, 27.4335798 ], [ 92.6402283, 27.4331926 ], [ 92.640063, 27.4330378 ], [ 92.6398381, 27.4328055 ], [ 92.639659, 27.432504 ], [ 92.6397233, 27.4321291 ], [ 92.6400309, 27.4317868 ], [ 92.6403753, 27.431526 ], [ 92.6409721, 27.4313263 ], [ 92.6411099, 27.4311714 ], [ 92.6410594, 27.4309799 ], [ 92.640917, 27.4308454 ], [ 92.6407334, 27.4307476 ], [ 92.6406278, 27.4305072 ], [ 92.6407012, 27.4302056 ], [ 92.6409308, 27.4300956 ], [ 92.6412522, 27.4300793 ], [ 92.6415598, 27.4298959 ], [ 92.6420924, 27.4295781 ], [ 92.6424643, 27.4292724 ], [ 92.6425102, 27.4289668 ], [ 92.6424689, 27.4286652 ], [ 92.642299, 27.4285063 ], [ 92.6418996, 27.4282781 ], [ 92.6415828, 27.4281355 ], [ 92.6414955, 27.4279521 ], [ 92.6414863, 27.4277116 ], [ 92.6414037, 27.4274141 ], [ 92.641243, 27.4271574 ], [ 92.6410823, 27.4268599 ] ] } },
{ "type": "Feature", "properties": { "osm_id": 1257803755, "tags": { "waterway": "river" }, "inside_district": true }, "geometry": { "type": "LineString", "coordinates": [ [ 92.6410823, 27.4268599 ], [ 92.6411374, 27.4264768 ], [ 92.6412981, 27.4262812 ], [ 92.6416425, 27.426 ], [ 92.6417481, 27.4257922 ], [ 92.641445, 27.4254866 ], [ 92.6409538, 27.4252176 ], [ 92.6404763, 27.424806 ], [ 92.6401503, 27.4245574 ], [ 92.6398702, 27.4242558 ], [ 92.6396269, 27.4240113 ], [ 92.6396223, 27.4237546 ], [ 92.6395167, 27.4232981 ], [ 92.6390851, 27.4226583 ], [ 92.6389887, 27.4221855 ], [ 92.6389428, 27.4216272 ], [ 92.638805, 27.4212441 ], [ 92.6388004, 27.420967 ], [ 92.6390621, 27.4206776 ], [ 92.6392596, 27.4203516 ], [ 92.6392596, 27.4199196 ] ] } },
{ "type": "Feature", "properties": { "osm_id": 1257803756, "tags": { "waterway": "river" }, "inside_district": true }, "geometry": { "type": "LineString", "coordinates": [ [ 92.6392596, 27.4199196 ], [ 92.6394708, 27.4196465 ], [ 92.6396866, 27.4193735 ], [ 92.6398013, 27.4190515 ], [ 92.6397554, 27.4186969 ], [ 92.6395901, 27.4182935 ], [ 92.6392366, 27.417727 ], [ 92.6389933, 27.4173113 ], [ 92.6389382, 27.4169363 ], [ 92.6390576, 27.4165084 ], [ 92.6390759, 27.4160886 ], [ 92.6389565, 27.415791 ], [ 92.6387683, 27.4156403 ], [ 92.6386535, 27.415302 ], [ 92.638525, 27.4147355 ], [ 92.6382954, 27.4144298 ], [ 92.637749, 27.4137573 ], [ 92.6377031, 27.4134883 ], [ 92.6377399, 27.413256 ], [ 92.6376618, 27.4130237 ], [ 92.6378179, 27.4126772 ], [ 92.6378087, 27.4122126 ], [ 92.6375608, 27.4118947 ], [ 92.6371614, 27.4117398 ], [ 92.6368951, 27.4116257 ], [ 92.6368675, 27.4113689 ], [ 92.6368997, 27.4110388 ], [ 92.6368124, 27.4107331 ], [ 92.6366655, 27.4103255 ], [ 92.6366012, 27.4100606 ], [ 92.6363762, 27.4098608 ], [ 92.6360319, 27.4097019 ], [ 92.6355865, 27.4096041 ], [ 92.635031, 27.4094492 ], [ 92.6346958, 27.4091679 ], [ 92.6343653, 27.4088133 ] ] } },
{ "type": "Feature", "properties": { "osm_id": 1257803761, "tags": { "waterway": "river" }, "inside_district": true }, "geometry": { "type": "LineString", "coordinates": [ [ 92.6343653, 27.4088133 ], [ 92.6340888, 27.4084834 ], [ 92.6337358, 27.4080564 ], [ 92.6336459, 27.4077984 ], [ 92.6333275, 27.407439 ], [ 92.6332237, 27.4072301 ], [ 92.6330853, 27.4068461 ], [ 92.63285, 27.4064345 ], [ 92.6326528, 27.4061672 ], [ 92.6324278, 27.4059982 ], [ 92.6322963, 27.4055682 ], [ 92.6322548, 27.4052855 ], [ 92.6321476, 27.4049753 ], [ 92.6320472, 27.4046159 ], [ 92.6320403, 27.4043332 ], [ 92.6317738, 27.404023 ], [ 92.6318396, 27.4038079 ], [ 92.6319019, 27.4035192 ], [ 92.6318361, 27.4032795 ], [ 92.6316804, 27.4028587 ], [ 92.6310922, 27.4022412 ], [ 92.630625, 27.4016698 ], [ 92.6299364, 27.4011383 ], [ 92.6294658, 27.4007605 ], [ 92.6290402, 27.4005546 ], [ 92.6284762, 27.4002935 ], [ 92.628272, 27.3998173 ], [ 92.6280782, 27.3994056 ], [ 92.6280332, 27.3990585 ], [ 92.6283101, 27.3986898 ], [ 92.6284519, 27.3983028 ], [ 92.628708, 27.3981799 ], [ 92.628881, 27.3980416 ], [ 92.6286596, 27.3976453 ], [ 92.6275938, 27.3969909 ], [ 92.6271855, 27.3970401 ], [ 92.6267875, 27.3972091 ], [ 92.6265073, 27.3972736 ], [ 92.6262685, 27.3971415 ], [ 92.6261197, 27.3969141 ], [ 92.6257218, 27.3968097 ], [ 92.6252788, 27.3967513 ], [ 92.6251197, 27.3965362 ], [ 92.624964, 27.3961829 ], [ 92.6248636, 27.3957866 ], [ 92.6247114, 27.3954087 ], [ 92.6243861, 27.3949448 ], [ 92.6242235, 27.3944871 ], [ 92.624047, 27.394186 ], [ 92.6238359, 27.3937712 ], [ 92.623566, 27.3934118 ], [ 92.6233065, 27.3932397 ], [ 92.6231196, 27.3931506 ], [ 92.6230954, 27.392871 ], [ 92.6231819, 27.3923795 ], [ 92.6231681, 27.3919309 ], [ 92.6229708, 27.3913318 ], [ 92.6229051, 27.3910614 ], [ 92.6229501, 27.3906374 ], [ 92.6230193, 27.3902473 ], [ 92.6230296, 27.3898386 ], [ 92.6229644, 27.3893998 ], [ 92.6232353, 27.3890206 ], [ 92.6235245, 27.388772 ], [ 92.623575, 27.3884295 ], [ 92.6237495, 27.3879281 ], [ 92.6238734, 27.3875856 ], [ 92.6241719, 27.387284 ], [ 92.6244014, 27.3867214 ], [ 92.6245575, 27.3863626 ], [ 92.6250029, 27.3857797 ], [ 92.6253243, 27.3854291 ], [ 92.625462, 27.3851559 ], [ 92.62571, 27.3850948 ], [ 92.6260727, 27.3851682 ], [ 92.6262334, 27.3850744 ], [ 92.6263711, 27.3848012 ], [ 92.6264813, 27.3844139 ], [ 92.6267843, 27.3837698 ], [ 92.6270965, 27.3831583 ], [ 92.6272802, 27.3826528 ], [ 92.6272067, 27.3822614 ], [ 92.6275694, 27.3819189 ], [ 92.6279321, 27.3815398 ], [ 92.6278265, 27.3810791 ], [ 92.6275097, 27.3805695 ], [ 92.6272389, 27.3800721 ], [ 92.6269267, 27.3797622 ], [ 92.6264354, 27.3793382 ], [ 92.6260497, 27.3790528 ], [ 92.6252967, 27.3786084 ], [ 92.6249799, 27.3783271 ], [ 92.6247917, 27.3779969 ], [ 92.6249845, 27.3776055 ], [ 92.6252967, 27.3773486 ], [ 92.6250822, 27.3764434 ], [ 92.6252281, 27.3758413 ], [ 92.6250564, 27.3749952 ], [ 92.6247045, 27.3745836 ], [ 92.6248676, 27.3738976 ], [ 92.6256916, 27.3732649 ], [ 92.6264641, 27.3728533 ], [ 92.6269534, 27.372396 ], [ 92.6271594, 27.3718471 ], [ 92.6269006, 27.3712998 ], [ 92.6260105, 27.3703541 ], [ 92.6254065, 27.3691119 ], [ 92.6250727, 27.3680674 ], [ 92.6248025, 27.3669664 ], [ 92.6245799, 27.3657383 ], [ 92.6242303, 27.365089 ], [ 92.623213, 27.3644679 ], [ 92.6217507, 27.3636915 ], [ 92.6215441, 27.3630422 ], [ 92.6212262, 27.3621952 ], [ 92.6210037, 27.3616447 ], [ 92.620495, 27.360713 ], [ 92.6196844, 27.3588496 ], [ 92.6193029, 27.3575226 ], [ 92.6193029, 27.3559133 ], [ 92.6182698, 27.3539086 ], [ 92.6165532, 27.3520734 ], [ 92.6161717, 27.350704 ], [ 92.6147571, 27.3491933 ], [ 92.6124206, 27.3480215 ], [ 92.610243, 27.3473156 ], [ 92.6083357, 27.3459744 ], [ 92.6076204, 27.3447602 ], [ 92.6071913, 27.343546 ], [ 92.6055541, 27.3416118 ], [ 92.6043938, 27.3401575 ], [ 92.6032653, 27.3385762 ], [ 92.6025342, 27.3371077 ], [ 92.6021368, 27.3359217 ], [ 92.6011196, 27.3348627 ], [ 92.5981155, 27.3330836 ], [ 92.5961287, 27.3300901 ], [ 92.5948253, 27.3284098 ], [ 92.5937445, 27.3266447 ], [ 92.5922822, 27.3251338 ], [ 92.5913433, 27.3238533 ] ] } },
{ "type": "Feature", "properties": { "osm_id": 1257803762, "tags": { "waterway": "river" }, "inside_district": true }, "geometry": { "type": "LineString", "coordinates": [ [ 92.6439755, 27.45831 ], [ 92.6437826, 27.4578128 ], [ 92.6436264, 27.457071 ], [ 92.6431487, 27.4569325 ], [ 92.6429007, 27.4567531 ], [ 92.6426803, 27.4563537 ], [ 92.6429099, 27.4559869 ], [ 92.6433325, 27.455938 ], [ 92.643608, 27.4560032 ], [ 92.6437366, 27.4557016 ], [ 92.6434335, 27.45518 ], [ 92.6429191, 27.4543974 ], [ 92.6423404, 27.4542425 ], [ 92.6419454, 27.4540714 ], [ 92.6417892, 27.4536556 ], [ 92.6419362, 27.4532888 ], [ 92.6428691, 27.4530859 ], [ 92.6431635, 27.4527603 ], [ 92.6430548, 27.4523543 ], [ 92.6427694, 27.4517714 ], [ 92.6424388, 27.4512489 ], [ 92.6421715, 27.450453 ], [ 92.6422304, 27.4492069 ], [ 92.6422757, 27.4483346 ], [ 92.641483, 27.4482662 ], [ 92.6409394, 27.448021 ], [ 92.6409168, 27.4475588 ], [ 92.6412791, 27.4472814 ], [ 92.6423119, 27.447008 ], [ 92.6432586, 27.4466663 ], [ 92.6432514, 27.4463944 ] ] } },
{ "type": "Feature", "properties": { "osm_id": 1310894170, "tags": { "waterway": "river" }, "inside_district": true }, "geometry": { "type": "LineString", "coordinates": [ [ 92.35053, 27.7672614 ], [ 92.3501973, 27.7669411 ], [ 92.3499463, 27.7666994 ], [ 92.348676, 27.7662893 ], [ 92.3473371, 27.7659247 ], [ 92.3469766, 27.7656057 ], [ 92.3461698, 27.7649526 ], [ 92.3450197, 27.764345 ], [ 92.343818, 27.7630538 ], [ 92.3427709, 27.762431 ], [ 92.3417581, 27.7624007 ], [ 92.3406938, 27.7622488 ], [ 92.339681, 27.7620209 ], [ 92.3391317, 27.7614133 ], [ 92.3381017, 27.7607449 ], [ 92.3372606, 27.7601525 ], [ 92.3363336, 27.7600158 ], [ 92.3350976, 27.7601981 ], [ 92.334205, 27.7603196 ], [ 92.333587, 27.7604715 ], [ 92.3329347, 27.760669 ], [ 92.3324712, 27.7603956 ], [ 92.3320077, 27.7603956 ], [ 92.3315099, 27.7600614 ], [ 92.3310293, 27.7600006 ], [ 92.3303426, 27.7597272 ], [ 92.3297246, 27.7594386 ], [ 92.3292611, 27.7594689 ], [ 92.3284715, 27.7592563 ], [ 92.3276132, 27.7588006 ], [ 92.327081, 27.7588157 ], [ 92.3262399, 27.758755 ], [ 92.3255361, 27.758998 ], [ 92.3246778, 27.7589069 ], [ 92.3240941, 27.7591044 ], [ 92.3228925, 27.7596816 ], [ 92.321605, 27.7597424 ], [ 92.3207982, 27.7595449 ], [ 92.3201974, 27.7593474 ], [ 92.3196824, 27.7594689 ], [ 92.3189786, 27.7591803 ], [ 92.3179315, 27.7585879 ], [ 92.3168157, 27.7582081 ], [ 92.3154252, 27.7578739 ], [ 92.3139833, 27.7576916 ], [ 92.313228, 27.7573119 ], [ 92.3125928, 27.7573574 ], [ 92.3121122, 27.7567498 ], [ 92.3117517, 27.7565523 ], [ 92.3106874, 27.7565523 ], [ 92.3098634, 27.7563245 ], [ 92.3092798, 27.7559599 ], [ 92.3085759, 27.7558232 ], [ 92.3081125, 27.7560206 ], [ 92.3073743, 27.7560966 ], [ 92.3067735, 27.7558991 ], [ 92.3061555, 27.7551851 ], [ 92.3053301, 27.755 ] ] } },
{ "type": "Feature", "properties": { "osm_id": 1310894172, "tags": { "waterway": "stream" }, "inside_district": true }, "geometry": { "type": "LineString", "coordinates": [ [ 92.4023742, 27.7640895 ], [ 92.4016259, 27.7642718 ], [ 92.4008706, 27.7646819 ], [ 92.4002183, 27.765092 ], [ 92.39936, 27.7650009 ], [ 92.3984159, 27.764849 ], [ 92.397815, 27.7646363 ], [ 92.3973344, 27.7640136 ], [ 92.3962529, 27.763725 ], [ 92.3956178, 27.7631325 ], [ 92.3947251, 27.7627224 ], [ 92.3930257, 27.7624186 ], [ 92.3921674, 27.7621756 ], [ 92.3917554, 27.7617654 ], [ 92.3903134, 27.7617047 ], [ 92.3896611, 27.7618566 ], [ 92.3888371, 27.7619629 ], [ 92.3879788, 27.762692 ], [ 92.3863824, 27.7635427 ], [ 92.3858846, 27.7636186 ], [ 92.3856442, 27.7635123 ], [ 92.3851293, 27.7635579 ], [ 92.3849576, 27.7637857 ], [ 92.3846658, 27.7638769 ], [ 92.3842538, 27.7638769 ], [ 92.3840135, 27.7639376 ], [ 92.383962, 27.7641958 ], [ 92.3837045, 27.7644541 ], [ 92.3828633, 27.7646819 ], [ 92.3821938, 27.7646819 ], [ 92.3813012, 27.7650161 ], [ 92.3808721, 27.7653047 ], [ 92.3803227, 27.7652895 ], [ 92.3798421, 27.7654566 ], [ 92.3788808, 27.7658971 ], [ 92.3780568, 27.7660034 ], [ 92.376941, 27.7658667 ], [ 92.3760999, 27.765973 ], [ 92.3756021, 27.7662009 ], [ 92.3749154, 27.7661553 ], [ 92.3741258, 27.7662313 ], [ 92.3735421, 27.766292 ], [ 92.37301, 27.7659579 ], [ 92.3715508, 27.7660338 ], [ 92.3709844, 27.7663528 ], [ 92.3701432, 27.7665502 ], [ 92.3689244, 27.7665502 ], [ 92.3678945, 27.7664135 ], [ 92.3670876, 27.766611 ], [ 92.366092, 27.7668844 ], [ 92.3655255, 27.7672034 ], [ 92.3648046, 27.7673097 ], [ 92.3642552, 27.7673249 ], [ 92.3634656, 27.7671274 ], [ 92.3627274, 27.767173 ], [ 92.3616975, 27.7676135 ], [ 92.3606332, 27.7685249 ], [ 92.3599637, 27.7689198 ], [ 92.3594659, 27.7689654 ], [ 92.3588994, 27.7688894 ], [ 92.3582986, 27.7691932 ], [ 92.3578351, 27.7694362 ], [ 92.3575948, 27.7697096 ], [ 92.3574574, 27.7702109 ], [ 92.3572686, 27.7702716 ], [ 92.3569425, 27.7698767 ], [ 92.3566335, 27.7698008 ], [ 92.356479, 27.7700893 ], [ 92.3565133, 27.7703779 ], [ 92.356376, 27.7705146 ], [ 92.35617, 27.7704387 ], [ 92.3556893, 27.7699982 ], [ 92.3558782, 27.7697096 ], [ 92.3558095, 27.7694666 ], [ 92.3553803, 27.7691172 ], [ 92.3552945, 27.7688286 ], [ 92.3555005, 27.7681603 ], [ 92.3552945, 27.7679325 ], [ 92.3547624, 27.7675224 ], [ 92.3542474, 27.767249 ], [ 92.3537324, 27.7674312 ], [ 92.3535779, 27.7675679 ], [ 92.3530629, 27.7675072 ], [ 92.3523591, 27.7675679 ], [ 92.3518784, 27.7674009 ], [ 92.3511575, 27.7671274 ], [ 92.3507455, 27.7670971 ], [ 92.35053, 27.7672614 ] ] } },
{ "type": "Feature", "properties": { "osm_id": 1310894173, "tags": { "waterway": "stream" }, "inside_district": true }, "geometry": { "type": "LineString", "coordinates": [ [ 92.4254292, 27.7656227 ], [ 92.4253926, 27.7648916 ], [ 92.4239764, 27.7633347 ], [ 92.4216528, 27.7628062 ], [ 92.4213242, 27.7625353 ], [ 92.4205839, 27.7624656 ], [ 92.4202216, 27.7622147 ], [ 92.4198908, 27.7620614 ], [ 92.4195757, 27.7622147 ], [ 92.4191031, 27.7623541 ], [ 92.4185676, 27.7622565 ], [ 92.4177169, 27.7624099 ], [ 92.4169136, 27.762159 ], [ 92.4164095, 27.7619917 ], [ 92.4161575, 27.7621172 ], [ 92.4157479, 27.7619499 ], [ 92.4156219, 27.7616293 ], [ 92.4151178, 27.7616432 ], [ 92.4142199, 27.7619638 ], [ 92.4138734, 27.7622426 ], [ 92.4135583, 27.7621729 ], [ 92.4129755, 27.761699 ], [ 92.4125659, 27.7615596 ], [ 92.4122824, 27.761699 ], [ 92.4117468, 27.7620753 ], [ 92.411353, 27.7620753 ], [ 92.4110852, 27.7620196 ], [ 92.4106284, 27.7622565 ], [ 92.4099038, 27.7626329 ], [ 92.409762, 27.7628141 ], [ 92.4094155, 27.7630371 ], [ 92.4093052, 27.763288 ], [ 92.4090059, 27.763525 ], [ 92.4089586, 27.7637062 ], [ 92.4087381, 27.763748 ], [ 92.4084231, 27.7636923 ], [ 92.4076512, 27.7636226 ], [ 92.4072731, 27.7636226 ], [ 92.406643, 27.7637898 ], [ 92.4063753, 27.7637898 ], [ 92.4056664, 27.7638735 ], [ 92.4053041, 27.763985 ], [ 92.404863, 27.763971 ], [ 92.4046267, 27.7640825 ], [ 92.4044535, 27.7644031 ], [ 92.4042644, 27.764431 ], [ 92.4039021, 27.7641104 ], [ 92.4036186, 27.7639571 ], [ 92.4034611, 27.7640268 ], [ 92.4031145, 27.7640268 ], [ 92.4026104, 27.7641104 ], [ 92.4023742, 27.7640895 ] ] } },
{ "type": "Feature", "properties": { "osm_id": 1310894174, "tags": { "waterway": "stream" }, "inside_district": true }, "geometry": { "type": "LineString", "coordinates": [ [ 92.428554, 27.7684045 ], [ 92.4282552, 27.7681056 ], [ 92.4280135, 27.7678909 ], [ 92.4276627, 27.7677874 ], [ 92.4274757, 27.7675805 ], [ 92.42716, 27.7674667 ], [ 92.4268794, 27.7672805 ], [ 92.4267157, 27.7670735 ], [ 92.4262012, 27.7667528 ], [ 92.4256867, 27.7664011 ], [ 92.4253243, 27.7661114 ], [ 92.4252073, 27.7658217 ], [ 92.4254292, 27.7656227 ] ] } },
{ "type": "Feature", "properties": { "osm_id": 1310903702, "tags": { "waterway": "stream" }, "inside_district": true }, "geometry": { "type": "LineString", "coordinates": [ [ 92.3549696, 27.7824081 ], [ 92.3548659, 27.7823037 ], [ 92.3547972, 27.7821378 ], [ 92.3547744, 27.7820123 ], [ 92.3547195, 27.7818869 ], [ 92.3546326, 27.7818545 ], [ 92.3546189, 27.7817452 ], [ 92.3545548, 27.7812839 ], [ 92.3543261, 27.7808347 ], [ 92.3542026, 27.780519 ], [ 92.3538367, 27.7803329 ], [ 92.3536903, 27.7803045 ], [ 92.3534296, 27.7802519 ], [ 92.3531734, 27.7801831 ], [ 92.3529127, 27.7800901 ], [ 92.352716, 27.780086 ], [ 92.3524507, 27.7800739 ], [ 92.3521305, 27.779912 ], [ 92.3519979, 27.7797704 ], [ 92.3518561, 27.7796489 ], [ 92.3517234, 27.7796692 ], [ 92.3513941, 27.7796409 ], [ 92.3511105, 27.7796004 ], [ 92.3510282, 27.7795761 ], [ 92.3509458, 27.7794911 ], [ 92.3509596, 27.7792523 ], [ 92.3509092, 27.7789205 ], [ 92.3508544, 27.7787262 ], [ 92.3508818, 27.7785967 ], [ 92.3508223, 27.7785077 ], [ 92.3508086, 27.7783903 ], [ 92.3509413, 27.7778966 ], [ 92.3510282, 27.7777347 ], [ 92.3511014, 27.7775405 ], [ 92.351202, 27.7770386 ], [ 92.3512798, 27.7766218 ], [ 92.3512615, 27.7764235 ], [ 92.3512615, 27.7761807 ], [ 92.3512396, 27.7760259 ], [ 92.3512157, 27.7758569 ], [ 92.3512843, 27.7755736 ], [ 92.3513118, 27.7753713 ], [ 92.3512477, 27.7751851 ], [ 92.3513026, 27.775003 ], [ 92.3513346, 27.7747359 ], [ 92.3512798, 27.774663 ], [ 92.351266, 27.7745092 ], [ 92.3513255, 27.7742016 ], [ 92.3512752, 27.7738617 ], [ 92.351298, 27.7734893 ], [ 92.3512752, 27.7733396 ], [ 92.3513255, 27.7730199 ], [ 92.3511974, 27.7727366 ], [ 92.3511654, 27.7725625 ], [ 92.3513346, 27.772348 ], [ 92.3513758, 27.7720809 ], [ 92.3514078, 27.7716438 ], [ 92.3512432, 27.7708425 ], [ 92.3511837, 27.7705511 ], [ 92.3512477, 27.7704337 ], [ 92.3512569, 27.7702637 ], [ 92.3513804, 27.7702192 ], [ 92.3514627, 27.7699318 ], [ 92.3515496, 27.769693 ], [ 92.3514902, 27.7693692 ], [ 92.3515313, 27.7691466 ], [ 92.3515085, 27.768839 ], [ 92.3514536, 27.7686569 ], [ 92.3513118, 27.7685314 ], [ 92.3511974, 27.7684222 ], [ 92.3511974, 27.7682886 ], [ 92.3510556, 27.7681227 ], [ 92.3507675, 27.7679446 ], [ 92.3504839, 27.7673982 ], [ 92.3503787, 27.7672241 ], [ 92.350214, 27.7670542 ], [ 92.3501973, 27.7669411 ] ] } },
{ "type": "Feature", "properties": { "osm_id": 1310903703, "tags": { "waterway": "stream" }, "inside_district": true }, "geometry": { "type": "LineString", "coordinates": [ [ 92.3519614, 27.7760188 ], [ 92.351919, 27.7759774 ], [ 92.351832, 27.7759678 ], [ 92.3517972, 27.7759486 ], [ 92.3517319, 27.7759524 ], [ 92.3516645, 27.7759389 ], [ 92.3515513, 27.7759312 ], [ 92.3514665, 27.7759389 ], [ 92.3513773, 27.7759717 ], [ 92.3512396, 27.7760259 ] ] } },
{ "type": "Feature", "properties": { "osm_id": 1332436632, "tags": { "waterway": "stream" }, "inside_district": true }, "geometry": { "type": "LineString", "coordinates": [ [ 92.4139878, 27.7743437 ], [ 92.4141166, 27.7730716 ], [ 92.4135265, 27.7727299 ], [ 92.4135265, 27.771923 ], [ 92.4139556, 27.7713439 ], [ 92.4135587, 27.7706414 ], [ 92.4135801, 27.7699864 ], [ 92.4132368, 27.7688662 ], [ 92.4122497, 27.7683441 ], [ 92.4120137, 27.7667207 ], [ 92.4113378, 27.7662365 ], [ 92.4107799, 27.7664644 ], [ 92.4067888, 27.7647555 ], [ 92.406939, 27.7642049 ], [ 92.4062952, 27.7641859 ], [ 92.4055442, 27.7645467 ], [ 92.405276, 27.7645087 ], [ 92.4046215, 27.7649169 ], [ 92.4026903, 27.7643568 ], [ 92.4023742, 27.7640895 ] ] } },
{ "type": "Feature", "properties": { "osm_id": 1375097176, "tags": { "waterway": "stream" }, "inside_district": true }, "geometry": { "type": "LineString", "coordinates": [ [ 92.806611, 27.8794276 ], [ 92.8060566, 27.8793333 ], [ 92.8056519, 27.8792764 ], [ 92.8051183, 27.8789593 ], [ 92.8049527, 27.8787153 ], [ 92.8046767, 27.8786096 ], [ 92.8043364, 27.8785202 ], [ 92.8041892, 27.8783576 ], [ 92.8039132, 27.8781299 ], [ 92.803812, 27.8779916 ], [ 92.803674, 27.877764 ], [ 92.8036832, 27.8775525 ], [ 92.8035729, 27.8773249 ], [ 92.8035637, 27.8770972 ], [ 92.8035729, 27.8767719 ], [ 92.8036548, 27.8764307 ] ] } },
{ "type": "Feature", "properties": { "osm_id": 1375097179, "tags": { "name": "Wai Bung", "waterway": "stream" }, "inside_district": true }, "geometry": { "type": "LineString", "coordinates": [ [ 92.7850177, 27.888793 ], [ 92.784537, 27.8883834 ], [ 92.7845152, 27.8875561 ], [ 92.7845997, 27.8870047 ], [ 92.7848033, 27.8860202 ], [ 92.7851997, 27.8850489 ], [ 92.7850348, 27.8841654 ], [ 92.7837645, 27.8836798 ], [ 92.7827861, 27.8832701 ], [ 92.7821166, 27.8827998 ], [ 92.7815501, 27.8823597 ], [ 92.7804, 27.8819501 ], [ 92.7793014, 27.8815556 ], [ 92.7787692, 27.880979 ], [ 92.7781856, 27.8804479 ], [ 92.7775676, 27.8795223 ], [ 92.7772757, 27.8787181 ], [ 92.7771041, 27.8780201 ], [ 92.7768294, 27.8771703 ], [ 92.775954, 27.8763965 ], [ 92.7745463, 27.875744 ], [ 92.7739283, 27.8750156 ], [ 92.7731044, 27.8746059 ], [ 92.7719542, 27.8744997 ], [ 92.7717482, 27.8738927 ], [ 92.7712676, 27.8736651 ], [ 92.7709328, 27.8733105 ], [ 92.7706947, 27.8728205 ], [ 92.7706333, 27.8721259 ], [ 92.7704195, 27.8715028 ] ] } },
{ "type": "Feature", "properties": { "osm_id": 1375097180, "tags": { "waterway": "stream" }, "inside_district": true }, "geometry": { "type": "LineString", "coordinates": [ [ 92.7861506, 27.8983209 ], [ 92.786185, 27.8978278 ], [ 92.7861163, 27.8968417 ], [ 92.785979, 27.8961438 ], [ 92.7856528, 27.8954915 ], [ 92.785258, 27.895097 ], [ 92.7848803, 27.8944446 ], [ 92.7842624, 27.8937467 ], [ 92.7838332, 27.8933826 ], [ 92.7839019, 27.892973 ], [ 92.7843825, 27.8922599 ], [ 92.7847602, 27.8917289 ], [ 92.7848803, 27.8912282 ], [ 92.7848117, 27.8906516 ], [ 92.7847945, 27.889802 ], [ 92.7848288, 27.8892103 ], [ 92.7850177, 27.888793 ] ] } },
{ "type": "Feature", "properties": { "osm_id": 1375097181, "tags": { "waterway": "stream" }, "inside_district": true }, "geometry": { "type": "LineString", "coordinates": [ [ 92.7913005, 27.8929502 ], [ 92.7909743, 27.8927075 ], [ 92.7903907, 27.8923585 ], [ 92.7897384, 27.8918275 ], [ 92.7889831, 27.8913268 ], [ 92.7885367, 27.8910992 ], [ 92.7877986, 27.8906441 ], [ 92.7865283, 27.8899461 ], [ 92.785876, 27.8894606 ], [ 92.7850177, 27.888793 ] ] } },
{ "type": "Feature", "properties": { "osm_id": 1375097182, "tags": { "waterway": "stream" }, "inside_district": true }, "geometry": { "type": "LineString", "coordinates": [ [ 92.7944111, 27.882348 ], [ 92.7941331, 27.8827075 ], [ 92.7933619, 27.8829266 ], [ 92.7928249, 27.8831944 ], [ 92.7921088, 27.8833891 ], [ 92.7915029, 27.882744 ], [ 92.7907593, 27.8823545 ], [ 92.7894374, 27.881965 ], [ 92.7886756, 27.8820653 ], [ 92.7876472, 27.8824884 ], [ 92.7872341, 27.8827197 ], [ 92.786339, 27.8839734 ], [ 92.7855266, 27.8841681 ], [ 92.7850348, 27.8841654 ] ] } },
{ "type": "Feature", "properties": { "osm_id": 1375097184, "tags": { "waterway": "stream" }, "inside_district": true }, "geometry": { "type": "LineString", "coordinates": [ [ 92.810161, 27.9068113 ], [ 92.8101084, 27.907603 ], [ 92.8100188, 27.9084963 ], [ 92.8100188, 27.9089938 ], [ 92.8103643, 27.9094799 ], [ 92.8107098, 27.9098418 ] ] } },
{ "type": "Feature", "properties": { "osm_id": 1375097185, "tags": { "name": "Kwapbo Bung", "waterway": "stream" }, "inside_district": true }, "geometry": { "type": "LineString", "coordinates": [ [ 92.8109828, 27.9128773 ], [ 92.810697, 27.9136746 ], [ 92.8106074, 27.9145678 ], [ 92.8105434, 27.9151331 ], [ 92.8106714, 27.9155628 ], [ 92.810697, 27.9163429 ], [ 92.811004, 27.9170552 ], [ 92.8110936, 27.9176657 ], [ 92.8109529, 27.9189206 ], [ 92.8109784, 27.9192824 ], [ 92.8108889, 27.9196216 ], [ 92.8104794, 27.9200399 ], [ 92.8099804, 27.9204469 ], [ 92.8098653, 27.9210461 ], [ 92.8098397, 27.9218261 ], [ 92.8098653, 27.9230132 ], [ 92.8095454, 27.9237932 ], [ 92.8094942, 27.9241098 ], [ 92.8092, 27.9247429 ], [ 92.8091232, 27.9256247 ], [ 92.8088033, 27.9262351 ], [ 92.8080228, 27.9270604 ], [ 92.8074215, 27.9275578 ], [ 92.8073575, 27.9276822 ], [ 92.8071784, 27.9280552 ], [ 92.8073319, 27.9282248 ], [ 92.8070632, 27.9289144 ], [ 92.8069992, 27.9292535 ], [ 92.806641, 27.9297509 ], [ 92.806641, 27.93009 ], [ 92.8066282, 27.9304179 ], [ 92.8064363, 27.9305874 ], [ 92.8062955, 27.9308022 ], [ 92.8060012, 27.9309718 ] ] } },
{ "type": "Feature", "properties": { "osm_id": 1375097188, "tags": { "waterway": "stream" }, "inside_district": true }, "geometry": { "type": "LineString", "coordinates": [ [ 92.7895214, 27.9206164 ], [ 92.7897518, 27.9205373 ], [ 92.7899437, 27.9206617 ], [ 92.7900844, 27.9207973 ], [ 92.7902252, 27.9210121 ], [ 92.7905067, 27.9208652 ], [ 92.7906218, 27.9206504 ], [ 92.7909545, 27.9205486 ], [ 92.7911336, 27.9204129 ], [ 92.7915275, 27.9201515 ] ] } },
{ "type": "Feature", "properties": { "osm_id": 1375097189, "tags": { "name": "Hauwa Bung", "waterway": "stream" }, "inside_district": true }, "geometry": { "type": "LineString", "coordinates": [ [ 92.7946394, 27.9193276 ], [ 92.7951, 27.9192259 ], [ 92.7955094, 27.9190789 ], [ 92.7959317, 27.9188641 ], [ 92.7962004, 27.9186832 ], [ 92.7965074, 27.9186719 ], [ 92.7976974, 27.9186945 ], [ 92.7982603, 27.9186719 ], [ 92.7987721, 27.9187623 ], [ 92.7993607, 27.9189884 ], [ 92.7995782, 27.9192259 ], [ 92.7997445, 27.9196894 ], [ 92.7997573, 27.9201981 ], [ 92.7997445, 27.920526 ], [ 92.7997445, 27.9208426 ], [ 92.7993863, 27.9211365 ], [ 92.7992711, 27.9213287 ], [ 92.7995142, 27.9216566 ], [ 92.7996678, 27.9220975 ], [ 92.799655, 27.9223349 ], [ 92.7998725, 27.9225497 ], [ 92.7999621, 27.9230132 ], [ 92.7998341, 27.9234428 ], [ 92.7998853, 27.9238498 ], [ 92.7999749, 27.9240985 ], [ 92.7997957, 27.9243698 ], [ 92.7997445, 27.924709 ], [ 92.7999621, 27.9253081 ], [ 92.7998213, 27.9256021 ], [ 92.7996806, 27.9257377 ], [ 92.7996806, 27.9260203 ], [ 92.7994759, 27.9263482 ], [ 92.7998341, 27.9268682 ], [ 92.7999365, 27.92723 ], [ 92.8001412, 27.9276482 ], [ 92.8003459, 27.9281909 ], [ 92.8004227, 27.9284848 ], [ 92.8004099, 27.9288013 ], [ 92.8003587, 27.9290613 ], [ 92.8005762, 27.9293666 ] ] } },
{ "type": "Feature", "properties": { "osm_id": 1375097192, "tags": { "waterway": "stream" }, "inside_district": true }, "geometry": { "type": "LineString", "coordinates": [ [ 92.7680173, 27.9260283 ], [ 92.7675711, 27.9260905 ], [ 92.7671132, 27.9260386 ], [ 92.7665849, 27.9261009 ], [ 92.7663383, 27.9262772 ], [ 92.7663031, 27.926547 ], [ 92.7657395, 27.9267129 ], [ 92.7650703, 27.9267337 ], [ 92.7645419, 27.9269308 ], [ 92.7640723, 27.9270034 ], [ 92.7638374, 27.927159 ], [ 92.7636144, 27.9275636 ], [ 92.7633208, 27.9281134 ], [ 92.763086, 27.9285698 ], [ 92.7628394, 27.9289744 ], [ 92.7626781, 27.929314 ] ] } },
{ "type": "Feature", "properties": { "osm_id": 1375097193, "tags": { "waterway": "stream" }, "inside_district": true }, "geometry": { "type": "LineString", "coordinates": [ [ 92.7587044, 27.9310797 ], [ 92.7583544, 27.9311113 ], [ 92.7580256, 27.9311425 ], [ 92.7577438, 27.9311425 ], [ 92.7572155, 27.9311113 ], [ 92.7567223, 27.930935 ], [ 92.7562527, 27.9309039 ], [ 92.7559592, 27.9308831 ], [ 92.7555013, 27.930769 ], [ 92.7550081, 27.9305927 ], [ 92.7547029, 27.9306134 ], [ 92.7544798, 27.9306134 ], [ 92.7542802, 27.9304786 ], [ 92.7539397, 27.9304889 ], [ 92.7537401, 27.9303333 ], [ 92.7534114, 27.93024 ] ] } },
{ "type": "Feature", "properties": { "osm_id": 1375097194, "tags": { "waterway": "stream" }, "inside_district": true }, "geometry": { "type": "LineString", "coordinates": [ [ 92.7534114, 27.93024 ], [ 92.7531648, 27.9300947 ], [ 92.752613, 27.9300429 ], [ 92.7519907, 27.9299703 ], [ 92.7516502, 27.9298769 ], [ 92.7515093, 27.9296902 ], [ 92.7515563, 27.9295035 ], [ 92.7515093, 27.9293271 ], [ 92.7512627, 27.9291922 ], [ 92.7509575, 27.9289433 ], [ 92.7508518, 27.9285802 ], [ 92.7507227, 27.9282275 ], [ 92.7503587, 27.927937 ], [ 92.7496542, 27.9273976 ], [ 92.7493724, 27.9271383 ], [ 92.7492668, 27.9269515 ], [ 92.7492081, 27.9264951 ], [ 92.7491728, 27.926298 ], [ 92.7489732, 27.9258934 ], [ 92.7485153, 27.9255096 ], [ 92.7481983, 27.9252398 ], [ 92.7479283, 27.9248145 ], [ 92.7474351, 27.9246693 ], [ 92.746989, 27.9243996 ], [ 92.7467894, 27.9242128 ], [ 92.745991, 27.9240676 ], [ 92.7457327, 27.9238912 ] ] } },
{ "type": "Feature", "properties": { "osm_id": 1375104594, "tags": { "waterway": "stream" }, "inside_district": true }, "geometry": { "type": "LineString", "coordinates": [ [ 92.8401347, 27.8613926 ], [ 92.840092, 27.8611603 ], [ 92.8400106, 27.8609856 ], [ 92.8398944, 27.8603379 ], [ 92.8397664, 27.8601118 ], [ 92.8395455, 27.859752 ], [ 92.8393827, 27.8593099 ], [ 92.8392897, 27.8591146 ], [ 92.8393246, 27.8588268 ], [ 92.8390572, 27.8582614 ], [ 92.8389293, 27.857953 ], [ 92.8391269, 27.8574492 ], [ 92.8390804, 27.8570586 ], [ 92.8392432, 27.8564109 ], [ 92.8389758, 27.8562464 ], [ 92.8383014, 27.8563184 ], [ 92.8375107, 27.8562464 ], [ 92.8367781, 27.8561128 ], [ 92.8362433, 27.8559689 ], [ 92.8356154, 27.8561642 ], [ 92.8354293, 27.8561539 ] ] } },
{ "type": "Feature", "properties": { "osm_id": 1392277758, "tags": { "intermittent": "yes", "waterway": "stream" }, "inside_district": true }, "geometry": { "type": "LineString", "coordinates": [ [ 92.4369917, 27.7404608 ], [ 92.4371195, 27.7403084 ], [ 92.4372375, 27.7400377 ], [ 92.4373126, 27.7396816 ], [ 92.4376398, 27.7392591 ], [ 92.4377954, 27.738846 ], [ 92.4378705, 27.7387226 ], [ 92.4380314, 27.7385706 ], [ 92.4381119, 27.7384424 ], [ 92.4381709, 27.738395 ], [ 92.4385518, 27.7382668 ], [ 92.4389917, 27.7380768 ], [ 92.4391526, 27.7380531 ], [ 92.4393082, 27.7380721 ], [ 92.4394369, 27.7381576 ], [ 92.4395335, 27.738281 ], [ 92.4397749, 27.738751 ], [ 92.4398929, 27.7388555 ], [ 92.4400431, 27.7388887 ], [ 92.4402684, 27.738808 ], [ 92.4404454, 27.7385706 ], [ 92.4405152, 27.7385279 ], [ 92.4412125, 27.7384092 ], [ 92.4417329, 27.7382003 ], [ 92.4418026, 27.738167 ], [ 92.4418938, 27.7380483 ], [ 92.4419153, 27.7379107 ], [ 92.4419045, 27.7377635 ], [ 92.4419206, 27.7375356 ], [ 92.4419743, 27.7373979 ], [ 92.4421245, 27.737151 ], [ 92.4421459, 27.7370133 ], [ 92.4424195, 27.7367664 ], [ 92.4427199, 27.7365527 ], [ 92.442897, 27.7363676 ], [ 92.4429989, 27.7362441 ], [ 92.4432456, 27.7358738 ], [ 92.4434709, 27.7356743 ], [ 92.4440074, 27.735342 ], [ 92.444576, 27.7350476 ], [ 92.4451125, 27.7346772 ], [ 92.4452948, 27.7344398 ], [ 92.4455309, 27.73406 ], [ 92.4458206, 27.7337086 ], [ 92.4460459, 27.7334997 ], [ 92.4463034, 27.7333478 ], [ 92.4465608, 27.7331578 ], [ 92.4468398, 27.7330059 ], [ 92.4472368, 27.7327495 ], [ 92.4476874, 27.7325786 ], [ 92.4479663, 27.7324456 ], [ 92.4482775, 27.7323791 ], [ 92.4484384, 27.7323791 ], [ 92.4487388, 27.7324741 ], [ 92.4490499, 27.7324836 ], [ 92.4492109, 27.7324741 ], [ 92.4497044, 27.7323506 ], [ 92.4501872, 27.7323222 ], [ 92.451024, 27.7320373 ], [ 92.4515605, 27.7316479 ], [ 92.4517965, 27.731458 ], [ 92.4520111, 27.7312491 ], [ 92.4521077, 27.7311351 ], [ 92.4523437, 27.7307552 ], [ 92.452569, 27.7305273 ], [ 92.4527085, 27.7304703 ], [ 92.4528801, 27.7304324 ], [ 92.4531913, 27.7304324 ], [ 92.4536633, 27.7305368 ], [ 92.453953, 27.7306603 ], [ 92.4542749, 27.7306793 ], [ 92.4544358, 27.7306508 ], [ 92.4547684, 27.7305273 ], [ 92.4549079, 27.7304513 ], [ 92.4551332, 27.7302424 ], [ 92.455337, 27.730005 ], [ 92.4554229, 27.7298815 ], [ 92.4556267, 27.7293212 ], [ 92.4559271, 27.7288084 ], [ 92.45597, 27.728666 ], [ 92.4559808, 27.7285235 ], [ 92.4560344, 27.7283811 ], [ 92.4561953, 27.7281342 ], [ 92.4564958, 27.7277638 ], [ 92.4567318, 27.727194 ], [ 92.4569785, 27.7268331 ], [ 92.4570429, 27.7267001 ], [ 92.4570966, 27.7265577 ], [ 92.457118, 27.7264057 ], [ 92.457118, 27.7262633 ], [ 92.4570537, 27.7261208 ], [ 92.4569678, 27.7258169 ], [ 92.4567425, 27.7254275 ], [ 92.4566889, 27.7250002 ], [ 92.4565494, 27.7249147 ], [ 92.4564314, 27.7248007 ], [ 92.4563348, 27.7246773 ], [ 92.4562812, 27.7245348 ], [ 92.456249, 27.7244018 ], [ 92.456249, 27.7242499 ], [ 92.4563777, 27.7238225 ], [ 92.4563777, 27.7235471 ], [ 92.455852, 27.7225119 ], [ 92.4558306, 27.7223694 ], [ 92.455852, 27.7222365 ], [ 92.4561095, 27.7218661 ], [ 92.4561632, 27.7217236 ], [ 92.4561739, 27.7213057 ], [ 92.4562919, 27.7204605 ], [ 92.456603, 27.7201186 ], [ 92.4569356, 27.7198336 ], [ 92.457515, 27.7195867 ], [ 92.4578369, 27.7194252 ], [ 92.4582446, 27.7191498 ], [ 92.4583518, 27.7190358 ], [ 92.4584269, 27.7188839 ], [ 92.4585128, 27.7183235 ], [ 92.4585557, 27.7181811 ], [ 92.4587488, 27.7177727 ], [ 92.4588776, 27.7173643 ], [ 92.4592101, 27.7168324 ], [ 92.459768, 27.7163195 ], [ 92.4599075, 27.7162435 ], [ 92.4602294, 27.7161675 ], [ 92.4603796, 27.716158 ], [ 92.4605405, 27.716177 ], [ 92.4606907, 27.7162055 ], [ 92.4608409, 27.716272 ], [ 92.4609589, 27.7163765 ], [ 92.4611092, 27.716443 ], [ 92.4622893, 27.7164525 ], [ 92.4626005, 27.7164145 ], [ 92.4630725, 27.716291 ], [ 92.4638879, 27.716177 ], [ 92.4643063, 27.7159966 ], [ 92.4644673, 27.7159491 ], [ 92.4650252, 27.7156642 ], [ 92.4654651, 27.7154837 ], [ 92.4657333, 27.7153412 ], [ 92.465862, 27.7152462 ], [ 92.4664414, 27.7150468 ], [ 92.4668169, 27.7145529 ], [ 92.4671709, 27.714249 ], [ 92.4672997, 27.714173 ], [ 92.467643, 27.7138595 ], [ 92.4678147, 27.7136126 ], [ 92.4679434, 27.7131899 ], [ 92.4681526, 27.712791 ], [ 92.4686032, 27.7121974 ], [ 92.4686783, 27.7119884 ], [ 92.4688393, 27.7117415 ], [ 92.4691129, 27.7114708 ], [ 92.4691451, 27.7113283 ], [ 92.4690914, 27.7108439 ], [ 92.4690378, 27.7106302 ], [ 92.4690324, 27.7104782 ], [ 92.4690968, 27.7102692 ], [ 92.4691021, 27.7101267 ], [ 92.4690056, 27.709932 ], [ 92.4687588, 27.7098228 ], [ 92.4686408, 27.7097183 ], [ 92.4686086, 27.7095806 ], [ 92.4686193, 27.7092719 ], [ 92.4686998, 27.7090534 ], [ 92.4687266, 27.7088445 ], [ 92.4687052, 27.7087732 ], [ 92.4685013, 27.7084598 ], [ 92.4684745, 27.7078851 ], [ 92.468394, 27.7076856 ], [ 92.468276, 27.7074814 ], [ 92.4679434, 27.7069162 ], [ 92.4677181, 27.7065838 ], [ 92.4676806, 27.7064413 ], [ 92.4676913, 27.7060614 ], [ 92.4675572, 27.7056862 ], [ 92.4675894, 27.7054629 ], [ 92.4678308, 27.705102 ], [ 92.4678415, 27.7049548 ], [ 92.4678147, 27.704817 ], [ 92.4678254, 27.7045986 ], [ 92.4680132, 27.7041949 ], [ 92.4681151, 27.7040239 ] ] } },
{ "type": "Feature", "properties": { "osm_id": 1392277759, "tags": { "intermittent": "yes", "waterway": "stream" }, "inside_district": true }, "geometry": { "type": "LineString", "coordinates": [ [ 92.442442, 27.7438413 ], [ 92.4425241, 27.7437671 ], [ 92.4425885, 27.7436745 ], [ 92.4426287, 27.7435701 ], [ 92.4426395, 27.7433897 ], [ 92.44261, 27.7430716 ], [ 92.4426126, 27.7428081 ], [ 92.4426475, 27.7427416 ], [ 92.4427682, 27.7426443 ], [ 92.4428353, 27.7425564 ], [ 92.4428326, 27.7425185 ], [ 92.4427602, 27.7423903 ], [ 92.4426797, 27.7421054 ], [ 92.4426073, 27.7420128 ], [ 92.4423632, 27.7417944 ], [ 92.4423176, 27.7417303 ], [ 92.4422881, 27.7416259 ], [ 92.4422854, 27.7415167 ], [ 92.4423176, 27.7411986 ], [ 92.4423578, 27.7409802 ], [ 92.4423739, 27.7407713 ], [ 92.4424571, 27.7404911 ], [ 92.4424651, 27.7402181 ], [ 92.4425644, 27.7400947 ], [ 92.4425885, 27.7399902 ], [ 92.4425375, 27.7398905 ], [ 92.4425215, 27.7398217 ], [ 92.4425644, 27.7397196 ], [ 92.4425697, 27.7396508 ], [ 92.4425402, 27.7396247 ], [ 92.4424329, 27.7395677 ], [ 92.4423793, 27.7395155 ], [ 92.4423659, 27.7394798 ], [ 92.4423659, 27.7392258 ], [ 92.4423873, 27.7391546 ], [ 92.4424168, 27.7391333 ], [ 92.4425295, 27.7390905 ], [ 92.4426529, 27.7390597 ], [ 92.4426743, 27.7389908 ], [ 92.4426824, 27.738884 ], [ 92.4427092, 27.7388555 ], [ 92.4428245, 27.7388199 ], [ 92.4431223, 27.7386181 ], [ 92.4432349, 27.7384258 ], [ 92.4432832, 27.7382169 ], [ 92.4433637, 27.7381386 ], [ 92.4435273, 27.7380294 ], [ 92.4435702, 27.73797 ], [ 92.443597, 27.7379012 ], [ 92.4436158, 27.7378299 ], [ 92.4437043, 27.7367616 ], [ 92.4436802, 27.7366501 ], [ 92.4435943, 27.7364625 ], [ 92.4435219, 27.7362394 ], [ 92.4434978, 27.736123 ], [ 92.4434709, 27.7356743 ] ] } },
{ "type": "Feature", "properties": { "osm_id": 1431071350, "tags": { "waterway": "stream" }, "inside_district": true }, "geometry": { "type": "LineString", "coordinates": [ [ 92.2307178, 27.5561327 ], [ 92.2294035, 27.5559662 ], [ 92.2285452, 27.5558711 ], [ 92.227821, 27.5554669 ], [ 92.2259166, 27.5551102 ], [ 92.2244682, 27.5543492 ], [ 92.2232076, 27.5532553 ], [ 92.2220274, 27.5520663 ], [ 92.2208741, 27.5509487 ], [ 92.2199085, 27.5498785 ], [ 92.2189697, 27.5484517 ], [ 92.2182187, 27.547334 ], [ 92.21787, 27.5463827 ], [ 92.2172263, 27.5451936 ], [ 92.2165289, 27.542863 ], [ 92.2162607, 27.5420306 ], [ 92.2156974, 27.541008 ], [ 92.2158315, 27.5403896 ], [ 92.215751, 27.5393908 ], [ 92.2152682, 27.5382254 ], [ 92.2144338, 27.5365887 ], [ 92.2141656, 27.535352 ], [ 92.2138973, 27.5347336 ], [ 92.2136828, 27.5341866 ], [ 92.2138169, 27.5335206 ], [ 92.2142192, 27.5324979 ], [ 92.213951, 27.5319508 ], [ 92.2138973, 27.5309043 ], [ 92.2141387, 27.5301432 ], [ 92.2143533, 27.5292869 ], [ 92.2141924, 27.5287399 ], [ 92.2137364, 27.5281452 ], [ 92.2132536, 27.5272652 ], [ 92.2132, 27.5266943 ], [ 92.2130659, 27.5262186 ], [ 92.2123685, 27.5258856 ], [ 92.2119661, 27.5252909 ], [ 92.2110274, 27.5244109 ], [ 92.2106063, 27.5237966 ], [ 92.2106868, 27.5232258 ], [ 92.2105795, 27.5227976 ], [ 92.2103381, 27.5224408 ], [ 92.2100698, 27.5219651 ], [ 92.2101771, 27.521418 ], [ 92.2103649, 27.5208471 ], [ 92.2100967, 27.5202286 ], [ 92.2098821, 27.5194912 ], [ 92.2100967, 27.5188727 ], [ 92.2107136, 27.5182543 ], [ 92.2106599, 27.5174455 ], [ 92.2104722, 27.5169697 ], [ 92.210204, 27.5161134 ], [ 92.2103112, 27.5155425 ], [ 92.2108477, 27.5149715 ], [ 92.210794, 27.5140914 ], [ 92.2099894, 27.5134253 ], [ 92.2083801, 27.5129495 ], [ 92.207334, 27.5121883 ], [ 92.2064757, 27.5107847 ], [ 92.2053337, 27.5095656 ] ] } }
]
}
