{
"type": "FeatureCollection",
"name": "rivers_papum_pare",
"crs": { "type": "name", "properties": { "name": "urn:ogc:def:crs:OGC:1.3:CRS84" } },
"features": [
{ "type": "Feature", "properties": { "osm_id": 69883700, "tags": { "alt_name": "杭得拉河", "alt_name:zh": "杭得拉河", "alt_name:zh-Hans": "杭得拉河", "alt_name:zh-Hant": "杭得拉河", "name": "Panyor River", "name:en": "Panyor River", "name:zh": "哈姆得里河", "name:zh-Hans": "哈姆得里河", "name:zh-Hant": "哈姆得里河", "waterway": "river" }, "inside_district": true }, "geometry": { "type": "LineString", "coordinates": [ [ 93.3623314, 27.5053215 ], [ 93.3619237, 27.5069392 ], [ 93.3623743, 27.5078718 ], [ 93.3649492, 27.5090327 ], [ 93.3696914, 27.51105 ], [ 93.3699274, 27.5122871 ], [ 93.3705282, 27.514076 ], [ 93.3714509, 27.5162074 ], [ 93.3759784, 27.5196518 ], [ 93.3770942, 27.5208507 ], [ 93.3790684, 27.5220115 ], [ 93.3818793, 27.5238193 ], [ 93.3825767, 27.5243711 ], [ 93.3832097, 27.5245138 ], [ 93.3838963, 27.5243045 ], [ 93.3840036, 27.5239715 ], [ 93.384186, 27.5234577 ], [ 93.3840573, 27.5229154 ], [ 93.3836818, 27.5225633 ], [ 93.3832097, 27.5217927 ], [ 93.3838212, 27.5201942 ], [ 93.3841002, 27.5196423 ], [ 93.3843684, 27.5188906 ], [ 93.3846903, 27.5184434 ], [ 93.385334, 27.5181294 ], [ 93.3859241, 27.5179296 ], [ 93.3870721, 27.5176727 ], [ 93.3894861, 27.5177774 ], [ 93.3901727, 27.5180248 ], [ 93.3908164, 27.518472 ], [ 93.3913529, 27.5190143 ], [ 93.3924901, 27.5197184 ], [ 93.3944106, 27.5205843 ], [ 93.3946252, 27.5211361 ], [ 93.3951402, 27.521707 ], [ 93.3957517, 27.5220305 ], [ 93.3967495, 27.5224206 ], [ 93.3973396, 27.5222494 ], [ 93.3976936, 27.5217831 ], [ 93.3978653, 27.5210886 ], [ 93.3990347, 27.520413 ], [ 93.3997428, 27.5203464 ], [ 93.4007299, 27.5202893 ], [ 93.401792, 27.5203274 ], [ 93.4024465, 27.5209554 ], [ 93.4028435, 27.5217641 ], [ 93.4032404, 27.5225633 ], [ 93.403734, 27.5227727 ], [ 93.4041524, 27.522687 ], [ 93.4048927, 27.5227441 ], [ 93.4061801, 27.5229725 ], [ 93.4065771, 27.522649 ], [ 93.4066093, 27.522021 ], [ 93.4069633, 27.5208602 ], [ 93.4073281, 27.519433 ], [ 93.4086048, 27.5192522 ], [ 93.4089911, 27.5192522 ], [ 93.4094524, 27.5192046 ], [ 93.4096134, 27.5192617 ], [ 93.4106111, 27.5196518 ], [ 93.4109115, 27.5200515 ], [ 93.4111047, 27.5208507 ], [ 93.4111583, 27.521355 ], [ 93.410182, 27.5214596 ], [ 93.4098172, 27.5216024 ], [ 93.4098601, 27.5220971 ], [ 93.4100103, 27.5230676 ], [ 93.409903, 27.5240096 ], [ 93.4103429, 27.5244092 ], [ 93.4104717, 27.5250276 ], [ 93.4101713, 27.5257697 ], [ 93.4100425, 27.5265309 ], [ 93.4104288, 27.5268639 ], [ 93.4114694, 27.5267212 ], [ 93.4126603, 27.526588 ], [ 93.4132182, 27.5267783 ], [ 93.4141087, 27.527311 ], [ 93.4147847, 27.5278248 ], [ 93.4155035, 27.5280056 ], [ 93.4155357, 27.5275299 ], [ 93.4160077, 27.5270446 ], [ 93.4164262, 27.5267973 ], [ 93.4171665, 27.5266831 ], [ 93.418411, 27.5268924 ], [ 93.4188616, 27.5274062 ], [ 93.4187436, 27.5280532 ], [ 93.4188616, 27.5285479 ], [ 93.4193122, 27.5290521 ], [ 93.4200096, 27.5297276 ], [ 93.4207499, 27.529975 ], [ 93.4211361, 27.5292329 ], [ 93.4216189, 27.5286621 ], [ 93.4223378, 27.5277487 ], [ 93.4236789, 27.5285384 ], [ 93.4239578, 27.5286811 ], [ 93.4246015, 27.5288143 ], [ 93.4251273, 27.5284908 ], [ 93.4254277, 27.5278724 ], [ 93.4258139, 27.5275013 ], [ 93.4263503, 27.5275394 ], [ 93.4270155, 27.5276345 ], [ 93.4277666, 27.5279295 ], [ 93.4281742, 27.5285289 ], [ 93.4279704, 27.5290902 ], [ 93.4276593, 27.5296135 ], [ 93.4276485, 27.5301177 ], [ 93.4278738, 27.5303936 ], [ 93.4305346, 27.531326 ], [ 93.4316933, 27.5316019 ], [ 93.4325838, 27.5316304 ], [ 93.4334314, 27.5314687 ], [ 93.4346223, 27.5313831 ], [ 93.4357273, 27.5314782 ], [ 93.4368431, 27.5312213 ], [ 93.4380555, 27.5304222 ], [ 93.4386134, 27.5299179 ], [ 93.4393322, 27.5296801 ], [ 93.4400833, 27.5301938 ], [ 93.440845, 27.5305554 ], [ 93.4412849, 27.5301367 ], [ 93.4416282, 27.5294042 ], [ 93.4416604, 27.5287953 ], [ 93.4415531, 27.5279675 ], [ 93.4420037, 27.5274252 ], [ 93.4428191, 27.5273681 ], [ 93.4435809, 27.527606 ], [ 93.4444821, 27.5284147 ], [ 93.4448147, 27.5288999 ], [ 93.4452867, 27.5294042 ], [ 93.4461772, 27.5299655 ], [ 93.4465635, 27.5305744 ], [ 93.4472287, 27.531345 ], [ 93.447926, 27.5312879 ], [ 93.4483874, 27.5308217 ], [ 93.4487736, 27.5302129 ], [ 93.4494603, 27.5280817 ], [ 93.4497499, 27.5276536 ], [ 93.4500933, 27.5274728 ], [ 93.4506082, 27.5274157 ], [ 93.4517991, 27.5275774 ], [ 93.4524751, 27.5277868 ], [ 93.4534514, 27.5279485 ], [ 93.4538269, 27.5275489 ], [ 93.4539235, 27.5271398 ], [ 93.4541595, 27.5264548 ], [ 93.4548783, 27.5262074 ], [ 93.4556401, 27.5262645 ], [ 93.4565198, 27.5268068 ], [ 93.4570992, 27.52694 ], [ 93.4575927, 27.5268163 ], [ 93.4578717, 27.5263691 ], [ 93.4581399, 27.5259315 ], [ 93.4587085, 27.5254272 ], [ 93.4592128, 27.5251418 ], [ 93.4597707, 27.5251894 ], [ 93.4604573, 27.5254462 ], [ 93.4609616, 27.5259886 ], [ 93.4613907, 27.5265975 ], [ 93.461734, 27.5272064 ], [ 93.4621203, 27.52792 ], [ 93.4624958, 27.5283957 ], [ 93.4631717, 27.5284147 ], [ 93.4635794, 27.5281102 ], [ 93.4639549, 27.5277106 ], [ 93.4643304, 27.5271017 ], [ 93.4648991, 27.5270066 ], [ 93.4653711, 27.5271017 ], [ 93.4659934, 27.5274442 ], [ 93.4671628, 27.5283196 ], [ 93.4676134, 27.5285003 ], [ 93.468461, 27.5286145 ], [ 93.4691262, 27.5283196 ], [ 93.4696841, 27.5277106 ], [ 93.4700918, 27.5275108 ], [ 93.4708428, 27.5274062 ], [ 93.4712398, 27.5277868 ], [ 93.4711969, 27.528291 ], [ 93.4707892, 27.5287857 ], [ 93.4708321, 27.5292329 ], [ 93.4714115, 27.5294232 ], [ 93.471787, 27.5290521 ], [ 93.4721625, 27.5286906 ], [ 93.4728384, 27.5282625 ], [ 93.4733748, 27.527958 ], [ 93.4735787, 27.5274728 ], [ 93.473525, 27.526959 ], [ 93.4734929, 27.5263786 ], [ 93.4737396, 27.5254938 ], [ 93.4747481, 27.5243616 ], [ 93.4755742, 27.5238098 ], [ 93.4761536, 27.5237527 ], [ 93.4768832, 27.5238573 ], [ 93.4774732, 27.5238954 ], [ 93.4780311, 27.5241142 ], [ 93.4783208, 27.5248278 ], [ 93.4782994, 27.5253892 ], [ 93.4784925, 27.5257792 ], [ 93.4788036, 27.525979 ], [ 93.4793723, 27.5259124 ], [ 93.4796727, 27.525627 ], [ 93.4798765, 27.525256 ], [ 93.4802091, 27.5250181 ], [ 93.4805846, 27.5247517 ], [ 93.4809601, 27.5245709 ], [ 93.4810996, 27.5243045 ], [ 93.4807992, 27.5239525 ], [ 93.4806061, 27.5235053 ], [ 93.4806597, 27.5230486 ], [ 93.4808528, 27.5227917 ], [ 93.4813464, 27.5225158 ], [ 93.4819686, 27.5224967 ], [ 93.4825051, 27.5228488 ], [ 93.4826231, 27.5232579 ], [ 93.4829879, 27.523667 ], [ 93.4834599, 27.5240571 ], [ 93.4838354, 27.5244853 ], [ 93.4841573, 27.524923 ], [ 93.4846723, 27.5252179 ], [ 93.4851658, 27.5252084 ], [ 93.4854019, 27.5250371 ], [ 93.4856915, 27.5246946 ], [ 93.4860241, 27.5244472 ], [ 93.4863567, 27.524295 ], [ 93.4866571, 27.5242665 ], [ 93.4872472, 27.5243235 ], [ 93.4877086, 27.5245519 ], [ 93.4881163, 27.5245519 ], [ 93.4882665, 27.5241713 ], [ 93.4888887, 27.5241428 ], [ 93.4896183, 27.5242189 ], [ 93.4898221, 27.5245519 ], [ 93.4900582, 27.5250847 ], [ 93.4904337, 27.5253416 ], [ 93.4914529, 27.5251894 ], [ 93.4918821, 27.5249896 ], [ 93.4924078, 27.524647 ], [ 93.4929228, 27.524295 ], [ 93.4938455, 27.5242284 ], [ 93.4952295, 27.5236861 ], [ 93.4959268, 27.5230486 ], [ 93.4964311, 27.5224111 ], [ 93.496989, 27.5211837 ], [ 93.4973538, 27.5201276 ], [ 93.4981584, 27.5192522 ], [ 93.499124, 27.5183388 ], [ 93.4997249, 27.5177108 ], [ 93.5000682, 27.5168164 ], [ 93.5004866, 27.5168259 ], [ 93.5010981, 27.5169305 ], [ 93.5016024, 27.5168639 ], [ 93.5016024, 27.5165594 ], [ 93.501302, 27.5162264 ], [ 93.5009909, 27.515998 ], [ 93.5006261, 27.5156745 ], [ 93.5002506, 27.5150085 ], [ 93.5012269, 27.5145517 ], [ 93.5019672, 27.5144471 ], [ 93.5024714, 27.5144946 ], [ 93.5035872, 27.5146564 ], [ 93.5042953, 27.5151226 ], [ 93.5047459, 27.5154271 ], [ 93.5050464, 27.5155889 ], [ 93.5057223, 27.5155508 ], [ 93.5062694, 27.5153129 ], [ 93.5070097, 27.5151322 ], [ 93.5074389, 27.5152178 ], [ 93.5078037, 27.5156079 ], [ 93.5089517, 27.5155794 ], [ 93.5106039, 27.5154081 ], [ 93.5113978, 27.5152939 ], [ 93.5123849, 27.5153129 ], [ 93.5130393, 27.51537 ], [ 93.5135758, 27.5157506 ], [ 93.5137904, 27.5161693 ], [ 93.5140157, 27.5167783 ], [ 93.5142732, 27.5172255 ], [ 93.5147989, 27.5176251 ], [ 93.515228, 27.5178725 ], [ 93.5158396, 27.5180343 ], [ 93.516655, 27.517863 ], [ 93.5174703, 27.5174253 ], [ 93.5184252, 27.5167783 ], [ 93.5195839, 27.5163025 ], [ 93.5206997, 27.51596 ], [ 93.52144, 27.5155603 ], [ 93.5224271, 27.5144756 ], [ 93.5233498, 27.5139523 ], [ 93.5244226, 27.5135526 ], [ 93.5248303, 27.5135431 ], [ 93.5259354, 27.5137049 ], [ 93.5265899, 27.513781 ], [ 93.5268581, 27.5133338 ], [ 93.5269976, 27.5128485 ], [ 93.5265577, 27.5121253 ], [ 93.5263002, 27.5111547 ], [ 93.5265255, 27.5106599 ], [ 93.5269546, 27.5100414 ], [ 93.5273731, 27.5095085 ], [ 93.527534, 27.5089185 ], [ 93.5275984, 27.5081477 ], [ 93.5280597, 27.5075292 ], [ 93.5287785, 27.5075006 ], [ 93.5294652, 27.5075197 ], [ 93.5301089, 27.5076053 ], [ 93.5307956, 27.507729 ], [ 93.5312676, 27.5076148 ], [ 93.5313749, 27.5072723 ], [ 93.5314286, 27.5069202 ], [ 93.531611, 27.5061969 ], [ 93.531965, 27.5056069 ], [ 93.5318148, 27.5048076 ], [ 93.531332, 27.5034182 ], [ 93.5305703, 27.5020288 ], [ 93.5300982, 27.5008488 ], [ 93.5300016, 27.4994974 ], [ 93.5298085, 27.4986409 ], [ 93.5300445, 27.4978796 ], [ 93.5303235, 27.4972705 ], [ 93.530066, 27.4966043 ], [ 93.529787, 27.4956527 ], [ 93.5294223, 27.494739 ], [ 93.5291648, 27.4940728 ], [ 93.5293579, 27.4933115 ], [ 93.5295725, 27.4932734 ], [ 93.5305595, 27.4932544 ], [ 93.5313535, 27.4932353 ], [ 93.532834, 27.493616 ], [ 93.5346365, 27.4938444 ], [ 93.5367179, 27.4923788 ], [ 93.5383057, 27.4918077 ], [ 93.5400224, 27.491408 ], [ 93.5416746, 27.4910844 ], [ 93.5439706, 27.4907608 ], [ 93.545022, 27.4907418 ], [ 93.5457945, 27.4905324 ], [ 93.5460734, 27.4898662 ], [ 93.5461378, 27.4892 ], [ 93.5462665, 27.4889715 ], [ 93.5467171, 27.488705 ], [ 93.547554, 27.4887241 ], [ 93.5476613, 27.4893522 ], [ 93.548584, 27.4895426 ], [ 93.5489487, 27.489219 ], [ 93.5491848, 27.4887431 ], [ 93.5492062, 27.4881911 ], [ 93.5494423, 27.487582 ], [ 93.5508799, 27.4875058 ], [ 93.5517382, 27.4868396 ], [ 93.552103, 27.4862114 ], [ 93.5523176, 27.4860211 ], [ 93.5528111, 27.4856975 ], [ 93.5537553, 27.4855642 ], [ 93.5544204, 27.4856403 ], [ 93.5549569, 27.4860401 ], [ 93.5553431, 27.4867254 ], [ 93.5556865, 27.4873535 ], [ 93.5563302, 27.4879246 ], [ 93.5567808, 27.4880007 ], [ 93.5572099, 27.4874487 ], [ 93.5572099, 27.4871061 ], [ 93.5571456, 27.4863256 ], [ 93.5577035, 27.485964 ], [ 93.5588407, 27.4854119 ], [ 93.559699, 27.4850883 ], [ 93.5606432, 27.4844601 ], [ 93.5614157, 27.4838319 ], [ 93.5618663, 27.483337 ], [ 93.5622954, 27.4823852 ], [ 93.5626602, 27.4820235 ], [ 93.5635829, 27.4815286 ], [ 93.5670376, 27.4804245 ], [ 93.5679746, 27.4801567 ], [ 93.5683303, 27.4796671 ], [ 93.5690048, 27.4787641 ], [ 93.5693604, 27.4780351 ], [ 93.5697283, 27.4764792 ], [ 93.5697896, 27.476044 ], [ 93.5698632, 27.4753585 ], [ 93.5700227, 27.4746948 ], [ 93.5702189, 27.4742269 ], [ 93.5707585, 27.4734653 ], [ 93.5715679, 27.4731062 ], [ 93.5726471, 27.4729212 ], [ 93.5737263, 27.4728016 ], [ 93.5751489, 27.472029 ], [ 93.5758602, 27.4715067 ], [ 93.5764611, 27.4709518 ], [ 93.5767554, 27.4704948 ], [ 93.5771111, 27.4699834 ], [ 93.577712, 27.4695046 ], [ 93.578129, 27.4691456 ], [ 93.5791714, 27.4690476 ], [ 93.5802629, 27.4686668 ], [ 93.5820166, 27.4678072 ], [ 93.583476, 27.4669584 ], [ 93.5850089, 27.4657397 ], [ 93.5852297, 27.4655765 ], [ 93.5855608, 27.4652392 ], [ 93.5858797, 27.4646298 ], [ 93.5862966, 27.4644992 ], [ 93.5867259, 27.4644775 ], [ 93.5873268, 27.4644122 ], [ 93.5880626, 27.4642598 ], [ 93.5894852, 27.463879 ], [ 93.5912634, 27.4647713 ], [ 93.5913983, 27.4647495 ], [ 93.5916436, 27.464793 ], [ 93.592453, 27.4650107 ], [ 93.5929191, 27.4650651 ], [ 93.5933483, 27.4649127 ], [ 93.5937775, 27.4647495 ], [ 93.59417, 27.4649671 ], [ 93.594452, 27.4660118 ], [ 93.5945992, 27.4662729 ], [ 93.5949794, 27.4664144 ], [ 93.5956784, 27.4661315 ], [ 93.5964878, 27.46562 ], [ 93.5969661, 27.4651848 ], [ 93.5973708, 27.4649345 ], [ 93.5977632, 27.4646842 ], [ 93.5984132, 27.4640857 ], [ 93.598916, 27.4639116 ], [ 93.599382, 27.4638899 ], [ 93.5998358, 27.4641184 ], [ 93.6000075, 27.4644448 ], [ 93.5999339, 27.4649018 ], [ 93.5999952, 27.4653153 ], [ 93.6000443, 27.465805 ], [ 93.6001056, 27.4661315 ], [ 93.6003754, 27.4664144 ], [ 93.6008414, 27.4663926 ], [ 93.6013074, 27.4663926 ], [ 93.6015527, 27.4664253 ], [ 93.6017612, 27.4666102 ], [ 93.6025829, 27.4669911 ], [ 93.6036621, 27.4670781 ], [ 93.6044838, 27.467089 ], [ 93.6052686, 27.4670564 ], [ 93.6058573, 27.4670455 ], [ 93.6065809, 27.4669911 ], [ 93.6070714, 27.4669802 ], [ 93.6081506, 27.4669476 ], [ 93.6090459, 27.4671108 ], [ 93.6099043, 27.467274 ], [ 93.6102968, 27.4673502 ], [ 93.61091, 27.4673502 ], [ 93.6112165, 27.4671978 ], [ 93.6118052, 27.4668061 ], [ 93.6128231, 27.4663056 ], [ 93.613841, 27.4661532 ], [ 93.6146627, 27.4660988 ], [ 93.6157664, 27.466447 ], [ 93.6179822, 27.4670007 ], [ 93.6191472, 27.4668702 ], [ 93.6198585, 27.466609 ], [ 93.6216368, 27.4659017 ], [ 93.6233537, 27.4652597 ], [ 93.6236242, 27.4650929 ], [ 93.6246414, 27.4644654 ], [ 93.6258064, 27.4644218 ], [ 93.6261498, 27.4644218 ], [ 93.6268366, 27.464411 ], [ 93.627646, 27.4641607 ], [ 93.6299516, 27.4630399 ], [ 93.6317053, 27.4618429 ], [ 93.6322449, 27.4615817 ], [ 93.6328826, 27.4612661 ], [ 93.6338882, 27.4607873 ], [ 93.6342561, 27.4606023 ], [ 93.6348693, 27.4605153 ], [ 93.6351269, 27.4606785 ], [ 93.6352495, 27.4609288 ], [ 93.6353721, 27.4614402 ], [ 93.636108, 27.4619408 ], [ 93.6364759, 27.4621911 ], [ 93.63704, 27.4624522 ], [ 93.6377758, 27.463029 ], [ 93.637923, 27.4633119 ], [ 93.6379966, 27.4640736 ], [ 93.6376164, 27.4654991 ], [ 93.6376532, 27.4658255 ], [ 93.6376532, 27.4662282 ], [ 93.6377513, 27.4665328 ], [ 93.637923, 27.466881 ], [ 93.6384013, 27.467621 ], [ 93.639223, 27.4681433 ], [ 93.6395663, 27.4683391 ], [ 93.639971, 27.4687961 ], [ 93.6401795, 27.4694055 ], [ 93.6402776, 27.4698516 ], [ 93.6405229, 27.4713423 ], [ 93.6407927, 27.4720604 ], [ 93.6411238, 27.4727568 ], [ 93.6418719, 27.4732682 ], [ 93.6426568, 27.4740734 ], [ 93.6437605, 27.4749547 ], [ 93.6449869, 27.4755096 ], [ 93.6455142, 27.4756837 ], [ 93.6462378, 27.4757055 ], [ 93.6469, 27.4756184 ], [ 93.647501, 27.4755314 ], [ 93.6480283, 27.4754878 ], [ 93.6485189, 27.475477 ], [ 93.6490953, 27.4754987 ], [ 93.6495981, 27.4755858 ], [ 93.6500641, 27.4757381 ], [ 93.6514499, 27.4761842 ], [ 93.6521612, 27.4769458 ], [ 93.6524678, 27.4775007 ], [ 93.6527621, 27.4779903 ], [ 93.6530197, 27.4783276 ], [ 93.6534366, 27.4784473 ], [ 93.6539517, 27.478382 ], [ 93.6543809, 27.4782406 ], [ 93.6547572, 27.4781139 ], [ 93.6558035, 27.4777618 ], [ 93.6560856, 27.4777183 ], [ 93.6565148, 27.4777727 ], [ 93.6571771, 27.4778271 ], [ 93.657594, 27.4778815 ], [ 93.6579619, 27.4779033 ], [ 93.6583299, 27.4777945 ], [ 93.6589308, 27.4774354 ], [ 93.6597892, 27.4767826 ], [ 93.6609911, 27.4758795 ], [ 93.6616533, 27.4753573 ], [ 93.6618128, 27.4751179 ], [ 93.6618618, 27.4748568 ], [ 93.6617637, 27.4744433 ], [ 93.6609788, 27.4734749 ], [ 93.6606477, 27.4730179 ], [ 93.6600958, 27.4722237 ], [ 93.6598751, 27.4717123 ], [ 93.6596543, 27.4709397 ], [ 93.6598751, 27.4706024 ], [ 93.6602921, 27.4703086 ], [ 93.6607581, 27.4700692 ], [ 93.6614694, 27.4696884 ], [ 93.6624485, 27.4691168 ], [ 93.6623769, 27.4679365 ], [ 93.6623769, 27.4663043 ], [ 93.6623278, 27.4659126 ], [ 93.6623891, 27.4656841 ], [ 93.6626835, 27.4652924 ], [ 93.6633948, 27.4651291 ], [ 93.6638853, 27.4652488 ], [ 93.6647193, 27.4655644 ], [ 93.6650626, 27.4656188 ], [ 93.6653079, 27.4655209 ], [ 93.6654796, 27.46514 ], [ 93.6651853, 27.4641389 ], [ 93.6649891, 27.463486 ], [ 93.6648787, 27.462844 ], [ 93.6652834, 27.4625393 ], [ 93.6656636, 27.4622781 ], [ 93.6662032, 27.462017 ], [ 93.6675031, 27.4617558 ], [ 93.6685088, 27.4617123 ], [ 93.6688031, 27.4617232 ], [ 93.6691342, 27.4615817 ], [ 93.6693672, 27.4614076 ], [ 93.6695512, 27.4612226 ], [ 93.6697351, 27.4609397 ], [ 93.6701889, 27.4604609 ], [ 93.670704, 27.4602106 ], [ 93.670986, 27.4601562 ], [ 93.671869, 27.4602759 ], [ 93.6721756, 27.4603956 ], [ 93.6724331, 27.4604609 ], [ 93.6727643, 27.46045 ], [ 93.6731812, 27.4603085 ], [ 93.6734142, 27.459895 ], [ 93.6737576, 27.4596012 ], [ 93.6748001, 27.4587524 ], [ 93.6756585, 27.4582736 ], [ 93.6762349, 27.4580668 ], [ 93.6770688, 27.4581647 ], [ 93.6776575, 27.4582736 ], [ 93.6781113, 27.4583497 ], [ 93.6785405, 27.4583606 ], [ 93.6791905, 27.4582736 ], [ 93.6797791, 27.4577512 ], [ 93.6799263, 27.4571853 ], [ 93.6800244, 27.4564453 ], [ 93.6800489, 27.4559012 ], [ 93.6801102, 27.4555095 ], [ 93.6802942, 27.4550524 ], [ 93.6806008, 27.4546715 ], [ 93.6810913, 27.4544756 ], [ 93.681631, 27.4542362 ], [ 93.6821215, 27.4540947 ], [ 93.6827102, 27.4539097 ], [ 93.6835809, 27.4528759 ], [ 93.684378, 27.4523535 ], [ 93.6850893, 27.4518529 ], [ 93.6855431, 27.4515917 ], [ 93.6858497, 27.4512979 ], [ 93.686144, 27.4507102 ], [ 93.6861563, 27.4502531 ], [ 93.6857516, 27.4492083 ], [ 93.6858006, 27.4489471 ], [ 93.6861685, 27.4486315 ], [ 93.6864506, 27.4483159 ], [ 93.6865119, 27.4479785 ], [ 93.6863893, 27.4472276 ], [ 93.6865242, 27.4464984 ], [ 93.6870515, 27.4450836 ], [ 93.6871251, 27.4441911 ], [ 93.6872477, 27.4439952 ], [ 93.6875175, 27.443919 ], [ 93.6877996, 27.4439408 ], [ 93.689026, 27.4452142 ], [ 93.6899826, 27.4463569 ], [ 93.6905835, 27.4471079 ], [ 93.690792, 27.4473582 ], [ 93.6910372, 27.4475214 ], [ 93.6913316, 27.4475214 ], [ 93.6919815, 27.4470426 ], [ 93.6922146, 27.4466725 ], [ 93.6923617, 27.4463134 ], [ 93.6925334, 27.445976 ], [ 93.6930608, 27.4448985 ], [ 93.6933183, 27.4436578 ], [ 93.693306, 27.4429395 ], [ 93.6931957, 27.4422756 ], [ 93.6933428, 27.4413614 ], [ 93.6933919, 27.4410566 ], [ 93.693539, 27.4407083 ], [ 93.6937843, 27.4404471 ], [ 93.6946673, 27.4401641 ], [ 93.6952928, 27.4404362 ], [ 93.6958569, 27.4407845 ], [ 93.6961635, 27.4411654 ], [ 93.6962371, 27.4422865 ], [ 93.6960899, 27.442896 ], [ 93.6962248, 27.4432225 ], [ 93.6966908, 27.4436034 ], [ 93.6973408, 27.4436687 ], [ 93.6980521, 27.4435925 ], [ 93.6988983, 27.4434184 ], [ 93.6995605, 27.4434184 ], [ 93.7002473, 27.4436252 ], [ 93.7013388, 27.4437884 ], [ 93.7023444, 27.4437775 ], [ 93.7033991, 27.4437449 ], [ 93.7040491, 27.4436687 ], [ 93.7044783, 27.443451 ], [ 93.7049321, 27.443081 ], [ 93.7052141, 27.4426021 ], [ 93.7052141, 27.4422103 ], [ 93.705067, 27.4410348 ], [ 93.7051528, 27.4402947 ], [ 93.7053, 27.4397505 ], [ 93.7053245, 27.4392607 ], [ 93.7053, 27.4386621 ], [ 93.7053368, 27.4381397 ], [ 93.7054349, 27.4378132 ], [ 93.7059254, 27.4368336 ], [ 93.7066122, 27.436605 ], [ 93.7072254, 27.4364417 ], [ 93.7079244, 27.4364417 ], [ 93.7083168, 27.4365397 ], [ 93.7089668, 27.4367138 ], [ 93.7097272, 27.4367683 ], [ 93.7109045, 27.4369206 ], [ 93.7127563, 27.4371383 ], [ 93.7136761, 27.4372798 ], [ 93.7147676, 27.4376499 ], [ 93.7161288, 27.4376281 ], [ 93.7166194, 27.4371928 ], [ 93.7166684, 27.4367683 ], [ 93.7166684, 27.4363764 ], [ 93.7166684, 27.4360826 ], [ 93.7168279, 27.4357778 ], [ 93.7170977, 27.4356145 ], [ 93.7174411, 27.4354404 ], [ 93.717809, 27.4352445 ], [ 93.718275, 27.4350485 ], [ 93.7187533, 27.43482 ], [ 93.7192193, 27.434624 ], [ 93.7196731, 27.4344172 ], [ 93.7201513, 27.434254 ], [ 93.7206542, 27.4341125 ], [ 93.7209975, 27.4337424 ], [ 93.7211156, 27.4331235 ], [ 93.7214125, 27.4323752 ], [ 93.7224576, 27.4309944 ], [ 93.7227664, 27.4308257 ], [ 93.7231345, 27.4306255 ], [ 93.7244289, 27.430246 ], [ 93.7249633, 27.4300563 ], [ 93.7254384, 27.4299298 ], [ 93.7259253, 27.4295082 ], [ 93.7262459, 27.4291814 ], [ 93.7266141, 27.4288019 ], [ 93.7269585, 27.4284119 ], [ 93.7274335, 27.4280535 ], [ 93.7276947, 27.4275687 ], [ 93.7277185, 27.4271787 ], [ 93.7277423, 27.4268308 ], [ 93.7276947, 27.4263354 ], [ 93.7276354, 27.4259032 ], [ 93.727671, 27.4253867 ], [ 93.727766, 27.4250599 ], [ 93.727956, 27.4246594 ], [ 93.7281341, 27.4243853 ], [ 93.7284192, 27.4241113 ], [ 93.7288586, 27.4236369 ], [ 93.7290723, 27.4231309 ], [ 93.7292742, 27.4226987 ], [ 93.7296305, 27.4222455 ], [ 93.7299867, 27.4216341 ], [ 93.7304618, 27.4209278 ], [ 93.7310022, 27.4202922 ], [ 93.7326158, 27.4191786 ], [ 93.7352322, 27.4176303 ], [ 93.7369764, 27.4167594 ], [ 93.7376305, 27.4161304 ], [ 93.7375215, 27.4144369 ], [ 93.7372489, 27.4125014 ], [ 93.7374124, 27.4100337 ], [ 93.7383391, 27.4090659 ], [ 93.7398108, 27.4087272 ], [ 93.7401843, 27.4075009 ], [ 93.7399756, 27.406355 ], [ 93.7401872, 27.4047582 ], [ 93.7415937, 27.4035399 ], [ 93.7442791, 27.400758 ], [ 93.7462525, 27.3984529 ], [ 93.747392, 27.3980396 ], [ 93.7481801, 27.3981767 ], [ 93.7490225, 27.3983232 ], [ 93.7500768, 27.3993411 ], [ 93.7511001, 27.3997378 ], [ 93.7523211, 27.3999646 ], [ 93.7535, 27.3991307 ], [ 93.7544187, 27.3985167 ], [ 93.7563809, 27.3977424 ], [ 93.757253, 27.3968714 ], [ 93.7580706, 27.3953228 ], [ 93.7584522, 27.3941613 ], [ 93.7579071, 27.3930482 ], [ 93.7567625, 27.3919835 ], [ 93.7559994, 27.391064 ], [ 93.7555088, 27.3893701 ], [ 93.7559994, 27.3871438 ], [ 93.7574711, 27.3850143 ], [ 93.7579071, 27.3824975 ], [ 93.7585612, 27.3810939 ], [ 93.7600329, 27.3807551 ], [ 93.7621042, 27.3799323 ], [ 93.7625947, 27.3788675 ], [ 93.7634668, 27.3772218 ], [ 93.7643935, 27.3759633 ], [ 93.7641754, 27.3747533 ], [ 93.7639029, 27.3730107 ], [ 93.7645025, 27.371607 ], [ 93.7653201, 27.3702033 ], [ 93.7681086, 27.3688447 ], [ 93.7697248, 27.3680262 ], [ 93.7713676, 27.3671609 ], [ 93.7722881, 27.365656 ], [ 93.7736597, 27.3642492 ], [ 93.7756764, 27.3636683 ], [ 93.7772026, 27.3632811 ], [ 93.7781293, 27.3623129 ], [ 93.7780202, 27.360909 ], [ 93.7773662, 27.3598924 ], [ 93.7765486, 27.3588758 ], [ 93.7762215, 27.3576656 ], [ 93.7770391, 27.3570846 ], [ 93.7786198, 27.3566005 ], [ 93.7804731, 27.3565037 ], [ 93.7810726, 27.3565521 ], [ 93.7824353, 27.3566489 ], [ 93.7846156, 27.3563585 ], [ 93.7865234, 27.3555355 ], [ 93.787559, 27.3540831 ], [ 93.7872865, 27.3516141 ], [ 93.7880496, 27.349968 ], [ 93.7906114, 27.3486608 ], [ 93.7923011, 27.3483219 ], [ 93.7938273, 27.3480314 ], [ 93.7962256, 27.3477893 ], [ 93.7981334, 27.3470147 ], [ 93.798951, 27.3459495 ], [ 93.8001501, 27.344836 ], [ 93.8023304, 27.3428993 ], [ 93.8034206, 27.342512 ], [ 93.8054373, 27.3424151 ], [ 93.8072906, 27.342512 ], [ 93.8100159, 27.3426572 ], [ 93.8125233, 27.3426088 ], [ 93.8148126, 27.3428025 ], [ 93.818192, 27.3427056 ], [ 93.8203178, 27.3430445 ] ] } },
{ "type": "Feature", "properties": { "osm_id": 121410262, "tags": { "alt_name": "Baroi River", "name": "Burai River", "name:en": "Burai River", "name:zh": "布拉河", "name:zh-Hans": "布拉河", "name:zh-Hant": "布拉河", "source": "US Army map NG 46-7", "waterway": "river" }, "inside_district": true }, "geometry": { "type": "LineString", "coordinates": [ [ 93.4910559, 27.1024563 ], [ 93.4908628, 27.1017496 ], [ 93.4910989, 27.1004125 ], [ 93.4915709, 27.0997821 ], [ 93.4917426, 27.0991135 ], [ 93.4917211, 27.0985405 ], [ 93.4913778, 27.0980438 ], [ 93.4912491, 27.0973752 ], [ 93.4916782, 27.0970505 ], [ 93.4922361, 27.097337 ], [ 93.492794, 27.0978719 ], [ 93.4933948, 27.0978528 ], [ 93.4935236, 27.0971842 ], [ 93.493309, 27.0964201 ], [ 93.4927726, 27.095293 ], [ 93.4928155, 27.0946818 ], [ 93.4934807, 27.0943761 ], [ 93.494339, 27.0946436 ], [ 93.494854, 27.0954077 ], [ 93.4951114, 27.0961909 ], [ 93.4959483, 27.0963437 ], [ 93.4966349, 27.0957324 ], [ 93.4970855, 27.0951784 ], [ 93.4980726, 27.0944907 ], [ 93.4988236, 27.0947391 ], [ 93.4985876, 27.0952548 ], [ 93.4981155, 27.0961336 ], [ 93.4979439, 27.0970123 ], [ 93.4980726, 27.0974898 ], [ 93.4987592, 27.0973752 ], [ 93.4997463, 27.0961336 ], [ 93.5009265, 27.0944143 ], [ 93.501141, 27.0935547 ], [ 93.5010338, 27.0929052 ], [ 93.5007334, 27.0921411 ], [ 93.501141, 27.0918927 ], [ 93.5018062, 27.0918163 ], [ 93.5025787, 27.0917781 ], [ 93.502922, 27.0915298 ], [ 93.502922, 27.0909758 ], [ 93.5026002, 27.0904791 ], [ 93.5021496, 27.0900206 ], [ 93.5019994, 27.0894475 ], [ 93.5027718, 27.0889508 ], [ 93.5033941, 27.0885687 ], [ 93.5044241, 27.0878236 ], [ 93.5048961, 27.0860852 ], [ 93.5051322, 27.0854356 ], [ 93.5053682, 27.0846905 ], [ 93.5060763, 27.0844231 ], [ 93.5068059, 27.0845377 ], [ 93.5075569, 27.0846523 ], [ 93.5081577, 27.0844995 ], [ 93.5088229, 27.083678 ], [ 93.5091233, 27.0828565 ], [ 93.5091662, 27.0819013 ], [ 93.5102606, 27.0806212 ], [ 93.5109687, 27.0804302 ], [ 93.511548, 27.0804111 ], [ 93.512342, 27.0801245 ], [ 93.5125565, 27.0794558 ], [ 93.5124922, 27.0787107 ], [ 93.5122132, 27.0775643 ], [ 93.5123205, 27.0763989 ], [ 93.5124707, 27.0760168 ], [ 93.5129428, 27.0758639 ], [ 93.5135865, 27.0758448 ], [ 93.5142946, 27.0757684 ], [ 93.5150885, 27.0756346 ], [ 93.5159468, 27.0751379 ], [ 93.5163116, 27.0743545 ], [ 93.5163975, 27.073361 ], [ 93.5166549, 27.0721955 ], [ 93.5166979, 27.071202 ], [ 93.5173201, 27.0708007 ], [ 93.5177707, 27.0700746 ], [ 93.5185003, 27.0693104 ], [ 93.5190797, 27.0691002 ], [ 93.520174, 27.0687754 ], [ 93.5212469, 27.068527 ], [ 93.5220194, 27.0682021 ], [ 93.5231781, 27.0677436 ], [ 93.5238433, 27.0671321 ], [ 93.5239291, 27.0665971 ], [ 93.5233497, 27.0660812 ], [ 93.5226202, 27.0659284 ], [ 93.5217833, 27.0653933 ], [ 93.5218262, 27.0645526 ], [ 93.5218048, 27.0629666 ], [ 93.5219979, 27.0622787 ], [ 93.5224056, 27.0617246 ], [ 93.5224485, 27.0609602 ], [ 93.5222554, 27.0605781 ], [ 93.521719, 27.0603488 ], [ 93.5209679, 27.0602914 ], [ 93.5200882, 27.0604634 ], [ 93.5191226, 27.0606927 ], [ 93.5176635, 27.0611131 ], [ 93.5158396, 27.0614571 ], [ 93.5142517, 27.0616099 ], [ 93.5129642, 27.0613997 ], [ 93.512342, 27.0609985 ], [ 93.5110116, 27.0600621 ], [ 93.5091448, 27.0592405 ], [ 93.5079431, 27.059164 ], [ 93.5063767, 27.0592213 ], [ 93.5053682, 27.0591258 ], [ 93.5039305, 27.058992 ], [ 93.5022354, 27.0588774 ], [ 93.5012698, 27.0584952 ], [ 93.5006904, 27.0577882 ], [ 93.5002827, 27.0570238 ], [ 93.4994459, 27.0558581 ], [ 93.4974503, 27.0554377 ], [ 93.4965062, 27.0556288 ], [ 93.4949183, 27.0557435 ], [ 93.49406, 27.0557435 ], [ 93.4924722, 27.055839 ], [ 93.4912491, 27.0559155 ], [ 93.4900689, 27.0558772 ], [ 93.4880733, 27.0557817 ], [ 93.4871721, 27.0553995 ], [ 93.4874296, 27.0547689 ], [ 93.4886098, 27.0536032 ], [ 93.4888887, 27.0532592 ], [ 93.4904122, 27.0525522 ], [ 93.4914422, 27.0521509 ], [ 93.4927082, 27.0512527 ], [ 93.4925794, 27.0505456 ], [ 93.4919143, 27.0499914 ], [ 93.491013, 27.0495901 ], [ 93.4898543, 27.0493034 ], [ 93.4889102, 27.0491696 ], [ 93.4876656, 27.0491314 ], [ 93.4865284, 27.0496474 ], [ 93.4852624, 27.0498385 ], [ 93.4832883, 27.0491314 ], [ 93.4827124, 27.0485832 ], [ 93.4820437, 27.0479466 ], [ 93.4815931, 27.0471821 ], [ 93.4815502, 27.0462075 ], [ 93.4818707, 27.044712 ], [ 93.4818545, 27.0437713 ], [ 93.4815529, 27.0430204 ], [ 93.4811539, 27.0425531 ], [ 93.4806382, 27.0421648 ], [ 93.4802095, 27.0419947 ], [ 93.4797809, 27.0419552 ], [ 93.4793046, 27.0420423 ], [ 93.478809, 27.0423781 ], [ 93.4782672, 27.0429968 ], [ 93.4774455, 27.0445498 ], [ 93.477346, 27.0449683 ], [ 93.4773627, 27.0453165 ], [ 93.4774827, 27.0459085 ], [ 93.4776562, 27.0468532 ], [ 93.4777037, 27.0475778 ], [ 93.4776727, 27.0477908 ], [ 93.4775659, 27.0479783 ], [ 93.4773143, 27.0480835 ], [ 93.4769956, 27.0481346 ], [ 93.47644, 27.0481516 ], [ 93.4758134, 27.0481512 ], [ 93.4752949, 27.0480392 ], [ 93.4749714, 27.0478751 ], [ 93.4747303, 27.0476479 ], [ 93.4745864, 27.0473975 ], [ 93.4744399, 27.0471358 ], [ 93.4742064, 27.0468396 ], [ 93.47402, 27.0464632 ], [ 93.4737871, 27.0457068 ], [ 93.4737863, 27.0448482 ], [ 93.4739166, 27.0443457 ], [ 93.4740898, 27.0439178 ], [ 93.4742106, 27.0436434 ], [ 93.4742331, 27.0433408 ], [ 93.4741568, 27.042999 ], [ 93.4739951, 27.0426355 ], [ 93.4737665, 27.0423528 ], [ 93.4734771, 27.0422004 ], [ 93.4730345, 27.0421625 ], [ 93.4724537, 27.04219 ], [ 93.4719444, 27.0424051 ], [ 93.4715957, 27.042836 ], [ 93.4713532, 27.0432415 ], [ 93.471044, 27.0438166 ], [ 93.470638, 27.0442831 ], [ 93.4703571, 27.0444414 ], [ 93.4700626, 27.0444475 ], [ 93.4694716, 27.0443606 ], [ 93.4690196, 27.0442462 ], [ 93.4685423, 27.044009 ], [ 93.4682774, 27.0437842 ], [ 93.4680198, 27.0433934 ], [ 93.4678154, 27.0431604 ], [ 93.4674156, 27.0429447 ], [ 93.4671212, 27.0428293 ], [ 93.4667912, 27.0427986 ], [ 93.4663951, 27.0428923 ], [ 93.4655263, 27.0432082 ], [ 93.4648421, 27.0434677 ], [ 93.4642543, 27.043783 ], [ 93.4635501, 27.0442117 ], [ 93.4632658, 27.044375 ], [ 93.4630689, 27.0445068 ], [ 93.462818, 27.0446393 ], [ 93.462592, 27.0447108 ], [ 93.4624177, 27.0447229 ], [ 93.4622455, 27.0446702 ], [ 93.4621285, 27.0445715 ], [ 93.4620153, 27.0444502 ], [ 93.4619239, 27.0443442 ], [ 93.4618744, 27.0441717 ], [ 93.4618805, 27.0439964 ], [ 93.4618867, 27.0438075 ], [ 93.4618037, 27.0434891 ], [ 93.4616154, 27.0430566 ], [ 93.4614553, 27.0426872 ], [ 93.4610826, 27.0421561 ], [ 93.4609935, 27.0419593 ], [ 93.4605321, 27.0409023 ], [ 93.4602591, 27.0404505 ], [ 93.4600767, 27.0402636 ], [ 93.4597293, 27.0399079 ], [ 93.45929, 27.0394423 ], [ 93.4588396, 27.0389486 ], [ 93.4583694, 27.038066 ], [ 93.458259, 27.0378201 ], [ 93.4582082, 27.037514 ], [ 93.458174, 27.0370931 ], [ 93.4581557, 27.036681 ], [ 93.4581196, 27.0363952 ], [ 93.4580618, 27.0361573 ], [ 93.4579778, 27.0358479 ], [ 93.4579897, 27.0355999 ], [ 93.4580226, 27.0352857 ], [ 93.4579938, 27.0350035 ], [ 93.4579616, 27.0346668 ], [ 93.4578934, 27.0344264 ], [ 93.4577976, 27.0341274 ], [ 93.4577616, 27.0337662 ], [ 93.4577693, 27.0333972 ], [ 93.457797, 27.0330147 ], [ 93.4578079, 27.0325037 ], [ 93.4577815, 27.0322407 ], [ 93.4576783, 27.0320327 ], [ 93.4574055, 27.0318731 ], [ 93.4570816, 27.0318783 ], [ 93.4566455, 27.0319743 ], [ 93.4561931, 27.032092 ], [ 93.4556775, 27.0321584 ], [ 93.4532261, 27.0320262 ], [ 93.4509945, 27.0317012 ], [ 93.4502005, 27.0314145 ], [ 93.4495997, 27.0306309 ], [ 93.4492564, 27.0296561 ], [ 93.4490204, 27.0284901 ], [ 93.4482479, 27.0278211 ], [ 93.4475827, 27.0283181 ], [ 93.4472823, 27.0296561 ], [ 93.4476042, 27.030478 ], [ 93.4478402, 27.0313763 ], [ 93.4478187, 27.0325231 ], [ 93.4474325, 27.0332494 ], [ 93.4461236, 27.033861 ], [ 93.4447717, 27.0337655 ], [ 93.4444499, 27.0329818 ], [ 93.4447717, 27.0318159 ], [ 93.4450936, 27.0310896 ], [ 93.4454155, 27.029809 ], [ 93.4453726, 27.0291782 ], [ 93.4446645, 27.0284328 ], [ 93.4439134, 27.0286239 ], [ 93.4428835, 27.0291209 ], [ 93.4411883, 27.0298663 ], [ 93.4399438, 27.0298854 ], [ 93.4389782, 27.0298854 ], [ 93.4377765, 27.0297325 ], [ 93.4365105, 27.0298663 ], [ 93.4353089, 27.0304397 ], [ 93.4344291, 27.0311278 ], [ 93.4328413, 27.0315483 ], [ 93.4324121, 27.0309558 ], [ 93.4326267, 27.0299237 ], [ 93.4330988, 27.0295796 ], [ 93.4338712, 27.0291973 ], [ 93.4351802, 27.0287004 ], [ 93.4354591, 27.0281843 ], [ 93.4353947, 27.0274579 ], [ 93.4356522, 27.0271139 ], [ 93.4364676, 27.0266934 ], [ 93.4374547, 27.0263875 ], [ 93.4382486, 27.0262155 ], [ 93.4385276, 27.0254892 ], [ 93.4382057, 27.0248584 ], [ 93.4372401, 27.0247246 ], [ 93.4361458, 27.0247246 ], [ 93.4353304, 27.0247819 ], [ 93.434751, 27.0246099 ], [ 93.4338498, 27.0237688 ], [ 93.43339, 27.0230399 ], [ 93.4332501, 27.0226169 ], [ 93.4331948, 27.0223661 ], [ 93.4331861, 27.0220032 ], [ 93.4332414, 27.0217069 ], [ 93.4333878, 27.0215075 ], [ 93.4337352, 27.0212165 ], [ 93.4340383, 27.0209615 ], [ 93.4342954, 27.0204956 ], [ 93.4343151, 27.0201648 ], [ 93.4341777, 27.0198957 ], [ 93.4339364, 27.019677 ], [ 93.4325838, 27.0191621 ], [ 93.4304595, 27.0184548 ], [ 93.4296012, 27.0179004 ], [ 93.4290647, 27.017002 ], [ 93.4278846, 27.0159697 ], [ 93.4268331, 27.0155109 ], [ 93.4253526, 27.0155109 ], [ 93.4243655, 27.0155683 ], [ 93.4230995, 27.0153771 ], [ 93.4224343, 27.0144404 ], [ 93.4225631, 27.0136757 ], [ 93.4239793, 27.0130831 ], [ 93.4241938, 27.0117258 ], [ 93.4233784, 27.0113817 ], [ 93.4223485, 27.0110185 ], [ 93.4214043, 27.0108656 ], [ 93.4203958, 27.0110185 ], [ 93.4197521, 27.0115729 ], [ 93.4189153, 27.0120508 ], [ 93.4181213, 27.0113626 ], [ 93.417778, 27.0106553 ], [ 93.4174561, 27.0100626 ], [ 93.4166622, 27.0095465 ], [ 93.415761, 27.0092788 ], [ 93.4150314, 27.0092597 ], [ 93.414495, 27.0090112 ], [ 93.4136581, 27.0082465 ], [ 93.4134435, 27.0068127 ], [ 93.4131002, 27.0066215 ], [ 93.4125423, 27.0064877 ], [ 93.4120703, 27.0063921 ], [ 93.4110617, 27.005895 ], [ 93.410933, 27.0054553 ], [ 93.4110617, 27.0044611 ], [ 93.411448, 27.0041935 ], [ 93.4134435, 27.004595 ], [ 93.414216, 27.0045567 ], [ 93.4144735, 27.0038302 ], [ 93.4147525, 27.0025302 ], [ 93.415482, 27.0014978 ], [ 93.4158468, 27.0008286 ], [ 93.4161472, 27.0002168 ], [ 93.4164476, 26.9992226 ], [ 93.4167266, 26.9983432 ], [ 93.417027, 26.9974446 ], [ 93.4174561, 26.9965842 ], [ 93.4180784, 26.9956473 ], [ 93.4185934, 26.9953797 ], [ 93.4189796, 26.9958003 ], [ 93.4189367, 26.9964312 ], [ 93.4190655, 26.9969092 ], [ 93.4197736, 26.9971387 ], [ 93.4202456, 26.9966989 ], [ 93.4205675, 26.9964503 ], [ 93.4212756, 26.995915 ], [ 93.4214687, 26.9952267 ], [ 93.4212541, 26.9943663 ], [ 93.42134, 26.9932191 ], [ 93.4216833, 26.9917468 ], [ 93.421812, 26.9910585 ], [ 93.4216404, 26.9907143 ], [ 93.4210396, 26.9904658 ], [ 93.4201383, 26.9904849 ], [ 93.4196019, 26.9908482 ], [ 93.4185719, 26.9915939 ], [ 93.4176922, 26.9917086 ], [ 93.4170484, 26.9910203 ], [ 93.4171986, 26.9904849 ], [ 93.4175634, 26.9898922 ], [ 93.4176492, 26.9892229 ], [ 93.4174561, 26.9885346 ], [ 93.417499, 26.9879036 ], [ 93.4176707, 26.9872152 ], [ 93.4182501, 26.9868519 ], [ 93.4191727, 26.986393 ], [ 93.4201169, 26.9860106 ], [ 93.4210396, 26.9855326 ], [ 93.4208464, 26.9846339 ], [ 93.4202242, 26.9837734 ], [ 93.4194517, 26.9831615 ], [ 93.4184217, 26.9825687 ], [ 93.4165764, 26.9819759 ], [ 93.4153747, 26.9818038 ], [ 93.414216, 26.9814596 ], [ 93.4134006, 26.9806948 ], [ 93.4127784, 26.9790311 ], [ 93.4124565, 26.9774057 ], [ 93.4123063, 26.9765069 ], [ 93.4128427, 26.9757229 ], [ 93.4138083, 26.9755316 ], [ 93.4151387, 26.9755508 ], [ 93.4163618, 26.9753787 ], [ 93.4169342, 26.9746274 ], [ 93.4162545, 26.9740209 ], [ 93.4156751, 26.9737149 ], [ 93.4149456, 26.9736193 ], [ 93.4138727, 26.9737532 ], [ 93.4129715, 26.9739253 ], [ 93.411963, 26.9743269 ], [ 93.4114265, 26.9742121 ], [ 93.4110832, 26.9734281 ], [ 93.4106755, 26.9727014 ], [ 93.4100961, 26.9720129 ], [ 93.4095168, 26.9712097 ], [ 93.4089374, 26.970483 ], [ 93.4082079, 26.9694695 ], [ 93.4077143, 26.9684941 ], [ 93.4076018, 26.9670488 ], [ 93.4089584, 26.9645299 ], [ 93.4097497, 26.9633208 ], [ 93.4090714, 26.9610034 ], [ 93.4080176, 26.96066 ], [ 93.4057203, 26.9614436 ], [ 93.4038368, 26.959866 ], [ 93.407726, 26.9571959 ], [ 93.4070366, 26.9519346 ], [ 93.4060192, 26.9486092 ], [ 93.4038713, 26.9465938 ], [ 93.4010451, 26.9445783 ], [ 93.4000726, 26.9427063 ], [ 93.3998873, 26.9411377 ], [ 93.400443, 26.9397755 ], [ 93.401508, 26.9387436 ], [ 93.4026656, 26.9378767 ], [ 93.4039158, 26.9371337 ], [ 93.4053512, 26.9367621 ], [ 93.4066477, 26.9362255 ], [ 93.4076664, 26.9352348 ], [ 93.4080368, 26.9343266 ], [ 93.4081294, 26.9331707 ], [ 93.4083146, 26.9318084 ], [ 93.408824, 26.9304874 ], [ 93.4096111, 26.9294966 ], [ 93.4101668, 26.9285058 ], [ 93.4103983, 26.9274737 ], [ 93.4102131, 26.9264003 ], [ 93.4102594, 26.9252031 ], [ 93.4110002, 26.9240471 ], [ 93.4120189, 26.9228912 ], [ 93.4127135, 26.9217352 ], [ 93.4130839, 26.920414 ], [ 93.412945, 26.9190929 ], [ 93.4125283, 26.918102 ], [ 93.4116485, 26.9171937 ], [ 93.4103057, 26.9162853 ], [ 93.4102131, 26.9150054 ], [ 93.4104909, 26.9138081 ], [ 93.4110002, 26.9126933 ], [ 93.4113244, 26.9117849 ], [ 93.4116485, 26.9106701 ], [ 93.4119726, 26.9097204 ], [ 93.4122041, 26.9087707 ], [ 93.4128987, 26.9078211 ], [ 93.4136396, 26.9072017 ], [ 93.4144267, 26.9060868 ], [ 93.4147508, 26.9050958 ], [ 93.4143804, 26.90427 ], [ 93.4138248, 26.9034854 ], [ 93.4129913, 26.9027009 ], [ 93.4125283, 26.9016273 ], [ 93.4122504, 26.9005124 ], [ 93.4119263, 26.8992736 ], [ 93.4116948, 26.8981173 ], [ 93.411417, 26.8969611 ], [ 93.410815, 26.8959287 ], [ 93.4101205, 26.8950615 ], [ 93.4095185, 26.8942769 ], [ 93.4089629, 26.8932032 ], [ 93.4081294, 26.891923 ], [ 93.4076201, 26.8910145 ], [ 93.4073164, 26.8898342 ], [ 93.4078261, 26.8879138 ], [ 93.407884, 26.8866232 ], [ 93.4081155, 26.8851777 ], [ 93.4079998, 26.8837839 ], [ 93.408347, 26.8824933 ], [ 93.408868, 26.8809445 ], [ 93.4095046, 26.8796022 ], [ 93.4103728, 26.877692 ], [ 93.4104886, 26.87604 ], [ 93.410315, 26.8743362 ], [ 93.4099677, 26.8726325 ], [ 93.4095625, 26.8705673 ], [ 93.4093889, 26.8689151 ], [ 93.409331, 26.8677276 ], [ 93.4075345, 26.8671481 ], [ 93.4066015, 26.8660876 ], [ 93.4069231, 26.8650236 ], [ 93.4075367, 26.8635969 ], [ 93.4081734, 26.8619963 ], [ 93.4089837, 26.8602923 ], [ 93.4101992, 26.8584335 ], [ 93.4118198, 26.856368 ], [ 93.4134983, 26.854664 ], [ 93.4156978, 26.8538894 ], [ 93.4173763, 26.8528566 ], [ 93.4189969, 26.8513075 ], [ 93.4194021, 26.848932 ], [ 93.4197493, 26.8473312 ], [ 93.4184181, 26.8460402 ], [ 93.4176657, 26.844336 ], [ 93.4176078, 26.842735 ], [ 93.4177236, 26.8412374 ], [ 93.4178972, 26.8392233 ], [ 93.4182445, 26.8376739 ], [ 93.4187075, 26.8359179 ], [ 93.4198072, 26.8342653 ], [ 93.4210227, 26.8326125 ], [ 93.4222382, 26.8308049 ], [ 93.4229327, 26.8287905 ], [ 93.4242061, 26.8265179 ], [ 93.4250164, 26.8249168 ], [ 93.4257688, 26.822954 ], [ 93.4265791, 26.8209912 ], [ 93.4266949, 26.8190284 ], [ 93.4268685, 26.8175821 ], [ 93.4278525, 26.8160324 ], [ 93.4290101, 26.8145344 ], [ 93.4293574, 26.8127264 ], [ 93.4294731, 26.811435 ], [ 93.4295889, 26.8093687 ], [ 93.4294731, 26.8075606 ], [ 93.4293574, 26.8059592 ], [ 93.4292439, 26.8044059 ], [ 93.4291837, 26.8035828 ], [ 93.4293574, 26.801568 ], [ 93.4298204, 26.7994498 ], [ 93.4302256, 26.797745 ], [ 93.4301677, 26.7957817 ], [ 93.4302256, 26.7935601 ], [ 93.4309201, 26.7917518 ], [ 93.4322514, 26.7899951 ], [ 93.432842, 26.7878072 ], [ 93.4327167, 26.7858165 ], [ 93.4321068, 26.7822685 ], [ 93.4329835, 26.7793374 ], [ 93.4308457, 26.7772616 ], [ 93.4264684, 26.7759206 ], [ 93.4242765, 26.7725684 ], [ 93.4370202, 26.7711361 ], [ 93.4426903, 26.7709014 ], [ 93.445158, 26.7707099 ], [ 93.448205, 26.7707864 ], [ 93.4494495, 26.7706716 ], [ 93.4503507, 26.7702884 ], [ 93.451724, 26.7697711 ], [ 93.4523892, 26.768909 ], [ 93.4527355, 26.7655002 ] ] } },
{ "type": "Feature", "properties": { "osm_id": 122001421, "tags": { "waterway": "river" }, "inside_district": true }, "geometry": { "type": "LineString", "coordinates": [ [ 93.5894525, 27.0847805 ], [ 93.5892038, 27.0842203 ], [ 93.5891891, 27.0834386 ], [ 93.5885014, 27.0828393 ], [ 93.5887502, 27.0823443 ], [ 93.5891891, 27.0820446 ], [ 93.5886624, 27.0816277 ], [ 93.5877551, 27.0812499 ], [ 93.587082, 27.0809502 ], [ 93.5859992, 27.0808069 ], [ 93.58537, 27.0809763 ], [ 93.5845067, 27.0805985 ], [ 93.5835848, 27.0801034 ], [ 93.5830141, 27.0791132 ], [ 93.5833946, 27.078579 ], [ 93.5839067, 27.0787354 ], [ 93.5841555, 27.078123 ], [ 93.5837019, 27.0772892 ], [ 93.583658, 27.0762208 ], [ 93.584214, 27.0754 ], [ 93.5851066, 27.0751915 ], [ 93.5856627, 27.0746443 ], [ 93.585531, 27.0737453 ], [ 93.5858383, 27.0730808 ], [ 93.5858529, 27.0723121 ], [ 93.5865319, 27.0719853 ], [ 93.5881356, 27.0720515 ], [ 93.5892038, 27.0720124 ], [ 93.5897891, 27.0714782 ], [ 93.5895403, 27.070514 ], [ 93.5889258, 27.0699146 ], [ 93.588838, 27.069224 ], [ 93.5893062, 27.0691459 ], [ 93.5900671, 27.0692892 ], [ 93.5903012, 27.0682598 ], [ 93.5902281, 27.0673868 ], [ 93.5900817, 27.0669177 ], [ 93.5890574, 27.0673868 ], [ 93.5886331, 27.0673868 ], [ 93.5885453, 27.0668005 ], [ 93.5877844, 27.0663705 ], [ 93.5881356, 27.0659144 ], [ 93.5885014, 27.0660187 ], [ 93.5887355, 27.0657711 ], [ 93.5882234, 27.0650284 ], [ 93.5880237, 27.0646603 ], [ 93.5880307, 27.0643217 ], [ 93.5880597, 27.0639698 ], [ 93.5882085, 27.0634269 ], [ 93.5882556, 27.0631568 ], [ 93.5882924, 27.0629867 ], [ 93.5884163, 27.0629246 ], [ 93.5885675, 27.0629842 ], [ 93.5897163, 27.0631968 ], [ 93.5900992, 27.0633638 ], [ 93.5903231, 27.0633859 ], [ 93.5904458, 27.0633607 ], [ 93.5905471, 27.0633087 ], [ 93.5907932, 27.063204 ], [ 93.5914336, 27.0629278 ], [ 93.5916147, 27.0626379 ], [ 93.5913109, 27.062305 ], [ 93.5911792, 27.061875 ], [ 93.5920718, 27.0617447 ], [ 93.5923791, 27.0614971 ], [ 93.5929209, 27.0622358 ] ] } },
{ "type": "Feature", "properties": { "osm_id": 122001422, "tags": { "waterway": "river" }, "inside_district": true }, "geometry": { "type": "LineString", "coordinates": [ [ 93.5712539, 27.0511676 ], [ 93.5718827, 27.0511676 ], [ 93.5724829, 27.0505822 ], [ 93.5731402, 27.0507349 ], [ 93.5735117, 27.0517021 ], [ 93.5740833, 27.0515749 ], [ 93.5741691, 27.052033 ], [ 93.5740547, 27.0524403 ], [ 93.5749121, 27.0523894 ], [ 93.575398, 27.0522621 ], [ 93.575941, 27.0528475 ], [ 93.5775986, 27.0526184 ], [ 93.5780559, 27.052822 ], [ 93.5777701, 27.0535093 ], [ 93.5772556, 27.053891 ], [ 93.5771985, 27.054731 ], [ 93.5776843, 27.0546801 ], [ 93.5779987, 27.0542983 ], [ 93.5782589, 27.05473 ], [ 93.5784199, 27.0551079 ], [ 93.5792685, 27.0550948 ], [ 93.5796783, 27.0551861 ], [ 93.5800148, 27.0550688 ], [ 93.5802343, 27.0546778 ], [ 93.5806001, 27.0550036 ], [ 93.5807172, 27.0553294 ], [ 93.5814635, 27.055147 ], [ 93.5819171, 27.05516 ], [ 93.582239, 27.0553685 ], [ 93.582956, 27.0553946 ], [ 93.5828682, 27.0548342 ], [ 93.5832633, 27.0546648 ], [ 93.5837462, 27.054769 ], [ 93.5838047, 27.0544563 ], [ 93.5825902, 27.0536744 ], [ 93.5828389, 27.0533616 ], [ 93.5837023, 27.0530358 ], [ 93.5837608, 27.0525537 ], [ 93.5848436, 27.0528795 ], [ 93.585268, 27.0529055 ], [ 93.585663, 27.0523582 ], [ 93.58638, 27.0523061 ], [ 93.587258, 27.0524494 ], [ 93.5866727, 27.0530749 ], [ 93.5857069, 27.0534659 ], [ 93.5852094, 27.0540523 ], [ 93.5859118, 27.0541957 ], [ 93.5866288, 27.0537917 ], [ 93.5873458, 27.0536092 ], [ 93.5875653, 27.0527101 ], [ 93.5880628, 27.0526579 ], [ 93.5880043, 27.0531662 ], [ 93.5882823, 27.0537787 ], [ 93.5881652, 27.0548733 ], [ 93.5887066, 27.0549906 ], [ 93.5897456, 27.0542087 ], [ 93.5902284, 27.0539872 ], [ 93.5903309, 27.0544563 ], [ 93.5899212, 27.0551209 ], [ 93.5903748, 27.0556682 ], [ 93.590287, 27.0560331 ], [ 93.5897895, 27.0563719 ], [ 93.5886627, 27.0566586 ], [ 93.5881067, 27.0571017 ], [ 93.5883701, 27.0573753 ], [ 93.589409, 27.0571929 ], [ 93.5905504, 27.056828 ], [ 93.5910625, 27.0566195 ], [ 93.591721, 27.0569192 ], [ 93.5915307, 27.0575968 ], [ 93.5912966, 27.058509 ], [ 93.592438, 27.0586784 ], [ 93.5936671, 27.0587175 ], [ 93.5939305, 27.0593169 ], [ 93.594589, 27.0595385 ], [ 93.5948963, 27.06019 ], [ 93.5946475, 27.0609067 ], [ 93.5949109, 27.0615322 ], [ 93.5944427, 27.0617667 ], [ 93.5937549, 27.0616625 ], [ 93.5929209, 27.0622358 ], [ 93.5926717, 27.063139 ], [ 93.5934912, 27.0632171 ], [ 93.5945447, 27.0635299 ], [ 93.5952471, 27.0642335 ], [ 93.5958763, 27.0642075 ], [ 93.5963592, 27.0633865 ], [ 93.597164, 27.0633474 ], [ 93.5978078, 27.0644029 ], [ 93.597998, 27.0651065 ], [ 93.598993, 27.0659535 ], [ 93.6003685, 27.0668526 ], [ 93.6016855, 27.0673868 ], [ 93.6032658, 27.0671653 ], [ 93.6049925, 27.0671262 ], [ 93.6058704, 27.067048 ], [ 93.6056802, 27.0681165 ], [ 93.60549, 27.0691198 ], [ 93.6064118, 27.0695237 ], [ 93.6076995, 27.0694195 ], [ 93.6077288, 27.0684292 ], [ 93.6080361, 27.0672696 ], [ 93.6086067, 27.066592 ], [ 93.6094993, 27.066175 ], [ 93.6102602, 27.0662271 ], [ 93.6109333, 27.0672565 ], [ 93.6113138, 27.0684553 ], [ 93.6105821, 27.0695368 ], [ 93.6099676, 27.0701361 ], [ 93.6104212, 27.0708267 ], [ 93.6102602, 27.0717127 ], [ 93.6095871, 27.0726378 ], [ 93.6097481, 27.0735368 ], [ 93.6101578, 27.0744619 ], [ 93.6111097, 27.0753091 ] ] } },
{ "type": "Feature", "properties": { "osm_id": 122001423, "tags": { "name": "Dikrong River", "name:en": "Dikrong River", "waterway": "river" }, "inside_district": true }, "geometry": { "type": "LineString", "coordinates": [ [ 93.5633018, 27.133198 ], [ 93.5637591, 27.132791 ], [ 93.5642163, 27.1330963 ], [ 93.5638448, 27.1342662 ], [ 93.5648165, 27.1345206 ], [ 93.5648371, 27.1348207 ], [ 93.565161, 27.1349488 ], [ 93.5653309, 27.135016 ], [ 93.5655321, 27.134837 ], [ 93.5664467, 27.1350811 ], [ 93.5668856, 27.1354392 ], [ 93.5673063, 27.1354881 ], [ 93.5674344, 27.1356671 ], [ 93.5677636, 27.1356834 ], [ 93.568294, 27.1353904 ], [ 93.5687879, 27.135309 ], [ 93.5693366, 27.1355532 ], [ 93.5696293, 27.1360903 ], [ 93.5698854, 27.1368717 ], [ 93.5698122, 27.1372623 ], [ 93.5698317, 27.1373346 ], [ 93.5699219, 27.1376692 ], [ 93.5712023, 27.1379948 ], [ 93.5724095, 27.1375065 ], [ 93.5727936, 27.137246 ], [ 93.5729948, 27.1367903 ], [ 93.5730863, 27.1363019 ], [ 93.5733606, 27.1359927 ], [ 93.5738911, 27.1359764 ], [ 93.5744581, 27.13666 ], [ 93.5746227, 27.1374739 ], [ 93.5749153, 27.138125 ], [ 93.5757567, 27.1385482 ], [ 93.5768176, 27.1389389 ], [ 93.5777138, 27.1387761 ], [ 93.5787198, 27.1386296 ], [ 93.5795429, 27.1380925 ], [ 93.5801831, 27.1380111 ], [ 93.5807867, 27.1384668 ], [ 93.580805, 27.1391505 ], [ 93.5805855, 27.1396876 ], [ 93.5810794, 27.1398504 ], [ 93.5819025, 27.1395899 ], [ 93.5823597, 27.1393783 ], [ 93.5830365, 27.1393783 ], [ 93.5832011, 27.1398504 ], [ 93.5829351, 27.1404046 ], [ 93.5827179, 27.1407579 ], [ 93.582598, 27.1410846 ], [ 93.5828827, 27.1412179 ], [ 93.5833247, 27.1409913 ], [ 93.5837742, 27.1407913 ], [ 93.584501, 27.1405846 ], [ 93.5848081, 27.1406113 ], [ 93.5850029, 27.1407846 ], [ 93.5851752, 27.1411713 ], [ 93.5851602, 27.1414913 ], [ 93.5851303, 27.141818 ], [ 93.5854749, 27.1419713 ], [ 93.5859844, 27.1418646 ], [ 93.5862091, 27.1415113 ], [ 93.5866137, 27.1410846 ], [ 93.5872205, 27.1408179 ], [ 93.5875801, 27.1407913 ], [ 93.5879248, 27.1408846 ], [ 93.5883388, 27.1410347 ], [ 93.5882545, 27.141393 ], [ 93.587805, 27.1417514 ], [ 93.5874304, 27.141943 ], [ 93.5871654, 27.1423891 ], [ 93.5873849, 27.1426886 ], [ 93.5876483, 27.1427407 ], [ 93.5881897, 27.1430792 ], [ 93.5889213, 27.1426495 ], [ 93.5893603, 27.142337 ], [ 93.5895505, 27.1415557 ], [ 93.58977, 27.1413604 ], [ 93.5902383, 27.1415036 ], [ 93.5905894, 27.1418031 ], [ 93.5909699, 27.1418813 ], [ 93.5912186, 27.1415036 ], [ 93.5911162, 27.1409567 ], [ 93.5913357, 27.1405531 ], [ 93.5911455, 27.1400192 ], [ 93.5906626, 27.1391467 ], [ 93.5905894, 27.138691 ], [ 93.5909114, 27.1382092 ], [ 93.5911894, 27.1380008 ], [ 93.5913357, 27.1374409 ], [ 93.5924478, 27.1368289 ], [ 93.5928136, 27.1365033 ], [ 93.5928868, 27.1360606 ], [ 93.5925502, 27.1356178 ], [ 93.5920966, 27.1351881 ], [ 93.592199, 27.1349537 ], [ 93.5927843, 27.1343286 ], [ 93.593238, 27.133938 ], [ 93.5934282, 27.1334301 ], [ 93.5933404, 27.1329222 ], [ 93.5931209, 27.1323362 ], [ 93.5933989, 27.1317242 ], [ 93.5931648, 27.1313595 ], [ 93.5928868, 27.1309558 ], [ 93.5930624, 27.1306303 ], [ 93.5934282, 27.1297317 ], [ 93.5937062, 27.1291326 ], [ 93.5941598, 27.1290024 ], [ 93.594672, 27.1292108 ], [ 93.5950232, 27.1289633 ], [ 93.5952719, 27.1289243 ], [ 93.5956377, 27.1281559 ], [ 93.5960767, 27.1277913 ], [ 93.5968961, 27.1278564 ], [ 93.5975692, 27.1276871 ], [ 93.5979095, 27.1270103 ], [ 93.5982021, 27.1262811 ], [ 93.5992264, 27.1250438 ], [ 93.599124, 27.1243666 ], [ 93.5992264, 27.124028 ], [ 93.5999288, 27.1232466 ], [ 93.6004848, 27.1224261 ], [ 93.6013774, 27.1219833 ], [ 93.6022115, 27.1213842 ], [ 93.602548, 27.1205768 ], [ 93.6020359, 27.1200428 ], [ 93.6018457, 27.1195479 ], [ 93.601992, 27.1187013 ], [ 93.6027675, 27.1173598 ], [ 93.6030748, 27.1168389 ], [ 93.6041137, 27.1160444 ], [ 93.604304, 27.115836 ], [ 93.6044795, 27.1148331 ], [ 93.6047576, 27.1143512 ], [ 93.6050941, 27.1138693 ], [ 93.6051965, 27.1135176 ], [ 93.6056502, 27.1132832 ], [ 93.6064111, 27.1130748 ], [ 93.606733, 27.112671 ], [ 93.6078304, 27.1120979 ], [ 93.6085621, 27.1113685 ], [ 93.6085328, 27.110561 ], [ 93.6082548, 27.1096492 ], [ 93.6081085, 27.1086203 ], [ 93.6077865, 27.107995 ], [ 93.608284, 27.1070312 ], [ 93.6089133, 27.1053248 ], [ 93.6090888, 27.1041134 ], [ 93.6088694, 27.1029542 ], [ 93.6083426, 27.1019121 ], [ 93.6078743, 27.101886 ], [ 93.6065428, 27.1022508 ], [ 93.6058989, 27.1021335 ], [ 93.6055331, 27.1016646 ], [ 93.6050356, 27.1005313 ], [ 93.6042015, 27.1005053 ], [ 93.6031187, 27.1008439 ], [ 93.6014359, 27.1003489 ], [ 93.6008506, 27.0993068 ], [ 93.600675, 27.0976004 ], [ 93.6003678, 27.0962196 ], [ 93.6014359, 27.0951644 ], [ 93.6021237, 27.0936403 ], [ 93.6031772, 27.0923636 ], [ 93.6038064, 27.0912042 ], [ 93.6038503, 27.090631 ], [ 93.6033528, 27.0898103 ], [ 93.6028992, 27.0887681 ], [ 93.6016115, 27.0883773 ], [ 93.5999141, 27.0876347 ], [ 93.598846, 27.0872569 ], [ 93.5986411, 27.086853 ], [ 93.5990654, 27.0859802 ], [ 93.5989191, 27.0855763 ], [ 93.5984362, 27.0847295 ], [ 93.5984362, 27.0841562 ], [ 93.5983338, 27.0815245 ], [ 93.598246, 27.0806907 ], [ 93.5967535, 27.0801435 ], [ 93.5952463, 27.07944 ], [ 93.5947781, 27.0784498 ], [ 93.5948805, 27.077629 ], [ 93.5950415, 27.0772381 ], [ 93.5954365, 27.077186 ], [ 93.5962413, 27.0776941 ], [ 93.5967388, 27.0781632 ], [ 93.5983045, 27.0782804 ], [ 93.5996069, 27.0782153 ], [ 93.6005287, 27.0773554 ], [ 93.6005726, 27.076261 ], [ 93.5993288, 27.0750232 ], [ 93.5979095, 27.0739548 ], [ 93.5971047, 27.0735509 ], [ 93.5968559, 27.072717 ], [ 93.597529, 27.0723001 ], [ 93.5986557, 27.072248 ], [ 93.5997093, 27.073134 ], [ 93.6008214, 27.0731209 ], [ 93.6015823, 27.0733294 ], [ 93.6029285, 27.0730167 ], [ 93.6035138, 27.0720395 ], [ 93.6040698, 27.0715183 ], [ 93.6049185, 27.0719874 ], [ 93.6051965, 27.0728082 ], [ 93.6057965, 27.0736421 ], [ 93.6070549, 27.074502 ], [ 93.6075524, 27.0750623 ], [ 93.6081816, 27.0765997 ], [ 93.6080792, 27.077173 ], [ 93.6078304, 27.0782674 ], [ 93.6081085, 27.0790491 ], [ 93.6089425, 27.0796875 ], [ 93.6111374, 27.0798569 ], [ 93.6124105, 27.079909 ], [ 93.6126885, 27.0795833 ], [ 93.6123958, 27.0791924 ], [ 93.6116788, 27.0783847 ], [ 93.6110204, 27.0773163 ], [ 93.610757, 27.0760525 ], [ 93.6111097, 27.0753091 ], [ 93.611196, 27.0751274 ], [ 93.613625, 27.0736942 ], [ 93.6150297, 27.0733815 ], [ 93.6172832, 27.0733815 ], [ 93.6195366, 27.07316 ], [ 93.622229, 27.0724825 ], [ 93.6231948, 27.071818 ], [ 93.623941, 27.0698375 ], [ 93.624541, 27.0687691 ], [ 93.6255719, 27.0676605 ], [ 93.626092, 27.0671012 ], [ 93.6274236, 27.0663846 ], [ 93.6289747, 27.066554 ], [ 93.6309723, 27.0671604 ], [ 93.6318719, 27.0675703 ], [ 93.6332474, 27.0672185 ], [ 93.6341985, 27.0676745 ], [ 93.635735, 27.0690296 ], [ 93.637286, 27.0711926 ], [ 93.6392761, 27.072261 ], [ 93.6409589, 27.0728603 ], [ 93.6430221, 27.0723522 ], [ 93.6442951, 27.0721437 ], [ 93.6447988, 27.0723575 ], [ 93.6459193, 27.0728343 ], [ 93.6468119, 27.0741633 ], [ 93.6475143, 27.074919 ], [ 93.6484947, 27.0743457 ], [ 93.6496068, 27.0729906 ], [ 93.650514, 27.0725867 ], [ 93.6531479, 27.0732252 ], [ 93.6562647, 27.0743327 ], [ 93.6581815, 27.076274 ], [ 93.6591034, 27.0764694 ], [ 93.6612251, 27.0757398 ], [ 93.6623226, 27.0756095 ], [ 93.6635371, 27.0757528 ], [ 93.6645907, 27.0759874 ], [ 93.6647516, 27.0772381 ], [ 93.6643712, 27.0775117 ], [ 93.6636688, 27.0773293 ], [ 93.6622202, 27.0772381 ], [ 93.6611959, 27.0776681 ], [ 93.6598204, 27.0782413 ], [ 93.6590595, 27.0795963 ], [ 93.659001, 27.080808 ], [ 93.6595131, 27.081264 ], [ 93.660991, 27.0816809 ], [ 93.6632152, 27.081277 ], [ 93.6645468, 27.0808992 ], [ 93.6660832, 27.0813421 ], [ 93.6676343, 27.0815245 ], [ 93.6690536, 27.0813161 ], [ 93.6703559, 27.0818503 ], [ 93.671629, 27.0831661 ], [ 93.6728435, 27.0848728 ], [ 93.672785, 27.0860844 ], [ 93.6735312, 27.0868921 ], [ 93.6743653, 27.0865534 ], [ 93.6763846, 27.0835439 ], [ 93.6780088, 27.0828534 ], [ 93.6795306, 27.08357 ], [ 93.6804232, 27.0855242 ], [ 93.6803647, 27.0868009 ], [ 93.6802623, 27.0888462 ], [ 93.6801013, 27.0907613 ], [ 93.6807452, 27.0918686 ], [ 93.6821206, 27.0923897 ], [ 93.683979, 27.0923245 ], [ 93.6866421, 27.0912042 ], [ 93.6883249, 27.0905789 ], [ 93.6894077, 27.0903314 ], [ 93.6921702, 27.0903463 ], [ 93.6928757, 27.0900057 ], [ 93.6936366, 27.0883251 ], [ 93.6941341, 27.0864882 ], [ 93.6951291, 27.0855633 ], [ 93.6960948, 27.0855893 ], [ 93.6969582, 27.0860844 ], [ 93.6975728, 27.0867879 ], [ 93.6969728, 27.0881688 ], [ 93.6959778, 27.0890156 ], [ 93.696051, 27.089667 ], [ 93.6972069, 27.0901881 ], [ 93.6983337, 27.0900578 ], [ 93.6993287, 27.0900317 ], [ 93.6994165, 27.0906049 ], [ 93.6971191, 27.0921291 ], [ 93.6943097, 27.0943307 ], [ 93.6929658, 27.0950833 ], [ 93.6918032, 27.0955605 ], [ 93.6905637, 27.0958548 ], [ 93.6891151, 27.0964801 ], [ 93.6887346, 27.0971705 ], [ 93.6884773, 27.0997009 ], [ 93.6881286, 27.1005318 ], [ 93.6868616, 27.1021205 ], [ 93.6851496, 27.1035924 ], [ 93.6842662, 27.1041229 ], [ 93.6833937, 27.1047126 ], [ 93.6834961, 27.1055853 ], [ 93.6841399, 27.1062887 ], [ 93.68553, 27.1066534 ], [ 93.6863315, 27.1067636 ], [ 93.6885309, 27.1068209 ], [ 93.6898291, 27.1069928 ], [ 93.6910951, 27.107499 ], [ 93.6918461, 27.1080434 ], [ 93.6923611, 27.1093708 ], [ 93.692919, 27.1109275 ], [ 93.6940563, 27.1126942 ], [ 93.6950755, 27.1138211 ], [ 93.696202, 27.1146997 ], [ 93.6970818, 27.1154923 ], [ 93.6971998, 27.1163804 ], [ 93.6974466, 27.1168961 ], [ 93.6979386, 27.1173729 ], [ 93.6987769, 27.1178415 ], [ 93.7001395, 27.1180802 ], [ 93.7014592, 27.1181566 ], [ 93.7026715, 27.118042 ], [ 93.703385, 27.118042 ], [ 93.7052357, 27.118233 ], [ 93.706727, 27.1184336 ], [ 93.7072849, 27.1186245 ], [ 93.707875, 27.1189302 ], [ 93.7093234, 27.1197418 ], [ 93.7125635, 27.1222437 ], [ 93.7137222, 27.1251084 ], [ 93.7144088, 27.1287751 ], [ 93.7151935, 27.1299098 ], [ 93.7154388, 27.1302646 ], [ 93.7199878, 27.1339312 ], [ 93.7241721, 27.1345231 ], [ 93.7253952, 27.1357071 ], [ 93.7256097, 27.1374448 ], [ 93.727498, 27.1390106 ], [ 93.7290001, 27.1392588 ], [ 93.7304163, 27.139087 ], [ 93.7320041, 27.1385714 ], [ 93.7332916, 27.1387432 ], [ 93.7349653, 27.1392397 ], [ 93.7369609, 27.1392588 ], [ 93.7377977, 27.1388578 ], [ 93.7391281, 27.1377885 ], [ 93.7408232, 27.1374639 ], [ 93.7482071, 27.1385446 ] ] } },
{ "type": "Feature", "properties": { "osm_id": 129818633, "tags": { "waterway": "stream" }, "inside_district": true }, "geometry": { "type": "LineString", "coordinates": [ [ 93.6112596, 27.090922 ], [ 93.610809, 27.0910366 ], [ 93.6104228, 27.0907501 ], [ 93.609689, 27.0905782 ], [ 93.6089243, 27.0907489 ], [ 93.6087793, 27.0907254 ], [ 93.6086738, 27.0905435 ], [ 93.6086738, 27.0900917 ], [ 93.6085288, 27.0897338 ], [ 93.6081927, 27.0896516 ], [ 93.6080794, 27.0898856 ], [ 93.6079146, 27.0899681 ], [ 93.6076468, 27.0898031 ], [ 93.6075954, 27.089583 ], [ 93.6073585, 27.0894638 ], [ 93.606998, 27.089528 ], [ 93.6067921, 27.0894088 ], [ 93.605927, 27.0891429 ], [ 93.605618, 27.0888129 ], [ 93.6054018, 27.0885103 ], [ 93.6051958, 27.0883361 ], [ 93.6047736, 27.0880427 ], [ 93.6048251, 27.0877676 ], [ 93.6048045, 27.0875567 ], [ 93.6042895, 27.0873642 ], [ 93.6037334, 27.0870891 ], [ 93.6031258, 27.086759 ], [ 93.6028271, 27.086594 ], [ 93.6022401, 27.0866857 ], [ 93.6020547, 27.0866123 ], [ 93.6021165, 27.0862456 ], [ 93.6020033, 27.0856221 ], [ 93.6016222, 27.0851086 ], [ 93.6009228, 27.0846454 ], [ 93.6006655, 27.0844425 ], [ 93.6001888, 27.0839506 ], [ 93.5998556, 27.0836801 ], [ 93.5995224, 27.0834924 ], [ 93.5994675, 27.0831769 ], [ 93.5995688, 27.082899 ], [ 93.5996784, 27.0825722 ], [ 93.5996573, 27.0821929 ], [ 93.599535, 27.0819563 ], [ 93.5994549, 27.0816145 ], [ 93.5994675, 27.081284 ], [ 93.5993758, 27.081053 ], [ 93.5989276, 27.0809028 ], [ 93.5984056, 27.0807525 ], [ 93.598246, 27.0806907 ] ] } },
{ "type": "Feature", "properties": { "osm_id": 132967643, "tags": { "waterway": "river" }, "inside_district": true }, "geometry": { "type": "LineString", "coordinates": [ [ 93.7043023, 27.081586 ], [ 93.7044954, 27.0818726 ], [ 93.7044525, 27.0822833 ], [ 93.7049997, 27.0826941 ], [ 93.7055898, 27.0830666 ], [ 93.7057722, 27.0835825 ], [ 93.7057507, 27.0841843 ], [ 93.7060672, 27.0846332 ], [ 93.706094, 27.0847717 ], [ 93.7058741, 27.0848243 ], [ 93.7057185, 27.0849771 ], [ 93.7057507, 27.0853067 ], [ 93.7059224, 27.085555 ], [ 93.7062764, 27.0858129 ], [ 93.7063032, 27.0859658 ], [ 93.7060779, 27.0860947 ], [ 93.70552, 27.086066 ], [ 93.705225, 27.0861425 ], [ 93.7051552, 27.0863192 ], [ 93.7052733, 27.0864911 ], [ 93.7055039, 27.0868207 ], [ 93.705461, 27.087026 ], [ 93.7053591, 27.0871454 ], [ 93.7049997, 27.087198 ], [ 93.7048066, 27.0873221 ], [ 93.7047905, 27.0875418 ], [ 93.7046027, 27.0876039 ], [ 93.7042916, 27.0874511 ], [ 93.703798, 27.0873938 ], [ 93.7036049, 27.087623 ], [ 93.7037015, 27.0877997 ], [ 93.7041628, 27.0878571 ], [ 93.7044203, 27.0881771 ], [ 93.7045062, 27.088669 ], [ 93.704415, 27.0889508 ], [ 93.7040716, 27.0892373 ], [ 93.7038678, 27.0896337 ], [ 93.7039536, 27.089968 ], [ 93.7043399, 27.0904122 ], [ 93.7042969, 27.0906128 ], [ 93.7040931, 27.0907178 ], [ 93.7036854, 27.0906128 ], [ 93.703267, 27.0906223 ], [ 93.7029344, 27.0908038 ], [ 93.7028432, 27.0910235 ], [ 93.7026018, 27.0912002 ], [ 93.7020224, 27.0912814 ], [ 93.7018669, 27.0914772 ], [ 93.7017167, 27.0921506 ], [ 93.7017596, 27.0926903 ], [ 93.7019626, 27.0929375 ], [ 93.7023014, 27.093206 ], [ 93.7025213, 27.0934592 ], [ 93.7026983, 27.0939511 ], [ 93.7028325, 27.0943092 ], [ 93.7031221, 27.0946435 ], [ 93.703503, 27.0948107 ], [ 93.7038463, 27.0950877 ], [ 93.7039268, 27.0955032 ], [ 93.7038571, 27.0957467 ], [ 93.7034869, 27.0959807 ], [ 93.7029719, 27.0959903 ], [ 93.7025964, 27.0960524 ], [ 93.7020867, 27.0964906 ], [ 93.7013358, 27.0972899 ], [ 93.7008297, 27.0976823 ], [ 93.7001931, 27.0983726 ], [ 93.6999625, 27.0986837 ], [ 93.699646, 27.0987697 ], [ 93.6991646, 27.0989175 ], [ 93.6985195, 27.0988986 ], [ 93.6974949, 27.0984975 ], [ 93.6970335, 27.0985022 ], [ 93.6967159, 27.0986414 ], [ 93.6961323, 27.099061 ], [ 93.6956549, 27.0990562 ], [ 93.6953008, 27.0989225 ], [ 93.6949447, 27.0989902 ], [ 93.6939244, 27.0997895 ], [ 93.6929857, 27.1002763 ], [ 93.6923328, 27.1006542 ], [ 93.6921695, 27.101359 ], [ 93.691794, 27.1018894 ], [ 93.6907085, 27.1024998 ], [ 93.689476, 27.102943 ], [ 93.6893454, 27.1033281 ], [ 93.6890842, 27.1044979 ], [ 93.6880696, 27.1051018 ], [ 93.686986, 27.1053597 ], [ 93.6863851, 27.1055985 ], [ 93.6861169, 27.1060091 ], [ 93.6861277, 27.1065535 ], [ 93.6863315, 27.1067636 ] ] } },
{ "type": "Feature", "properties": { "osm_id": 155832386, "tags": { "waterway": "stream" }, "inside_district": true }, "geometry": { "type": "LineString", "coordinates": [ [ 93.7382671, 27.1101252 ], [ 93.7381576, 27.1102408 ], [ 93.7380655, 27.1104459 ], [ 93.7378043, 27.1110476 ], [ 93.7377044, 27.1113553 ], [ 93.7376353, 27.1116676 ], [ 93.7376199, 27.1118863 ], [ 93.7376455, 27.1120094 ], [ 93.7377121, 27.1121507 ], [ 93.737835, 27.11239 ], [ 93.7379041, 27.1126202 ], [ 93.7379041, 27.1129165 ], [ 93.7379067, 27.1130897 ], [ 93.7378453, 27.1132333 ], [ 93.7377403, 27.1133199 ], [ 93.7376404, 27.1134544 ], [ 93.7374381, 27.1137073 ], [ 93.7371872, 27.1139375 ], [ 93.7369312, 27.1141951 ], [ 93.7368646, 27.1143159 ], [ 93.7368032, 27.1144959 ], [ 93.7367622, 27.1147352 ], [ 93.7366905, 27.1150315 ], [ 93.7366828, 27.1151409 ], [ 93.7367238, 27.1153004 ], [ 93.7368748, 27.1157699 ], [ 93.7369593, 27.1158952 ], [ 93.737072, 27.1159978 ], [ 93.7374228, 27.1163396 ], [ 93.737579, 27.1165425 ], [ 93.7376763, 27.1168 ], [ 93.7376814, 27.1168866 ], [ 93.7376737, 27.1170575 ], [ 93.7376865, 27.1173128 ], [ 93.7377326, 27.1174678 ], [ 93.7376968, 27.1176068 ], [ 93.7375559, 27.1180968 ], [ 93.7375252, 27.1182973 ], [ 93.7374484, 27.1185252 ], [ 93.7373178, 27.1187257 ], [ 93.7372384, 27.1190083 ], [ 93.7372333, 27.1193456 ], [ 93.7374433, 27.1197331 ], [ 93.7377812, 27.1201934 ], [ 93.7384009, 27.1208042 ], [ 93.7385341, 27.1209911 ], [ 93.7389488, 27.1214514 ], [ 93.7394404, 27.1219345 ], [ 93.7397221, 27.1223401 ], [ 93.7400549, 27.1226774 ], [ 93.7405517, 27.1229235 ], [ 93.7411996, 27.1232909 ], [ 93.741243, 27.1233155 ], [ 93.7414939, 27.1234841 ], [ 93.7417602, 27.1236938 ], [ 93.7419855, 27.1240584 ], [ 93.7420111, 27.1247877 ], [ 93.7419958, 27.1253072 ], [ 93.7419394, 27.1256855 ], [ 93.7419548, 27.1260182 ], [ 93.7420418, 27.1263373 ], [ 93.7423133, 27.1267474 ], [ 93.7425079, 27.1271029 ], [ 93.7427537, 27.1274402 ], [ 93.7428407, 27.127741 ], [ 93.742979, 27.1280008 ], [ 93.7431633, 27.1281922 ], [ 93.7434296, 27.1283289 ], [ 93.7438342, 27.1284565 ], [ 93.74408, 27.1285408 ], [ 93.7441875, 27.1286024 ], [ 93.7442592, 27.1287232 ], [ 93.7442874, 27.1289396 ], [ 93.7443852, 27.1293718 ], [ 93.7444333, 27.129564 ], [ 93.7445623, 27.1297681 ], [ 93.7447929, 27.130002 ], [ 93.7452006, 27.1301691 ], [ 93.745721, 27.1303696 ], [ 93.7468368, 27.1309998 ], [ 93.7471602, 27.1313209 ], [ 93.7473732, 27.1316396 ], [ 93.7475556, 27.1321265 ], [ 93.747561, 27.1326087 ], [ 93.7477165, 27.1329811 ], [ 93.7478775, 27.1332293 ], [ 93.7482047, 27.1333917 ], [ 93.7488806, 27.1335349 ], [ 93.7532855, 27.13528 ], [ 93.7536379, 27.1355029 ] ] } },
{ "type": "Feature", "properties": { "osm_id": 157043602, "tags": { "waterway": "stream" }, "inside_district": true }, "geometry": { "type": "LineString", "coordinates": [ [ 93.6858316, 27.0790577 ], [ 93.6859447, 27.0809039 ], [ 93.685907, 27.0826159 ], [ 93.6846629, 27.0839585 ], [ 93.6836826, 27.0856368 ], [ 93.6845498, 27.0876843 ], [ 93.6842859, 27.0887248 ], [ 93.6858316, 27.0887919 ], [ 93.6867741, 27.0898325 ], [ 93.6875953, 27.0902277 ], [ 93.6877393, 27.090297 ], [ 93.6883249, 27.0905789 ] ] } },
{ "type": "Feature", "properties": { "osm_id": 157043603, "tags": { "waterway": "stream" }, "inside_district": true }, "geometry": { "type": "LineString", "coordinates": [ [ 93.7276256, 27.0991216 ], [ 93.7260045, 27.101001 ], [ 93.7240441, 27.102612 ], [ 93.7234032, 27.1040215 ], [ 93.7210657, 27.1059009 ], [ 93.7183569, 27.1074546 ], [ 93.71575, 27.1085856 ], [ 93.7150173, 27.1088636 ], [ 93.7143774, 27.1097524 ], [ 93.7134125, 27.1106327 ], [ 93.7112636, 27.1144582 ], [ 93.7100959, 27.1166669 ], [ 93.7097204, 27.1178892 ], [ 93.7094521, 27.1187678 ], [ 93.7093234, 27.1197418 ] ] } },
{ "type": "Feature", "properties": { "osm_id": 157043605, "tags": { "name": "Pappu Nallah", "name:zh": "帕蒲河", "waterway": "river" }, "inside_district": true }, "geometry": { "type": "LineString", "coordinates": [ [ 93.6677384, 27.1084597 ], [ 93.6683762, 27.1076874 ], [ 93.6680369, 27.1070162 ], [ 93.66815, 27.1060094 ], [ 93.6693188, 27.104969 ], [ 93.670299, 27.103828 ], [ 93.6704498, 27.1028547 ], [ 93.6716939, 27.1029219 ], [ 93.6719201, 27.1038615 ], [ 93.6724856, 27.1038951 ], [ 93.672561, 27.1024856 ], [ 93.6725289, 27.1012505 ], [ 93.6722971, 27.0998678 ], [ 93.6722971, 27.0987603 ], [ 93.6730814, 27.0984522 ], [ 93.6733082, 27.0983631 ], [ 93.6735789, 27.0982568 ], [ 93.6736166, 27.0965787 ], [ 93.6743706, 27.0962767 ], [ 93.6749361, 27.0951355 ], [ 93.6761802, 27.095102 ], [ 93.6770647, 27.0948585 ], [ 93.6773113, 27.0933902 ], [ 93.6780276, 27.0928532 ], [ 93.679317, 27.0931208 ], [ 93.6798372, 27.0938601 ], [ 93.6799126, 27.0930546 ], [ 93.6807452, 27.0918686 ] ] } },
{ "type": "Feature", "properties": { "osm_id": 157043606, "tags": { "waterway": "stream" }, "inside_district": true }, "geometry": { "type": "LineString", "coordinates": [ [ 93.6835569, 27.1552864 ], [ 93.6909839, 27.1550516 ], [ 93.6961112, 27.1574668 ], [ 93.7016909, 27.1566953 ], [ 93.7039152, 27.15532 ], [ 93.7045184, 27.1523009 ], [ 93.7062149, 27.1517306 ], [ 93.7075721, 27.1525022 ], [ 93.7104751, 27.1502546 ], [ 93.7111473, 27.1492929 ], [ 93.7115335, 27.1484909 ], [ 93.7115496, 27.1480136 ], [ 93.7117192, 27.1462625 ], [ 93.7124355, 27.1431761 ], [ 93.7145844, 27.142807 ], [ 93.7160548, 27.1426728 ], [ 93.7163187, 27.1419012 ], [ 93.7158618, 27.1411238 ], [ 93.7153894, 27.1407165 ], [ 93.7119454, 27.1408947 ], [ 93.7104751, 27.140056 ], [ 93.7099473, 27.1372043 ], [ 93.7100227, 27.135359 ], [ 93.7100227, 27.1344196 ], [ 93.7110406, 27.1332117 ], [ 93.7118323, 27.1321045 ], [ 93.7132649, 27.1307256 ], [ 93.7146632, 27.1299125 ], [ 93.7151935, 27.1299098 ] ] } },
{ "type": "Feature", "properties": { "osm_id": 157584911, "tags": { "alt_name": "杭得拉河", "alt_name:zh": "杭得拉河", "alt_name:zh-Hans": "杭得拉河", "alt_name:zh-Hant": "杭得拉河", "name": "Panyor River", "name:en": "Panyor River", "name:zh": "哈姆得里河", "name:zh-Hans": "哈姆得里河", "name:zh-Hant": "哈姆得里河", "waterway": "river" }, "inside_district": true }, "geometry": { "type": "LineString", "coordinates": [ [ 93.8203178, 27.3430445 ], [ 93.8233206, 27.3439701 ], [ 93.8266396, 27.3452872 ], [ 93.8270831, 27.3472785 ], [ 93.8270616, 27.3486508 ], [ 93.8290787, 27.3484221 ], [ 93.8315995, 27.3471205 ], [ 93.833971, 27.3473929 ], [ 93.8352585, 27.3488605 ], [ 93.8361382, 27.3521386 ], [ 93.83789, 27.3526488 ], [ 93.8403654, 27.3515097 ], [ 93.8425048, 27.3505957 ], [ 93.8439703, 27.3520814 ], [ 93.8446742, 27.3544392 ], [ 93.8432193, 27.3572653 ], [ 93.8438201, 27.3592473 ], [ 93.8458586, 27.3607909 ], [ 93.846489, 27.3602738 ], [ 93.8474679, 27.3595903 ], [ 93.8497853, 27.3590948 ], [ 93.8508306, 27.3598565 ], [ 93.8519954, 27.3623155 ], [ 93.8537397, 27.3630605 ], [ 93.8565669, 27.3630573 ], [ 93.8578319, 27.3637829 ], [ 93.8581538, 27.3672511 ], [ 93.8584227, 27.3706418 ], [ 93.8596102, 27.3727887 ], [ 93.8626644, 27.3734125 ], [ 93.8651276, 27.3731202 ], [ 93.8666832, 27.3719198 ], [ 93.8683695, 27.3708607 ], [ 93.8699126, 27.3709765 ], [ 93.871392, 27.3723209 ], [ 93.8738608, 27.3749876 ], [ 93.8763925, 27.3766657 ], [ 93.8858971, 27.3784338 ], [ 93.8884785, 27.380726 ], [ 93.8942559, 27.3813809 ], [ 93.9007975, 27.3856644 ], [ 93.9012191, 27.3858153 ], [ 93.9017163, 27.3859932 ] ] } },
{ "type": "Feature", "properties": { "osm_id": 157598143, "tags": { "waterway": "stream" }, "inside_district": true }, "geometry": { "type": "LineString", "coordinates": [ [ 94.0493556, 27.3662366 ], [ 94.0589784, 27.3616689 ], [ 94.0657808, 27.3510592 ], [ 94.0687672, 27.3411854 ], [ 94.0785559, 27.3363219 ], [ 94.0836429, 27.3326278 ], [ 94.0851923, 27.326889 ], [ 94.0943174, 27.323204 ], [ 94.1002902, 27.3211404 ], [ 94.1070926, 27.3233514 ], [ 94.1206973, 27.320993 ], [ 94.1311496, 27.3184871 ], [ 94.1394452, 27.316276 ], [ 94.1419338, 27.3081682 ], [ 94.1517226, 27.3055146 ], [ 94.1545916, 27.302184 ], [ 94.1557634, 27.3020605 ], [ 94.1605889, 27.2975692 ], [ 94.16126, 27.2936886 ], [ 94.1595264, 27.2827412 ], [ 94.1619572, 27.2771858 ], [ 94.1589137, 27.2692901 ], [ 94.1541037, 27.2640761 ], [ 94.154221, 27.2571932 ], [ 94.1573886, 27.2503098 ], [ 94.1616216, 27.2502874 ], [ 94.16607, 27.249997 ], [ 94.17088, 27.2450949 ], [ 94.1731212, 27.2373717 ], [ 94.1745895, 27.2376666 ], [ 94.1756484, 27.2378173 ], [ 94.1762061, 27.2380997 ], [ 94.1765378, 27.2381499 ], [ 94.1770673, 27.2380307 ], [ 94.1779285, 27.238106 ], [ 94.1810698, 27.237403 ], [ 94.1814863, 27.2374344 ], [ 94.182171, 27.2375725 ], [ 94.183011, 27.237403 ], [ 94.1836605, 27.2370327 ], [ 94.1844944, 27.2362598 ], [ 94.1858357, 27.2358707 ], [ 94.1866263, 27.2354941 ], [ 94.1873392, 27.2349292 ], [ 94.1878828, 27.2347849 ], [ 94.1895455, 27.234031 ], [ 94.1921571, 27.2334412 ] ] } },
{ "type": "Feature", "properties": { "osm_id": 158014361, "tags": { "waterway": "stream" }, "inside_district": true }, "geometry": { "type": "LineString", "coordinates": [ [ 93.5550941, 26.957526 ], [ 93.5611785, 26.9536522 ], [ 93.5651768, 26.9434245 ], [ 93.5684798, 26.9373805 ], [ 93.5705659, 26.9265314 ], [ 93.5839517, 26.9175413 ], [ 93.5898623, 26.9087056 ], [ 93.5919484, 26.9020395 ], [ 93.5973375, 26.8935127 ], [ 93.6023789, 26.8907219 ], [ 93.6052272, 26.8858791 ], [ 93.6052977, 26.8857505 ] ] } },
{ "type": "Feature", "properties": { "osm_id": 158014363, "tags": { "waterway": "stream" }, "inside_district": true }, "geometry": { "type": "LineString", "coordinates": [ [ 93.5403114, 26.9577976 ], [ 93.5368346, 26.9498948 ], [ 93.5307502, 26.9395118 ], [ 93.5310979, 26.9330026 ], [ 93.5359654, 26.9280429 ], [ 93.5364869, 26.921378 ], [ 93.5413545, 26.9178129 ], [ 93.5465697, 26.9109924 ], [ 93.5538711, 26.8990556 ], [ 93.5559572, 26.8880477 ], [ 93.5634323, 26.8806052 ], [ 93.5671848, 26.8695281 ], [ 93.5709955, 26.863168 ], [ 93.5716258, 26.8625375 ] ] } },
{ "type": "Feature", "properties": { "osm_id": 158014366, "tags": { "waterway": "river" }, "inside_district": true }, "geometry": { "type": "LineString", "coordinates": [ [ 93.6777971, 27.0025553 ], [ 93.684822, 27.0034316 ], [ 93.687913, 26.9994257 ], [ 93.6926899, 26.9946686 ], [ 93.6980288, 26.9945434 ], [ 93.7072167, 26.9886781 ], [ 93.7131092, 26.9845326 ], [ 93.7168556, 26.9810219 ], [ 93.7227565, 26.9752623 ], [ 93.7263564, 26.9696763 ], [ 93.7290877, 26.9637437 ], [ 93.7317173, 26.9580614 ], [ 93.7388577, 26.9468981 ], [ 93.741121, 26.9439472 ], [ 93.7447907, 26.941848 ], [ 93.745104, 26.9409285 ], [ 93.7524017, 26.9276716 ], [ 93.7519802, 26.9232872 ], [ 93.7518397, 26.9145179 ], [ 93.7499469, 26.9094659 ], [ 93.7491496, 26.9054587 ], [ 93.7476276, 26.9040368 ], [ 93.7399211, 26.8976186 ], [ 93.7321993, 26.8976146 ], [ 93.7321685, 26.897113 ], [ 93.7278971, 26.8874499 ], [ 93.7261545, 26.8836101 ], [ 93.7193895, 26.8793131 ], [ 93.7124387, 26.8785208 ], [ 93.710752, 26.878571 ], [ 93.7047318, 26.8746503 ], [ 93.7019643, 26.8719987 ], [ 93.6959856, 26.8679021 ], [ 93.695871, 26.8671398 ], [ 93.6958539, 26.8669905 ], [ 93.695794, 26.8669029 ], [ 93.6956828, 26.8668881 ], [ 93.6955542, 26.8668915 ], [ 93.695288, 26.8668449 ], [ 93.6951193, 26.8667591 ], [ 93.694588, 26.8661372 ], [ 93.6942541, 26.8655904 ], [ 93.6940927, 26.8654123 ], [ 93.6939092, 26.8652963 ], [ 93.6937337, 26.8652654 ], [ 93.6935957, 26.8652577 ], [ 93.6905866, 26.8618492 ], [ 93.6779374, 26.8560081 ], [ 93.6760556, 26.8563036 ], [ 93.6746718, 26.8560005 ], [ 93.6733112, 26.8541364 ], [ 93.6728463, 26.8524137 ], [ 93.6725977, 26.8514503 ], [ 93.6724333, 26.8511614 ], [ 93.6720365, 26.8511766 ], [ 93.6715859, 26.8514453 ], [ 93.671156, 26.8515908 ], [ 93.6709032, 26.8511473 ], [ 93.670729, 26.8505772 ], [ 93.6703543, 26.8505381 ], [ 93.6693782, 26.8510591 ], [ 93.6688894, 26.8507181 ], [ 93.6678459, 26.8504103 ], [ 93.6669324, 26.8493913 ], [ 93.6671725, 26.8482056 ] ] } },
{ "type": "Feature", "properties": { "osm_id": 158014369, "tags": { "name": "Holongi River", "name:en": "Holongi River", "waterway": "river" }, "inside_district": true }, "geometry": { "type": "LineString", "coordinates": [ [ 93.6237609, 27.0311756 ], [ 93.6238521, 27.0308602 ], [ 93.6238199, 27.0306834 ], [ 93.6237073, 27.0305066 ], [ 93.6235517, 27.0303155 ], [ 93.6234981, 27.0300861 ], [ 93.6234981, 27.0299714 ], [ 93.6236912, 27.0290349 ], [ 93.6236858, 27.0276156 ], [ 93.6237717, 27.0273337 ], [ 93.6238736, 27.0271808 ], [ 93.6241364, 27.0268128 ], [ 93.6243027, 27.0265452 ], [ 93.6242706, 27.026335 ], [ 93.6242223, 27.0262442 ], [ 93.6241472, 27.0261582 ], [ 93.6228436, 27.0249778 ], [ 93.6226666, 27.0246911 ], [ 93.6225861, 27.024261 ], [ 93.6224627, 27.0241272 ], [ 93.6220121, 27.0239313 ], [ 93.6218405, 27.0237832 ], [ 93.6218244, 27.0233292 ], [ 93.6217171, 27.022966 ], [ 93.6212182, 27.0224547 ], [ 93.6209339, 27.0222683 ], [ 93.6205691, 27.0222492 ], [ 93.6204565, 27.0222157 ], [ 93.6201614, 27.0219529 ], [ 93.6200541, 27.0219959 ], [ 93.6199897, 27.0220724 ], [ 93.6197752, 27.0224594 ], [ 93.6196464, 27.0224977 ], [ 93.6195391, 27.0224594 ], [ 93.6189491, 27.0224833 ], [ 93.6188418, 27.0224594 ], [ 93.6186165, 27.0223591 ], [ 93.6185843, 27.022254 ], [ 93.6184984, 27.0220771 ], [ 93.6184931, 27.0219433 ], [ 93.6185682, 27.0217331 ], [ 93.6187398, 27.0215276 ], [ 93.6188042, 27.0213269 ], [ 93.618772, 27.0207247 ], [ 93.6188686, 27.0197642 ], [ 93.6189544, 27.0195635 ], [ 93.6189973, 27.0193723 ], [ 93.6189544, 27.019162 ], [ 93.6188578, 27.0189709 ], [ 93.6188578, 27.0181489 ], [ 93.6188042, 27.0177762 ], [ 93.6187076, 27.0176041 ], [ 93.618536, 27.0173938 ], [ 93.6183107, 27.0172983 ], [ 93.6179244, 27.0169159 ], [ 93.6179995, 27.0167152 ], [ 93.6181819, 27.0164858 ], [ 93.6181712, 27.0162947 ], [ 93.6180103, 27.0161608 ], [ 93.6177957, 27.0160748 ], [ 93.6176348, 27.0159315 ], [ 93.6173987, 27.0155396 ], [ 93.6172593, 27.0153771 ], [ 93.6167335, 27.0148896 ], [ 93.6162507, 27.0143448 ], [ 93.61624, 27.0138764 ], [ 93.6159933, 27.0132552 ], [ 93.6152208, 27.0126625 ], [ 93.6149418, 27.0122706 ], [ 93.6149096, 27.0110854 ], [ 93.614341, 27.0098237 ], [ 93.6144698, 27.0092406 ], [ 93.6145449, 27.0082751 ], [ 93.6136651, 27.0066979 ], [ 93.6131287, 27.0061531 ], [ 93.6130214, 27.0059715 ], [ 93.613075, 27.0057707 ], [ 93.6132252, 27.0056082 ], [ 93.6133003, 27.005417 ], [ 93.6133003, 27.0049964 ], [ 93.6133861, 27.0044611 ], [ 93.6133861, 27.0042413 ], [ 93.613354, 27.0040023 ], [ 93.6131287, 27.0036295 ], [ 93.6129677, 27.0034479 ], [ 93.612839, 27.0032376 ], [ 93.612839, 27.0030368 ], [ 93.6129892, 27.0028839 ], [ 93.6130106, 27.0026831 ], [ 93.6129784, 27.0024824 ], [ 93.6127317, 27.0021191 ], [ 93.6129463, 27.0019662 ], [ 93.6137831, 27.0016125 ], [ 93.614341, 27.0008764 ], [ 93.6145019, 27.0006088 ], [ 93.614577, 27.0003315 ], [ 93.6144805, 27.0001021 ], [ 93.6144805, 26.9999014 ], [ 93.6146951, 26.999605 ], [ 93.6149204, 26.9986586 ], [ 93.6151886, 26.9982858 ], [ 93.6155319, 26.9974828 ], [ 93.6159396, 26.9971387 ], [ 93.6162615, 26.9968136 ], [ 93.616476, 26.9964695 ], [ 93.6160254, 26.9961636 ], [ 93.6155963, 26.9961636 ], [ 93.6151027, 26.9962592 ], [ 93.6146092, 26.9962592 ], [ 93.614223, 26.9960871 ], [ 93.6139011, 26.995762 ], [ 93.6139226, 26.9949017 ], [ 93.6145448, 26.9937736 ], [ 93.6141372, 26.9936397 ], [ 93.613708, 26.9936015 ], [ 93.6126137, 26.9934103 ], [ 93.6121416, 26.9932573 ], [ 93.6126137, 26.9925499 ], [ 93.6122918, 26.9922249 ], [ 93.6118626, 26.9922249 ], [ 93.6111116, 26.9916704 ], [ 93.6108756, 26.9913262 ], [ 93.6109614, 26.9909438 ], [ 93.6110902, 26.9905614 ], [ 93.610897, 26.9902172 ], [ 93.6104893, 26.9900642 ], [ 93.6101031, 26.9902555 ], [ 93.6095667, 26.9904658 ], [ 93.6090946, 26.990504 ], [ 93.6085796, 26.9904849 ], [ 93.6081934, 26.9903128 ], [ 93.6077857, 26.9901598 ], [ 93.6074424, 26.989873 ], [ 93.6073136, 26.9894333 ], [ 93.6070776, 26.9889935 ], [ 93.6067128, 26.9886493 ], [ 93.6055755, 26.9881522 ], [ 93.6052108, 26.9878462 ], [ 93.6049533, 26.9875021 ], [ 93.6047387, 26.9871388 ], [ 93.6046958, 26.9867563 ], [ 93.6046958, 26.9862018 ], [ 93.6047816, 26.9857429 ], [ 93.6049962, 26.9853414 ], [ 93.6051893, 26.9849972 ], [ 93.6054039, 26.9846147 ], [ 93.6054647, 26.9841858 ], [ 93.6057341, 26.983426 ], [ 93.6066301, 26.982984 ], [ 93.6070825, 26.9827064 ], [ 93.6076461, 26.982249 ], [ 93.6073136, 26.9818803 ], [ 93.6068845, 26.9817082 ], [ 93.6064553, 26.9817082 ], [ 93.6052751, 26.9815744 ], [ 93.6043095, 26.9814788 ], [ 93.6038804, 26.9813258 ], [ 93.6035371, 26.9810772 ], [ 93.6032581, 26.980733 ], [ 93.6031294, 26.9802167 ], [ 93.603065, 26.979796 ], [ 93.6028933, 26.9793562 ], [ 93.6024427, 26.9791458 ], [ 93.6016917, 26.9790311 ], [ 93.6012625, 26.9787634 ], [ 93.6010909, 26.9783809 ], [ 93.6010694, 26.9779602 ], [ 93.6009621, 26.9775778 ], [ 93.6001038, 26.976832 ], [ 93.5999965, 26.9763731 ], [ 93.6000824, 26.975895 ], [ 93.6017131, 26.9741739 ], [ 93.6024998, 26.9725693 ], [ 93.601799, 26.9704257 ], [ 93.6013269, 26.9672893 ], [ 93.6030006, 26.9648031 ], [ 93.6045456, 26.9646118 ], [ 93.6071634, 26.9645736 ], [ 93.6089229, 26.9643058 ], [ 93.6127129, 26.9657728 ], [ 93.6141586, 26.9663713 ], [ 93.618021, 26.9646118 ], [ 93.6203787, 26.963408 ], [ 93.621072, 26.9630669 ], [ 93.6233425, 26.9608633 ], [ 93.6259603, 26.9581474 ], [ 93.6268186, 26.9571529 ], [ 93.6288356, 26.955202 ], [ 93.6292648, 26.9538249 ], [ 93.6288786, 26.9519887 ], [ 93.6284065, 26.9507645 ], [ 93.6295223, 26.9491196 ], [ 93.6298227, 26.9477041 ], [ 93.6327838, 26.9452557 ], [ 93.6364746, 26.9394024 ], [ 93.6405944, 26.9345052 ], [ 93.6425256, 26.9306026 ], [ 93.6431694, 26.9252458 ], [ 93.6431264, 26.9185878 ], [ 93.6437273, 26.9102839 ], [ 93.6410236, 26.9065335 ], [ 93.6398649, 26.905462 ], [ 93.6395996, 26.9041457 ], [ 93.6402082, 26.9030988 ], [ 93.6417854, 26.9016445 ], [ 93.6432161, 26.8991211 ], [ 93.6466205, 26.8946277 ], [ 93.6474375, 26.890377 ], [ 93.6417182, 26.8873406 ], [ 93.6394032, 26.8829682 ], [ 93.6374968, 26.8659627 ], [ 93.63845, 26.8578234 ], [ 93.6368159, 26.851506 ], [ 93.6334115, 26.8445807 ], [ 93.6339562, 26.8400851 ], [ 93.6291901, 26.8399636 ], [ 93.6252988, 26.8356872 ], [ 93.6240154, 26.8302427 ], [ 93.6189769, 26.8270833 ], [ 93.612032, 26.8128647 ], [ 93.6132576, 26.8056939 ], [ 93.609717, 26.8005891 ], [ 93.605768, 26.7962133 ], [ 93.6078106, 26.792202 ], [ 93.6084915, 26.788069 ], [ 93.6048782, 26.7868874 ], [ 93.6035478, 26.7861116 ], [ 93.602432, 26.7854508 ], [ 93.6015844, 26.7848378 ], [ 93.6008549, 26.7842727 ], [ 93.6005759, 26.783698 ], [ 93.6004364, 26.7830851 ] ] } },
{ "type": "Feature", "properties": { "osm_id": 158014372, "tags": { "waterway": "stream" }, "inside_district": true }, "geometry": { "type": "LineString", "coordinates": [ [ 93.7052283, 27.0264096 ], [ 93.7074763, 27.0236562 ], [ 93.7106315, 27.019492 ], [ 93.7109651, 27.0182557 ], [ 93.7110022, 27.0110294 ], [ 93.7110072, 27.0086741 ], [ 93.710306, 27.0064982 ], [ 93.7095634, 27.004142 ], [ 93.7076168, 26.9973698 ], [ 93.7053688, 26.9949912 ], [ 93.7072167, 26.9886781 ] ] } },
{ "type": "Feature", "properties": { "osm_id": 158014846, "tags": { "waterway": "stream" }, "inside_district": true }, "geometry": { "type": "LineString", "coordinates": [ [ 93.7262892, 27.1522481 ], [ 93.7261663, 27.1515781 ], [ 93.7264583, 27.1508125 ], [ 93.7263353, 27.1501015 ], [ 93.7262892, 27.1491308 ], [ 93.7271651, 27.1486112 ], [ 93.7278719, 27.1486249 ], [ 93.7287477, 27.1483104 ], [ 93.7285633, 27.147326 ], [ 93.7292241, 27.1466423 ], [ 93.7296827, 27.1463106 ], [ 93.7295904, 27.1461317 ], [ 93.7295034, 27.1455903 ], [ 93.7296393, 27.1451214 ], [ 93.7297099, 27.144725 ], [ 93.7297316, 27.1444784 ], [ 93.7299435, 27.1443914 ], [ 93.7302912, 27.1444784 ], [ 93.730704, 27.1442029 ], [ 93.7309811, 27.143937 ], [ 93.7311006, 27.1435309 ], [ 93.7312256, 27.1431007 ], [ 93.7317471, 27.1429557 ], [ 93.732638, 27.1429363 ], [ 93.733442, 27.1425689 ], [ 93.7335941, 27.1421435 ], [ 93.7340505, 27.1418244 ], [ 93.7344742, 27.1421242 ], [ 93.7348219, 27.1418244 ], [ 93.7352022, 27.1417761 ], [ 93.7358758, 27.1415344 ], [ 93.7363539, 27.1416988 ], [ 93.7369297, 27.1417278 ], [ 93.7368211, 27.1412347 ], [ 93.7371603, 27.1411156 ], [ 93.7376251, 27.1409833 ], [ 93.7385486, 27.1410316 ], [ 93.7392766, 27.1410606 ], [ 93.7402436, 27.141138 ], [ 93.7409498, 27.1408479 ], [ 93.7417104, 27.1407706 ], [ 93.7424275, 27.1406255 ], [ 93.7441007, 27.1405869 ], [ 93.7449761, 27.1410984 ] ] } },
{ "type": "Feature", "properties": { "osm_id": 327054424, "tags": { "name": "Diju", "name:en": "Diju", "source": "bing", "waterway": "river" }, "inside_district": true }, "geometry": { "type": "LineString", "coordinates": [ [ 93.9561264, 27.3103739 ], [ 93.9562625, 27.3101747 ], [ 93.9566949, 27.3101533 ], [ 93.9571834, 27.3101035 ], [ 93.9573355, 27.3098331 ], [ 93.9571914, 27.3084813 ], [ 93.9573275, 27.3080686 ], [ 93.9575597, 27.3079191 ], [ 93.9579361, 27.3080401 ], [ 93.9581923, 27.3081397 ], [ 93.9584086, 27.3079405 ], [ 93.9584086, 27.3076061 ], [ 93.9581203, 27.3072717 ], [ 93.9576238, 27.3071365 ], [ 93.9571433, 27.3073357 ], [ 93.9568871, 27.3071792 ], [ 93.9568479, 27.3069895 ], [ 93.956815, 27.3068305 ], [ 93.9570232, 27.3066099 ], [ 93.9582644, 27.3065459 ], [ 93.9585607, 27.3065103 ], [ 93.9586007, 27.306183 ], [ 93.9583045, 27.305628 ], [ 93.9584246, 27.3053363 ], [ 93.9595777, 27.3049307 ], [ 93.9604585, 27.3045821 ], [ 93.960713, 27.3041375 ], [ 93.9607148, 27.3033568 ], [ 93.9610432, 27.3031878 ], [ 93.9616917, 27.3033795 ], [ 93.9623563, 27.3048951 ], [ 93.9627729, 27.3050635 ], [ 93.9634053, 27.304269 ], [ 93.9653661, 27.3034343 ], [ 93.9664173, 27.3037048 ], [ 93.9674643, 27.3048918 ], [ 93.9690147, 27.3066384 ], [ 93.9693192, 27.3067229 ], [ 93.9698355, 27.3068661 ], [ 93.9714655, 27.3062748 ], [ 93.9769562, 27.3031577 ], [ 93.9817182, 27.2995887 ], [ 93.9877174, 27.2965768 ], [ 93.9891579, 27.2944534 ], [ 93.994208, 27.2950558 ], [ 93.9993598, 27.2934594 ], [ 94.0057827, 27.2951462 ], [ 94.0082399, 27.2986099 ], [ 94.011731, 27.300176 ], [ 94.0137867, 27.2998565 ], [ 94.0142163, 27.2998351 ], [ 94.0158361, 27.3004759 ] ] } },
{ "type": "Feature", "properties": { "osm_id": 329486185, "tags": { "name": "Dikrong River", "name:en": "Dikrong River", "name:zh": "迪克朗河", "name:zh-Hans": "迪克朗河", "name:zh-Hant": "迪克朗河", "waterway": "river" }, "inside_district": true }, "geometry": { "type": "LineString", "coordinates": [ [ 93.7482071, 27.1385446 ], [ 93.7487861, 27.1382681 ], [ 93.7497612, 27.1376248 ], [ 93.7525997, 27.1360279 ], [ 93.7536379, 27.1355029 ], [ 93.7540353, 27.135302 ], [ 93.7563844, 27.1333711 ], [ 93.7576568, 27.1325871 ], [ 93.7584562, 27.1317306 ], [ 93.7589129, 27.1309901 ], [ 93.7598428, 27.1291463 ], [ 93.7604953, 27.1274476 ], [ 93.7608379, 27.1256908 ], [ 93.7611479, 27.1240937 ], [ 93.761882, 27.1235275 ], [ 93.7621267, 27.1233242 ], [ 93.7627466, 27.1230629 ], [ 93.7645573, 27.1232952 ], [ 93.7653241, 27.1237307 ], [ 93.7661561, 27.1245583 ], [ 93.7673143, 27.1255021 ], [ 93.7710011, 27.1275783 ], [ 93.7726161, 27.1279848 ], [ 93.7742475, 27.1279848 ], [ 93.7752589, 27.1279703 ], [ 93.7770533, 27.1279558 ], [ 93.7780648, 27.1288559 ], [ 93.7792556, 27.1292189 ], [ 93.7808707, 27.1304094 ], [ 93.7825836, 27.131658 ], [ 93.7838886, 27.1323839 ], [ 93.7872818, 27.1312224 ], [ 93.7887174, 27.1294367 ], [ 93.7892557, 27.1288559 ], [ 93.7898919, 27.1282752 ], [ 93.7924205, 27.12813 ], [ 93.7948185, 27.1284784 ], [ 93.7984727, 27.128885 ], [ 93.8004303, 27.1286962 ], [ 93.8019801, 27.1283333 ], [ 93.8038398, 27.1273895 ], [ 93.8065804, 27.125836 ], [ 93.8088969, 27.1253569 ], [ 93.8106588, 27.1245729 ], [ 93.8157159, 27.1235856 ], [ 93.8166784, 27.1231064 ], [ 93.8182118, 27.1213786 ], [ 93.8183913, 27.1206091 ], [ 93.8189272, 27.118501 ], [ 93.819354, 27.1172997 ], [ 93.8201499, 27.1164475 ], [ 93.8217994, 27.1158726 ], [ 93.8243603, 27.1150512 ], [ 93.8262636, 27.1150306 ], [ 93.8274978, 27.1140347 ], [ 93.8277632, 27.1127718 ], [ 93.8278439, 27.1118271 ], [ 93.8285077, 27.1113864 ], [ 93.8292897, 27.1109091 ], [ 93.8313675, 27.1091987 ], [ 93.8334901, 27.1071502 ], [ 93.8350988, 27.105579 ], [ 93.8376012, 27.1037492 ], [ 93.8405281, 27.1026752 ], [ 93.8424719, 27.1025161 ], [ 93.8461584, 27.1017404 ], [ 93.8512973, 27.1017006 ], [ 93.853009, 27.1028581 ], [ 93.8537857, 27.1029561 ], [ 93.8581207, 27.1042516 ], [ 93.8585799, 27.1042481 ], [ 93.8588098, 27.1041993 ], [ 93.8621496, 27.102841 ], [ 93.8632059, 27.1023172 ], [ 93.8641667, 27.1014222 ], [ 93.8651051, 27.0998907 ], [ 93.8656413, 27.0979812 ], [ 93.8655575, 27.0965396 ], [ 93.8655072, 27.095674 ], [ 93.865619, 27.0925312 ], [ 93.8662222, 27.0906614 ], [ 93.8668925, 27.0896072 ], [ 93.8674287, 27.0890303 ], [ 93.8686352, 27.0884336 ], [ 93.8700875, 27.087976 ], [ 93.8716962, 27.0874787 ], [ 93.8746454, 27.0861858 ], [ 93.87755, 27.0857879 ], [ 93.8805662, 27.0855492 ], [ 93.8825994, 27.0852707 ], [ 93.8860849, 27.0855094 ], [ 93.8893023, 27.0862852 ], [ 93.8919387, 27.0858675 ], [ 93.8940836, 27.0853503 ], [ 93.8962508, 27.0847137 ], [ 93.8987532, 27.0836196 ], [ 93.9009875, 27.0821277 ], [ 93.9014186, 27.0818144 ], [ 93.9040261, 27.0799195 ], [ 93.9079584, 27.0756424 ], [ 93.9108084, 27.0703323 ], [ 93.9115234, 27.0694072 ], [ 93.9121489, 27.0685815 ], [ 93.9127187, 27.068313 ], [ 93.9136347, 27.0679946 ], [ 93.9160919, 27.0672644 ], [ 93.9205596, 27.0640763 ], [ 93.923436, 27.0587352 ], [ 93.9247825, 27.0539934 ], [ 93.9255169, 27.0517587 ], [ 93.9266797, 27.0488698 ], [ 93.9272305, 27.0468531 ], [ 93.9283321, 27.0448907 ], [ 93.929801, 27.0427104 ], [ 93.930719, 27.0402574 ], [ 93.9302294, 27.036169 ], [ 93.9292095, 27.0340213 ], [ 93.9290871, 27.0322632 ], [ 93.9289953, 27.0303143 ], [ 93.9276489, 27.0282427 ], [ 93.9260423, 27.025694 ], [ 93.9258281, 27.0229271 ], [ 93.9255833, 27.0216596 ], [ 93.9252314, 27.0207054 ], [ 93.9250631, 27.0197377 ], [ 93.9257669, 27.0185791 ], [ 93.9267155, 27.0170661 ], [ 93.9265931, 27.0140401 ], [ 93.9275571, 27.0120227 ], [ 93.9284904, 27.0097599 ], [ 93.9289188, 27.0070881 ], [ 93.9289341, 27.0058476 ], [ 93.9290106, 27.004757 ], [ 93.9289341, 27.0037619 ], [ 93.9301428, 27.00079 ], [ 93.9309843, 26.9986906 ], [ 93.9314433, 26.9975318 ], [ 93.9326062, 26.9953232 ], [ 93.9337996, 26.9946415 ], [ 93.9351001, 26.9942053 ], [ 93.9374411, 26.9939735 ], [ 93.9385427, 26.9935645 ], [ 93.9392618, 26.9926238 ], [ 93.9403175, 26.9898016 ], [ 93.9414957, 26.9890926 ], [ 93.9436683, 26.9878928 ], [ 93.9465601, 26.9854659 ], [ 93.9480748, 26.9840752 ], [ 93.9505687, 26.9823572 ], [ 93.9537971, 26.9811574 ], [ 93.9556637, 26.9807619 ], [ 93.9612178, 26.9803529 ], [ 93.9624112, 26.980312 ], [ 93.9656243, 26.9798757 ], [ 93.9674144, 26.9798348 ], [ 93.969587, 26.980312 ], [ 93.9709029, 26.9808165 ], [ 93.9739782, 26.9831889 ], [ 93.9747432, 26.9838161 ], [ 93.9771454, 26.9854932 ], [ 93.9798536, 26.9857522 ], [ 93.982271, 26.9857113 ], [ 93.9853244, 26.9855876 ], [ 93.9884732, 26.9849614 ], [ 93.9920119, 26.9832401 ], [ 93.9938908, 26.9814287 ], [ 93.9944594, 26.9792171 ], [ 93.993855, 26.9765587 ], [ 93.9929106, 26.9740463 ], [ 93.9924154, 26.973125 ], [ 93.9911771, 26.9719566 ], [ 93.9900008, 26.9701706 ], [ 93.9877401, 26.9649479 ], [ 93.9876113, 26.9627773 ], [ 93.9897436, 26.959955 ], [ 93.9922675, 26.9574295 ] ] } },
{ "type": "Feature", "properties": { "osm_id": 329489967, "tags": { "alt_name": "杭得拉河", "alt_name:zh": "杭得拉河", "alt_name:zh-Hans": "杭得拉河", "alt_name:zh-Hant": "杭得拉河", "name": "Panyor River", "name:en": "Panyor River", "name:zh": "哈姆得里河", "name:zh-Hans": "哈姆得里河", "name:zh-Hant": "哈姆得里河", "waterway": "river" }, "inside_district": true }, "geometry": { "type": "LineString", "coordinates": [ [ 93.9017163, 27.3859932 ], [ 93.9024486, 27.3862683 ], [ 93.9034061, 27.3863516 ], [ 93.9039976, 27.386385 ], [ 93.9053682, 27.3857765 ], [ 93.9057155, 27.3857014 ], [ 93.9062507, 27.3857515 ], [ 93.9071988, 27.3862933 ], [ 93.9074054, 27.3865267 ], [ 93.9077715, 27.3868351 ], [ 93.908316, 27.3870852 ], [ 93.9088793, 27.3872186 ], [ 93.9091327, 27.3871019 ], [ 93.9093017, 27.3866017 ], [ 93.909283, 27.3860432 ], [ 93.9092642, 27.3856514 ], [ 93.9093674, 27.384376 ], [ 93.9093674, 27.3839009 ], [ 93.9093581, 27.383159 ], [ 93.9094707, 27.3822004 ], [ 93.9095928, 27.3817002 ], [ 93.9096585, 27.3810083 ], [ 93.9096397, 27.3803581 ], [ 93.9098368, 27.3798412 ], [ 93.9101185, 27.3795078 ], [ 93.9107005, 27.3791576 ], [ 93.9117707, 27.3787908 ], [ 93.9126626, 27.3788909 ], [ 93.9133761, 27.3789409 ], [ 93.9138361, 27.3789659 ], [ 93.9150471, 27.3787242 ], [ 93.9157888, 27.3783824 ], [ 93.9161737, 27.3781073 ], [ 93.9164835, 27.3775904 ], [ 93.9167745, 27.3763649 ], [ 93.9176288, 27.3754813 ], [ 93.9180325, 27.3749477 ], [ 93.9190651, 27.3744392 ], [ 93.9192905, 27.3743475 ], [ 93.919835, 27.3738056 ], [ 93.9204546, 27.3733304 ], [ 93.9209803, 27.3727135 ], [ 93.9214497, 27.3723217 ], [ 93.9218252, 27.3720049 ], [ 93.922473, 27.3715463 ], [ 93.922933, 27.3713129 ], [ 93.9236183, 27.3711045 ], [ 93.9247261, 27.3706209 ], [ 93.9250077, 27.3701624 ], [ 93.9254677, 27.3696539 ], [ 93.9257306, 27.3693204 ], [ 93.9261436, 27.3686534 ], [ 93.9264628, 27.3680781 ], [ 93.9266881, 27.367753 ], [ 93.92712, 27.3672278 ], [ 93.9275706, 27.3668192 ], [ 93.9282465, 27.366269 ], [ 93.92942, 27.3651184 ], [ 93.9296641, 27.3648016 ], [ 93.9298519, 27.3643014 ], [ 93.9300959, 27.3637261 ], [ 93.9301804, 27.3625338 ], [ 93.9301147, 27.3618418 ], [ 93.9306686, 27.3603077 ], [ 93.9307813, 27.3598991 ], [ 93.9311098, 27.3595823 ], [ 93.9314478, 27.3593572 ], [ 93.9319454, 27.3591904 ], [ 93.9324899, 27.3591654 ], [ 93.9332597, 27.3594072 ], [ 93.9346209, 27.3600242 ], [ 93.935034, 27.3601159 ], [ 93.9356911, 27.3600992 ], [ 93.9361324, 27.3600575 ], [ 93.936536, 27.3599241 ], [ 93.9370054, 27.359649 ], [ 93.9375124, 27.3582316 ], [ 93.937503, 27.3578147 ], [ 93.9373997, 27.3570309 ], [ 93.9371838, 27.3560303 ], [ 93.9373058, 27.3555301 ], [ 93.9376626, 27.3551632 ], [ 93.9381226, 27.354788 ], [ 93.9387704, 27.3544794 ], [ 93.9399063, 27.3543377 ], [ 93.9404039, 27.3543544 ], [ 93.9409014, 27.3543711 ], [ 93.9422251, 27.3549464 ], [ 93.94261, 27.3552466 ], [ 93.9430325, 27.3558803 ], [ 93.9438962, 27.3565806 ], [ 93.9443843, 27.3569725 ], [ 93.9447692, 27.3571893 ], [ 93.9452762, 27.3570893 ], [ 93.9458488, 27.3566307 ], [ 93.9462431, 27.356072 ], [ 93.9468627, 27.3554383 ], [ 93.9471819, 27.3549797 ], [ 93.9491534, 27.3534622 ], [ 93.9497073, 27.3528618 ], [ 93.9506179, 27.3522615 ], [ 93.9514065, 27.3515777 ], [ 93.952242, 27.3511108 ], [ 93.9534343, 27.349885 ], [ 93.9539131, 27.3494514 ], [ 93.9543918, 27.3492179 ], [ 93.9547204, 27.3492596 ], [ 93.9551335, 27.3497183 ], [ 93.9552461, 27.3512192 ], [ 93.9559127, 27.3515694 ], [ 93.9567576, 27.3515861 ], [ 93.957227, 27.3513776 ], [ 93.9576119, 27.3511191 ], [ 93.9583817, 27.3507356 ], [ 93.9592735, 27.3499267 ], [ 93.9596209, 27.3497099 ], [ 93.9604001, 27.3496682 ], [ 93.9609634, 27.3496349 ], [ 93.9620054, 27.3495265 ], [ 93.9632071, 27.3492013 ], [ 93.9644744, 27.3493347 ], [ 93.9657512, 27.349368 ], [ 93.9666806, 27.3494264 ], [ 93.9673284, 27.3492763 ], [ 93.9685582, 27.3489511 ], [ 93.96945, 27.3486759 ], [ 93.9698631, 27.3484758 ], [ 93.9703137, 27.3484341 ], [ 93.9711211, 27.3490428 ], [ 93.9713088, 27.3493097 ], [ 93.9718158, 27.3495515 ], [ 93.9721444, 27.3496766 ], [ 93.9724823, 27.3494431 ], [ 93.9726607, 27.3490178 ], [ 93.9728109, 27.3485425 ], [ 93.9729987, 27.3482757 ], [ 93.9732146, 27.3480172 ], [ 93.9734211, 27.3478337 ], [ 93.9736277, 27.3476336 ], [ 93.974482, 27.3473334 ], [ 93.9754958, 27.3471583 ], [ 93.9761248, 27.3470749 ], [ 93.9766975, 27.3470916 ], [ 93.9772326, 27.3471833 ], [ 93.9777489, 27.3474919 ], [ 93.9780212, 27.3478421 ], [ 93.9783028, 27.3481506 ], [ 93.9785657, 27.3482757 ], [ 93.9790351, 27.3480672 ], [ 93.9790069, 27.346733 ], [ 93.9789037, 27.3459075 ], [ 93.9792228, 27.3451403 ], [ 93.979542, 27.3448234 ], [ 93.9800208, 27.344665 ], [ 93.9804527, 27.3446984 ], [ 93.9808094, 27.3449068 ], [ 93.9811098, 27.3451653 ], [ 93.9813351, 27.3455322 ], [ 93.9814947, 27.3460409 ], [ 93.981429, 27.3470499 ], [ 93.9810863, 27.3483184 ], [ 93.9816168, 27.3488094 ], [ 93.9819829, 27.3494598 ], [ 93.982227, 27.3497016 ], [ 93.9824711, 27.34991 ], [ 93.982856, 27.3499517 ], [ 93.983269, 27.3496349 ], [ 93.9835413, 27.3493097 ], [ 93.9844425, 27.3483758 ], [ 93.9850809, 27.3475836 ], [ 93.985278, 27.3471583 ], [ 93.9856911, 27.3464328 ], [ 93.9859164, 27.3458908 ], [ 93.9861699, 27.3449902 ], [ 93.9862262, 27.3445316 ], [ 93.9861042, 27.3435809 ], [ 93.9855315, 27.3429222 ], [ 93.9853813, 27.3426053 ], [ 93.9853813, 27.3423468 ], [ 93.9856442, 27.3412377 ], [ 93.9860103, 27.3407457 ], [ 93.9873246, 27.3402119 ], [ 93.9881132, 27.3400201 ], [ 93.9890614, 27.3396616 ], [ 93.9898687, 27.3391028 ], [ 93.9901785, 27.3386859 ], [ 93.9905447, 27.3379937 ], [ 93.9903287, 27.3370847 ], [ 93.9896434, 27.3364509 ], [ 93.9894463, 27.3363258 ], [ 93.987794, 27.3361757 ], [ 93.9862638, 27.3352917 ], [ 93.9856348, 27.3344494 ], [ 93.9850903, 27.3329482 ], [ 93.9843393, 27.3323311 ], [ 93.983898, 27.3321226 ], [ 93.9822645, 27.3328815 ], [ 93.9820111, 27.3331984 ], [ 93.9815698, 27.333482 ], [ 93.9812225, 27.3337489 ], [ 93.980509, 27.3337906 ], [ 93.9796735, 27.3337155 ], [ 93.9788192, 27.3335737 ], [ 93.9786596, 27.3329316 ], [ 93.9788755, 27.3325479 ], [ 93.9794669, 27.3320058 ], [ 93.9799082, 27.331397 ], [ 93.980509, 27.3306965 ], [ 93.9813821, 27.3290952 ], [ 93.9820674, 27.3274939 ], [ 93.9822458, 27.3270018 ], [ 93.9825649, 27.3261761 ], [ 93.9826025, 27.3256674 ], [ 93.9830531, 27.3251252 ], [ 93.9835413, 27.3242912 ], [ 93.9840295, 27.3234905 ], [ 93.9853344, 27.3220142 ], [ 93.9866393, 27.3210718 ], [ 93.9871369, 27.3207048 ], [ 93.9880663, 27.3204712 ], [ 93.9899251, 27.3199958 ], [ 93.9920186, 27.320221 ], [ 93.9936051, 27.320221 ], [ 93.9953231, 27.3192201 ], [ 93.9961962, 27.3185612 ], [ 93.9967688, 27.3179023 ], [ 93.997426, 27.3172517 ], [ 93.9984211, 27.3158837 ], [ 93.9991158, 27.315058 ], [ 93.9995195, 27.3141071 ], [ 94.0011166, 27.3120976 ], [ 94.0027848, 27.3099985 ], [ 94.0038135, 27.3090845 ], [ 94.0050478, 27.308262 ], [ 94.0099337, 27.3057256 ], [ 94.0124795, 27.303989 ], [ 94.013971, 27.3028237 ], [ 94.0151539, 27.3014298 ], [ 94.0158361, 27.3004759 ] ] } },
{ "type": "Feature", "properties": { "osm_id": 386844797, "tags": { "name": "Dikrong River", "name:en": "Dikrong River", "name:zh": "迪克朗河", "name:zh-Hans": "迪克朗河", "name:zh-Hant": "迪克朗河", "waterway": "river" }, "inside_district": true }, "geometry": { "type": "LineString", "coordinates": [ [ 93.4206038, 27.2263945 ], [ 93.4206248, 27.226702 ], [ 93.4205409, 27.2270562 ], [ 93.4203522, 27.2274291 ], [ 93.4200902, 27.2276901 ], [ 93.4198805, 27.2281374 ], [ 93.4196604, 27.2294423 ], [ 93.4195766, 27.229955 ], [ 93.4195398, 27.2303206 ], [ 93.4195241, 27.2304769 ], [ 93.4195346, 27.2309989 ], [ 93.419608, 27.2314556 ], [ 93.419629, 27.2317631 ], [ 93.4194927, 27.2321173 ], [ 93.4194927, 27.2324435 ], [ 93.4197652, 27.2326765 ], [ 93.4200378, 27.2326672 ], [ 93.4202579, 27.2323503 ], [ 93.4204466, 27.2320894 ], [ 93.4206353, 27.2317072 ], [ 93.4208135, 27.2313251 ], [ 93.421107, 27.2308404 ], [ 93.421652, 27.2302719 ], [ 93.421956, 27.2301041 ], [ 93.4225535, 27.2299177 ], [ 93.4232873, 27.229955 ], [ 93.423738, 27.2299922 ], [ 93.4241363, 27.229899 ], [ 93.4246395, 27.2297779 ], [ 93.4253418, 27.2298152 ], [ 93.4256982, 27.2299177 ], [ 93.4260546, 27.2302532 ], [ 93.4267883, 27.2305701 ], [ 93.4270818, 27.2308777 ], [ 93.4273544, 27.2312039 ], [ 93.427564, 27.2313903 ], [ 93.4279204, 27.2314183 ], [ 93.4280986, 27.2313437 ], [ 93.4283816, 27.2308404 ], [ 93.4286227, 27.2307472 ], [ 93.4289686, 27.2306726 ], [ 93.429325, 27.2308497 ], [ 93.4295871, 27.2310734 ], [ 93.4298911, 27.2313996 ], [ 93.430195, 27.2318563 ], [ 93.431107, 27.2326113 ], [ 93.4318408, 27.2328723 ], [ 93.4327842, 27.2329934 ], [ 93.4333187, 27.2331332 ], [ 93.4337695, 27.233329 ], [ 93.4341993, 27.2336645 ], [ 93.4345032, 27.2339534 ], [ 93.435258, 27.2341864 ], [ 93.4368408, 27.2339907 ], [ 93.4376479, 27.2336738 ], [ 93.4380462, 27.2334781 ], [ 93.4382349, 27.2333196 ], [ 93.4385389, 27.2330307 ], [ 93.4386647, 27.2327697 ], [ 93.4389267, 27.2325833 ], [ 93.4393565, 27.2325647 ], [ 93.439671, 27.232546 ], [ 93.4399121, 27.2325554 ], [ 93.4405829, 27.2325647 ], [ 93.4413796, 27.2324622 ], [ 93.4420399, 27.2323317 ], [ 93.4425431, 27.2322198 ], [ 93.4430358, 27.2321546 ], [ 93.4437381, 27.2320521 ], [ 93.444367, 27.2319868 ], [ 93.4448492, 27.2320148 ], [ 93.4453314, 27.2321173 ], [ 93.4460546, 27.2320614 ], [ 93.4472601, 27.2317538 ], [ 93.4478681, 27.2314369 ], [ 93.4483502, 27.2311946 ], [ 93.4489163, 27.2310082 ], [ 93.4492727, 27.230915 ], [ 93.4497024, 27.2309709 ], [ 93.4497444, 27.2313158 ], [ 93.4497444, 27.231642 ], [ 93.4498492, 27.2323037 ], [ 93.4499645, 27.2325274 ], [ 93.4501951, 27.2327604 ], [ 93.4504362, 27.2329002 ], [ 93.4508031, 27.2329841 ], [ 93.4514739, 27.2327791 ], [ 93.45204, 27.2325274 ], [ 93.452606, 27.232313 ], [ 93.4534656, 27.2317818 ], [ 93.4538534, 27.2312971 ], [ 93.4541469, 27.2307752 ], [ 93.4542203, 27.2302159 ], [ 93.4542832, 27.2298245 ], [ 93.4544509, 27.2294796 ], [ 93.4547863, 27.2292373 ], [ 93.455279, 27.2291441 ], [ 93.4556039, 27.2293118 ], [ 93.4559079, 27.2297499 ], [ 93.4564215, 27.2305608 ], [ 93.4566417, 27.2308684 ], [ 93.4569457, 27.231176 ], [ 93.4572496, 27.2314649 ], [ 93.4579729, 27.2317631 ], [ 93.4584551, 27.2318563 ], [ 93.4590002, 27.2318284 ], [ 93.4598073, 27.2317445 ], [ 93.4601951, 27.2316513 ], [ 93.4605935, 27.2314556 ], [ 93.4610337, 27.231176 ], [ 93.4612643, 27.2308497 ], [ 93.46204, 27.2307472 ], [ 93.4624383, 27.2307752 ], [ 93.4630044, 27.2308404 ], [ 93.4637277, 27.2308777 ], [ 93.4648073, 27.2306447 ], [ 93.4671973, 27.2305328 ], [ 93.4679101, 27.2303837 ], [ 93.468235, 27.2302719 ], [ 93.4689373, 27.2300668 ], [ 93.4699017, 27.229666 ], [ 93.4709709, 27.2295262 ], [ 93.4714216, 27.2299084 ], [ 93.4715264, 27.2303278 ], [ 93.4716208, 27.230682 ], [ 93.4718514, 27.2309989 ], [ 93.4723126, 27.2312598 ], [ 93.4726271, 27.2315954 ], [ 93.4728577, 27.2320055 ], [ 93.4730778, 27.2324342 ], [ 93.4731826, 27.2329934 ], [ 93.4730149, 27.2338509 ], [ 93.4732455, 27.2340932 ], [ 93.4734342, 27.2343076 ], [ 93.4736124, 27.2344753 ], [ 93.4741679, 27.2345313 ], [ 93.4748702, 27.2341491 ], [ 93.4750589, 27.2339627 ], [ 93.4752895, 27.2337763 ], [ 93.4756564, 27.2333849 ], [ 93.4759394, 27.2330121 ], [ 93.4762644, 27.2326113 ], [ 93.4766942, 27.2324715 ], [ 93.4772183, 27.2326672 ], [ 93.4775747, 27.2329561 ], [ 93.4777529, 27.2333196 ], [ 93.4778158, 27.2337577 ], [ 93.4777109, 27.2341025 ], [ 93.4775223, 27.2345033 ], [ 93.4775013, 27.2348109 ], [ 93.4776061, 27.2351557 ], [ 93.4777319, 27.2353514 ], [ 93.4787801, 27.235687 ], [ 93.4805831, 27.2363953 ], [ 93.4817885, 27.2374298 ], [ 93.4821554, 27.2378119 ], [ 93.4826271, 27.2387532 ], [ 93.4827214, 27.239387 ], [ 93.4829206, 27.2404215 ], [ 93.4831931, 27.2407942 ], [ 93.4834028, 27.2408781 ], [ 93.4838535, 27.2408408 ], [ 93.4842518, 27.2406917 ], [ 93.4847235, 27.2403562 ], [ 93.485625, 27.2400114 ], [ 93.4860024, 27.2399089 ], [ 93.4863692, 27.2399089 ], [ 93.4869877, 27.2401791 ], [ 93.4871869, 27.2406824 ], [ 93.4873231, 27.2410552 ], [ 93.4873651, 27.2414187 ], [ 93.4873441, 27.2416423 ], [ 93.4871764, 27.2420244 ], [ 93.4873651, 27.2426395 ], [ 93.4875852, 27.2428632 ], [ 93.4878892, 27.2430309 ], [ 93.4888221, 27.2433292 ], [ 93.489189, 27.243441 ], [ 93.4896607, 27.2435062 ], [ 93.490363, 27.2436367 ], [ 93.4919353, 27.2437858 ], [ 93.4927844, 27.243851 ], [ 93.4934028, 27.2440747 ], [ 93.4938955, 27.2442797 ], [ 93.4946292, 27.2447084 ], [ 93.4948808, 27.24496 ], [ 93.4949542, 27.2454167 ], [ 93.4948913, 27.2463672 ], [ 93.4948074, 27.2466841 ], [ 93.4948389, 27.2470382 ], [ 93.4949122, 27.2473178 ], [ 93.4950747, 27.2475172 ], [ 93.4951324, 27.247588 ], [ 93.4955202, 27.2478583 ], [ 93.4961911, 27.2480447 ], [ 93.4969668, 27.2481379 ], [ 93.4978053, 27.2481192 ], [ 93.4988431, 27.2480167 ], [ 93.5003316, 27.2472898 ], [ 93.5010129, 27.2470569 ], [ 93.5016209, 27.2460597 ], [ 93.5016628, 27.2455751 ], [ 93.5015789, 27.2446991 ], [ 93.5016733, 27.2441586 ], [ 93.5017047, 27.2437206 ], [ 93.5016838, 27.2433105 ], [ 93.5019039, 27.2426675 ], [ 93.5027215, 27.2415678 ], [ 93.5032771, 27.2412229 ], [ 93.503602, 27.2409434 ], [ 93.5040423, 27.240496 ], [ 93.5042729, 27.2401978 ], [ 93.5046817, 27.2399555 ], [ 93.5051324, 27.2398064 ], [ 93.5055098, 27.2396945 ], [ 93.5060129, 27.2397784 ], [ 93.5065161, 27.2402351 ], [ 93.5076481, 27.2411391 ], [ 93.5087802, 27.2419592 ], [ 93.5091995, 27.2421176 ], [ 93.5103735, 27.2423692 ], [ 93.5110024, 27.2424997 ], [ 93.5113903, 27.2425277 ], [ 93.5119249, 27.2424531 ], [ 93.512449, 27.242332 ], [ 93.5131303, 27.242071 ], [ 93.5137069, 27.2418753 ], [ 93.514189, 27.2416144 ], [ 93.514535, 27.2414093 ], [ 93.5146922, 27.2410086 ], [ 93.514818, 27.2405612 ], [ 93.5147865, 27.2401139 ], [ 93.5146817, 27.2391633 ], [ 93.5146922, 27.2388557 ], [ 93.5144721, 27.2380542 ], [ 93.5144301, 27.2375882 ], [ 93.5145035, 27.2372341 ], [ 93.5146712, 27.2368613 ], [ 93.5148494, 27.2364139 ], [ 93.5148704, 27.2361436 ], [ 93.5147341, 27.235687 ], [ 93.5138851, 27.2346617 ], [ 93.5140213, 27.2340839 ], [ 93.5140842, 27.2337484 ], [ 93.51421, 27.2331985 ], [ 93.5145245, 27.2327604 ], [ 93.5152477, 27.2323503 ], [ 93.5154993, 27.2322478 ], [ 93.5160234, 27.2319123 ], [ 93.5164951, 27.2315861 ], [ 93.5170612, 27.2312598 ], [ 93.5175538, 27.2309523 ], [ 93.5181094, 27.2309709 ], [ 93.5186545, 27.231176 ], [ 93.5188641, 27.2314462 ], [ 93.5189375, 27.2318004 ], [ 93.5191052, 27.2321453 ], [ 93.5194092, 27.2323969 ], [ 93.5198494, 27.2325554 ], [ 93.5204364, 27.2327045 ], [ 93.5220822, 27.2329189 ], [ 93.5227635, 27.2329655 ], [ 93.5236335, 27.2329002 ], [ 93.5241367, 27.2327977 ], [ 93.524535, 27.2326206 ], [ 93.5251744, 27.2321732 ], [ 93.5263694, 27.2314928 ], [ 93.5267363, 27.2312505 ], [ 93.5274071, 27.23112 ], [ 93.5277111, 27.2311014 ], [ 93.5281933, 27.2311573 ], [ 93.5286545, 27.2313064 ], [ 93.5289585, 27.2314649 ], [ 93.5295455, 27.231875 ], [ 93.5299019, 27.2320334 ], [ 93.5302268, 27.232108 ], [ 93.5306356, 27.2319775 ], [ 93.5308243, 27.2316606 ], [ 93.5311598, 27.2309243 ], [ 93.5314008, 27.230421 ], [ 93.5316, 27.2299363 ], [ 93.5316419, 27.2297126 ], [ 93.5317992, 27.2294051 ], [ 93.5320507, 27.2293305 ], [ 93.53247, 27.229433 ], [ 93.5328055, 27.2294889 ], [ 93.5332562, 27.2295076 ], [ 93.5337698, 27.2292466 ], [ 93.5341996, 27.2287992 ], [ 93.5343778, 27.2283984 ], [ 93.5347027, 27.227746 ], [ 93.5353002, 27.2267766 ], [ 93.5354994, 27.2261148 ], [ 93.5356147, 27.2255742 ], [ 93.5357824, 27.225248 ], [ 93.5360549, 27.2248099 ], [ 93.5362856, 27.2246328 ], [ 93.5367782, 27.2246608 ], [ 93.5371346, 27.224726 ], [ 93.5376902, 27.2252293 ], [ 93.5379837, 27.2255742 ], [ 93.5388432, 27.2261335 ], [ 93.5390319, 27.2264597 ], [ 93.5395455, 27.2271122 ], [ 93.5391158, 27.2286874 ], [ 93.5390109, 27.2289111 ], [ 93.5388851, 27.2292932 ], [ 93.5387069, 27.229666 ], [ 93.538665, 27.229955 ], [ 93.5387489, 27.2302439 ], [ 93.5389585, 27.2304862 ], [ 93.5394093, 27.2306447 ], [ 93.5398285, 27.230654 ], [ 93.5403841, 27.2305235 ], [ 93.541034, 27.2302998 ], [ 93.5417049, 27.2300761 ], [ 93.5431514, 27.2300295 ], [ 93.5448286, 27.2304117 ], [ 93.5454889, 27.2307659 ], [ 93.5458034, 27.2309709 ], [ 93.5461493, 27.2310641 ], [ 93.5466525, 27.2309616 ], [ 93.5468516, 27.2309057 ], [ 93.5471975, 27.2308125 ], [ 93.5475749, 27.2307379 ], [ 93.5481514, 27.2307192 ], [ 93.5485917, 27.2307099 ], [ 93.5492206, 27.2307192 ], [ 93.5502583, 27.2307006 ], [ 93.5523443, 27.2310734 ], [ 93.5535707, 27.2312412 ], [ 93.5542101, 27.2313437 ], [ 93.5548705, 27.2314835 ], [ 93.5554575, 27.2316047 ], [ 93.5560236, 27.2317072 ], [ 93.5570194, 27.2317072 ], [ 93.5576273, 27.2317072 ], [ 93.5583925, 27.2315581 ], [ 93.5599858, 27.2308218 ], [ 93.5610445, 27.2299922 ], [ 93.5618896, 27.2291251 ], [ 93.5623139, 27.2288707 ], [ 93.5626411, 27.2285382 ], [ 93.5633009, 27.2282697 ], [ 93.5639356, 27.227946 ], [ 93.5645828, 27.2278935 ], [ 93.5657196, 27.2281654 ], [ 93.5660446, 27.2284077 ], [ 93.5663066, 27.2285942 ], [ 93.5668412, 27.2286408 ], [ 93.5674957, 27.227848 ], [ 93.5687699, 27.2274104 ], [ 93.5691159, 27.2271961 ], [ 93.5694408, 27.2269164 ], [ 93.5695247, 27.2265529 ], [ 93.5694408, 27.2262546 ], [ 93.5692731, 27.2259191 ], [ 93.569032, 27.2253412 ], [ 93.5691578, 27.2241574 ], [ 93.5694198, 27.2233092 ], [ 93.5696295, 27.2227966 ], [ 93.5698601, 27.2223864 ], [ 93.5701117, 27.2221627 ], [ 93.570531, 27.2219483 ], [ 93.5709922, 27.2217619 ], [ 93.5719775, 27.2215848 ], [ 93.5728895, 27.2214729 ], [ 93.573728, 27.2215382 ], [ 93.5743465, 27.2216221 ], [ 93.5748601, 27.2217433 ], [ 93.5752375, 27.2218738 ], [ 93.5756043, 27.2219949 ], [ 93.5760551, 27.2223212 ], [ 93.5763905, 27.2225356 ], [ 93.5768098, 27.2227686 ], [ 93.5773968, 27.2228991 ], [ 93.5779524, 27.222983 ], [ 93.5783192, 27.2229457 ], [ 93.5788748, 27.2228338 ], [ 93.5792836, 27.2226661 ], [ 93.5795561, 27.2223305 ], [ 93.5795666, 27.2217805 ], [ 93.5794723, 27.2213052 ], [ 93.5792836, 27.2209789 ], [ 93.5791159, 27.2206061 ], [ 93.5790006, 27.2203264 ], [ 93.5788643, 27.2198324 ], [ 93.5791369, 27.2193384 ], [ 93.5798706, 27.2182384 ], [ 93.5800174, 27.2180986 ], [ 93.5802585, 27.2179401 ], [ 93.580552, 27.2178842 ], [ 93.5811285, 27.2178935 ], [ 93.5822815, 27.2186672 ], [ 93.5827742, 27.2189748 ], [ 93.5831306, 27.2191892 ], [ 93.5835813, 27.2194409 ], [ 93.5840006, 27.2196087 ], [ 93.5845876, 27.219618 ], [ 93.5852585, 27.2194689 ], [ 93.5860866, 27.2190401 ], [ 93.5871872, 27.2182664 ], [ 93.5875855, 27.2179681 ], [ 93.5879838, 27.217763 ], [ 93.588466, 27.2176884 ], [ 93.5888434, 27.2177257 ], [ 93.5893989, 27.2180427 ], [ 93.5895457, 27.2183037 ], [ 93.5897344, 27.2186579 ], [ 93.5900698, 27.2192545 ], [ 93.5902061, 27.2194316 ], [ 93.5904891, 27.2195994 ], [ 93.5908665, 27.2197765 ], [ 93.5912962, 27.2198417 ], [ 93.5918937, 27.2198697 ], [ 93.5925017, 27.2198976 ], [ 93.5935394, 27.220373 ], [ 93.5938644, 27.2205408 ], [ 93.5942312, 27.2206713 ], [ 93.5946296, 27.2207552 ], [ 93.5950069, 27.2207459 ], [ 93.5953319, 27.2206154 ], [ 93.5955415, 27.2203544 ], [ 93.5956463, 27.2199722 ], [ 93.5956359, 27.2196832 ], [ 93.5957197, 27.2193756 ], [ 93.5960866, 27.2189469 ], [ 93.5966736, 27.2187231 ], [ 93.5971872, 27.2187231 ], [ 93.5976065, 27.2187604 ], [ 93.5981726, 27.2186206 ], [ 93.5984451, 27.2184155 ], [ 93.5986233, 27.2181825 ], [ 93.5995772, 27.2173156 ], [ 93.6003738, 27.2168029 ], [ 93.6008665, 27.2161131 ], [ 93.6014849, 27.2154233 ], [ 93.6018204, 27.2148733 ], [ 93.6022292, 27.2132047 ], [ 93.6022921, 27.2127293 ], [ 93.6024493, 27.2120581 ], [ 93.6028371, 27.2113496 ], [ 93.603508, 27.2111632 ], [ 93.6039587, 27.2110233 ], [ 93.6048183, 27.2109115 ], [ 93.6056778, 27.2110513 ], [ 93.6072816, 27.2110047 ], [ 93.6077219, 27.2108276 ], [ 93.6084975, 27.2105852 ], [ 93.6088015, 27.2105106 ], [ 93.6090531, 27.210436 ], [ 93.6095667, 27.2103801 ], [ 93.6105416, 27.2102682 ], [ 93.6114535, 27.2097462 ], [ 93.611789, 27.2091123 ], [ 93.6124179, 27.2077139 ], [ 93.6127953, 27.2070613 ], [ 93.613225, 27.2062503 ], [ 93.6132355, 27.2055697 ], [ 93.6134556, 27.2046561 ], [ 93.6135919, 27.2040408 ], [ 93.6136967, 27.2036306 ], [ 93.613833, 27.2031272 ], [ 93.6142103, 27.2027636 ], [ 93.6152376, 27.2028195 ], [ 93.6159818, 27.2035001 ], [ 93.6162439, 27.2038451 ], [ 93.6169777, 27.2041341 ], [ 93.6179001, 27.2041993 ], [ 93.619116, 27.2043764 ], [ 93.6201328, 27.2045722 ], [ 93.6211915, 27.2046561 ], [ 93.6216947, 27.2047307 ], [ 93.6224599, 27.2047494 ], [ 93.622984, 27.2048426 ], [ 93.6234557, 27.2049824 ], [ 93.6239693, 27.2055138 ], [ 93.6242733, 27.2059799 ], [ 93.6258246, 27.2072478 ], [ 93.6263907, 27.2076114 ], [ 93.6272922, 27.2079563 ], [ 93.6278477, 27.2081521 ], [ 93.6284557, 27.2082733 ], [ 93.6290008, 27.2083851 ], [ 93.6296611, 27.2084317 ], [ 93.6307408, 27.2083478 ], [ 93.6311811, 27.2082546 ], [ 93.631831, 27.2081521 ], [ 93.6324599, 27.2081614 ], [ 93.6327953, 27.2084504 ], [ 93.6329106, 27.2086555 ], [ 93.6331517, 27.2092614 ], [ 93.6332356, 27.2095411 ], [ 93.6332041, 27.2099699 ], [ 93.633267, 27.210492 ], [ 93.6334557, 27.2109487 ], [ 93.6336653, 27.2112564 ], [ 93.6340217, 27.2114708 ], [ 93.634462, 27.2116013 ], [ 93.6348289, 27.2117038 ], [ 93.6351538, 27.2117411 ], [ 93.6355836, 27.2115827 ], [ 93.6360238, 27.2113869 ], [ 93.6366842, 27.2112843 ], [ 93.6371769, 27.2112937 ], [ 93.6378163, 27.2114615 ], [ 93.6386339, 27.2116293 ], [ 93.6388331, 27.2116852 ], [ 93.6394725, 27.2116945 ], [ 93.6399756, 27.2116945 ], [ 93.6404473, 27.2116293 ], [ 93.6412335, 27.2113496 ], [ 93.6416109, 27.2111445 ], [ 93.6422503, 27.210725 ], [ 93.642722, 27.2102589 ], [ 93.6437492, 27.2102589 ], [ 93.6442629, 27.2103894 ], [ 93.6447346, 27.2106038 ], [ 93.6451329, 27.2109581 ], [ 93.6453216, 27.2113776 ], [ 93.6452272, 27.2122632 ], [ 93.6450281, 27.2128411 ], [ 93.6448289, 27.2133818 ], [ 93.6448708, 27.2138945 ], [ 93.6449966, 27.2142767 ], [ 93.645091, 27.2144725 ], [ 93.6454369, 27.2147614 ], [ 93.6457304, 27.2149386 ], [ 93.6459819, 27.2150411 ], [ 93.6462859, 27.2150784 ], [ 93.6468145, 27.2150052 ], [ 93.6473858, 27.2148621 ], [ 93.6477238, 27.2147237 ], [ 93.6481208, 27.2144709 ], [ 93.6484024, 27.21397 ], [ 93.6487702, 27.2134191 ], [ 93.6490952, 27.213214 ], [ 93.6495145, 27.2131115 ], [ 93.6498708, 27.2130182 ], [ 93.6501015, 27.2129996 ], [ 93.6505417, 27.2130742 ], [ 93.6508142, 27.213214 ], [ 93.6510449, 27.2133538 ], [ 93.6513384, 27.2134377 ], [ 93.6516423, 27.2134657 ], [ 93.6519149, 27.2134937 ], [ 93.6521769, 27.2135123 ], [ 93.652743, 27.2135403 ], [ 93.6538646, 27.2137547 ], [ 93.6542943, 27.2139598 ], [ 93.6545564, 27.2142114 ], [ 93.6549023, 27.214575 ], [ 93.6551539, 27.2148733 ], [ 93.655395, 27.215153 ], [ 93.6556466, 27.2153394 ], [ 93.6560239, 27.2155445 ], [ 93.6564118, 27.2156843 ], [ 93.6567367, 27.2157682 ], [ 93.6572189, 27.2158148 ], [ 93.6575858, 27.21588 ], [ 93.6578373, 27.21588 ], [ 93.6581832, 27.2158428 ], [ 93.6585816, 27.2157495 ], [ 93.6590009, 27.2155911 ], [ 93.659221, 27.2151996 ], [ 93.6593799, 27.2141239 ], [ 93.6595809, 27.2138366 ], [ 93.6599469, 27.2133132 ], [ 93.6605714, 27.2129558 ], [ 93.6612389, 27.2128983 ], [ 93.661971, 27.2131473 ], [ 93.6622007, 27.2132558 ], [ 93.6629687, 27.2135941 ], [ 93.6640381, 27.2142005 ], [ 93.6649784, 27.2144622 ], [ 93.6664928, 27.214609 ], [ 93.6673182, 27.2147366 ], [ 93.6681436, 27.2149919 ], [ 93.6690552, 27.2154962 ], [ 93.6699093, 27.2163196 ], [ 93.6704835, 27.216843 ], [ 93.6716678, 27.2176919 ], [ 93.6719549, 27.2179472 ], [ 93.6725937, 27.2182472 ], [ 93.6727803, 27.2183748 ], [ 93.6731535, 27.2185025 ], [ 93.673376, 27.218528 ], [ 93.6738282, 27.2184897 ], [ 93.6749264, 27.218011 ], [ 93.6754072, 27.2177812 ], [ 93.6756513, 27.21766 ], [ 93.6759958, 27.2174493 ], [ 93.6763403, 27.2170664 ], [ 93.6764839, 27.2167983 ], [ 93.6765772, 27.2165366 ], [ 93.6768499, 27.2164728 ], [ 93.6771729, 27.2166068 ], [ 93.6774672, 27.2167281 ], [ 93.6779337, 27.2167089 ], [ 93.6781419, 27.2161536 ], [ 93.6782926, 27.2157196 ], [ 93.6785079, 27.2151898 ], [ 93.6787663, 27.2151707 ], [ 93.6789888, 27.2151707 ], [ 93.6799937, 27.2153366 ], [ 93.6809052, 27.2155026 ], [ 93.6813574, 27.2156558 ], [ 93.6817234, 27.2159047 ], [ 93.6819531, 27.2161983 ], [ 93.6828431, 27.2167728 ], [ 93.6832235, 27.2169323 ], [ 93.6836398, 27.2168685 ], [ 93.6838551, 27.216677 ], [ 93.6839556, 27.2164089 ], [ 93.6840059, 27.2160643 ], [ 93.6840848, 27.2157068 ], [ 93.6842356, 27.215343 ], [ 93.6845011, 27.2149409 ], [ 93.6851327, 27.2142132 ], [ 93.6854629, 27.2137217 ], [ 93.6856146, 27.21362 ], [ 93.6859582, 27.2133898 ], [ 93.6864749, 27.2133196 ], [ 93.6869271, 27.2132685 ], [ 93.6876664, 27.2135302 ], [ 93.6880396, 27.213677 ], [ 93.6882191, 27.2137792 ], [ 93.6886066, 27.2138941 ], [ 93.6894033, 27.2139451 ], [ 93.6904154, 27.2144175 ], [ 93.6915709, 27.2149919 ], [ 93.6924251, 27.215943 ], [ 93.6925327, 27.2161472 ], [ 93.6926835, 27.2163387 ], [ 93.6928988, 27.216543 ], [ 93.6937888, 27.2168494 ], [ 93.6947147, 27.217111 ], [ 93.695899, 27.2175642 ], [ 93.6979517, 27.218394 ], [ 93.6991934, 27.2194727 ], [ 93.6998753, 27.2205577 ], [ 93.7006935, 27.2213555 ], [ 93.701361, 27.2220385 ], [ 93.7017558, 27.222332 ], [ 93.7020931, 27.2225682 ], [ 93.70322, 27.2232447 ], [ 93.7042392, 27.223749 ], [ 93.705, 27.2242276 ], [ 93.7056173, 27.224834 ], [ 93.7057896, 27.2252041 ], [ 93.7058685, 27.2254658 ], [ 93.7058541, 27.2256956 ], [ 93.7057896, 27.2259828 ], [ 93.7057752, 27.2261742 ], [ 93.7058183, 27.2264678 ], [ 93.7065647, 27.2277379 ], [ 93.7070232, 27.2282475 ], [ 93.7081438, 27.2282166 ], [ 93.7083591, 27.2280187 ], [ 93.7084596, 27.2279485 ], [ 93.7087682, 27.2278847 ], [ 93.7094716, 27.2281464 ], [ 93.710439, 27.2292632 ], [ 93.7106218, 27.2297054 ], [ 93.710774, 27.230265 ], [ 93.7109161, 27.2306441 ], [ 93.7111902, 27.2312759 ], [ 93.7112206, 27.2319347 ], [ 93.710977, 27.2325755 ], [ 93.7105706, 27.2332657 ], [ 93.7105358, 27.2345032 ], [ 93.7109494, 27.2351429 ], [ 93.7115241, 27.2352409 ], [ 93.7117501, 27.2350399 ], [ 93.7135292, 27.2347165 ], [ 93.7139957, 27.2347008 ], [ 93.7143057, 27.2346903 ], [ 93.7147186, 27.2346291 ], [ 93.7150626, 27.2345679 ], [ 93.7154754, 27.2345067 ], [ 93.7160062, 27.2343582 ], [ 93.7165861, 27.2343319 ], [ 93.716822, 27.2344368 ], [ 93.7170186, 27.2346641 ], [ 93.7173725, 27.2350399 ], [ 93.7176969, 27.2353807 ], [ 93.7187781, 27.2356079 ], [ 93.719299, 27.2356604 ], [ 93.7198691, 27.2358963 ], [ 93.7204294, 27.2360536 ], [ 93.7207734, 27.2362372 ], [ 93.7212452, 27.2365256 ], [ 93.7218546, 27.2371024 ], [ 93.7227196, 27.2375568 ], [ 93.7230931, 27.237854 ], [ 93.7234765, 27.238256 ], [ 93.7237812, 27.2385094 ], [ 93.7244594, 27.2389901 ], [ 93.725865, 27.2389639 ], [ 93.726553, 27.2388066 ], [ 93.7271231, 27.2387366 ], [ 93.7277031, 27.2388502 ], [ 93.7280471, 27.2391124 ], [ 93.7282928, 27.2393222 ], [ 93.7286074, 27.2395057 ], [ 93.7288629, 27.239628 ], [ 93.7290988, 27.2396717 ], [ 93.7293544, 27.2396717 ], [ 93.7296984, 27.2395144 ], [ 93.7300523, 27.2393222 ], [ 93.7304356, 27.2390513 ], [ 93.7311728, 27.2388939 ], [ 93.7319591, 27.2389901 ], [ 93.7326669, 27.239226 ], [ 93.7335023, 27.2395319 ], [ 93.7337874, 27.2396892 ], [ 93.7339938, 27.2402747 ], [ 93.7338759, 27.2405981 ], [ 93.7336596, 27.2408603 ], [ 93.7335122, 27.2412273 ], [ 93.7336105, 27.2416643 ], [ 93.7337382, 27.2418478 ], [ 93.7341118, 27.242075 ], [ 93.7345344, 27.2422498 ], [ 93.7348588, 27.2423721 ], [ 93.7352618, 27.2424333 ], [ 93.7358319, 27.2424333 ], [ 93.736343, 27.2423372 ], [ 93.7367263, 27.2420226 ], [ 93.7371392, 27.2416905 ], [ 93.7379296, 27.2409695 ], [ 93.7385341, 27.2403228 ], [ 93.7395367, 27.2396062 ], [ 93.7398512, 27.2393659 ], [ 93.7403034, 27.2392391 ], [ 93.7406179, 27.2391736 ], [ 93.7410307, 27.239143 ], [ 93.7413993, 27.2391692 ], [ 93.7418957, 27.2392348 ], [ 93.7424265, 27.2393265 ], [ 93.7428344, 27.2393134 ], [ 93.7431096, 27.2392129 ], [ 93.7431784, 27.23906 ], [ 93.7434389, 27.2382647 ], [ 93.7435421, 27.2379151 ], [ 93.7437633, 27.2375525 ], [ 93.7439844, 27.2372553 ], [ 93.7441663, 27.2370499 ], [ 93.7445447, 27.2367878 ], [ 93.7455325, 27.2365081 ], [ 93.7459847, 27.2364382 ], [ 93.7461518, 27.2364294 ], [ 93.7463287, 27.236495 ], [ 93.7466285, 27.2369189 ], [ 93.7468988, 27.2373733 ], [ 93.7469971, 27.2379326 ], [ 93.7474935, 27.2388852 ], [ 93.7481275, 27.2397111 ], [ 93.7482749, 27.2398465 ], [ 93.7484568, 27.2399776 ], [ 93.7486288, 27.2400606 ], [ 93.7489335, 27.2400868 ], [ 93.7493168, 27.2400082 ], [ 93.7497296, 27.2397285 ], [ 93.7498034, 27.2396149 ], [ 93.7500147, 27.2393746 ], [ 93.7502801, 27.2390644 ], [ 93.7507273, 27.2386929 ], [ 93.7509239, 27.2384308 ], [ 93.7510369, 27.2382909 ], [ 93.7511991, 27.2381074 ], [ 93.7514743, 27.2379894 ], [ 93.751725, 27.2379501 ], [ 93.7522115, 27.2379807 ], [ 93.7530323, 27.2381642 ], [ 93.7534697, 27.2382735 ], [ 93.7538973, 27.2384745 ], [ 93.7541528, 27.238575 ], [ 93.7543543, 27.2386711 ], [ 93.7545509, 27.2387192 ], [ 93.7549637, 27.2387629 ], [ 93.7554994, 27.2388677 ], [ 93.7561334, 27.2389289 ], [ 93.7564824, 27.2390207 ], [ 93.7568264, 27.2392129 ], [ 93.7569443, 27.239379 ], [ 93.7570525, 27.2397285 ], [ 93.7571655, 27.2403097 ], [ 93.7571164, 27.2406156 ], [ 93.7569837, 27.240869 ], [ 93.7567183, 27.2412797 ], [ 93.7566495, 27.2414633 ], [ 93.7567232, 27.2417822 ], [ 93.7567281, 27.2418696 ], [ 93.7568854, 27.2420138 ], [ 93.7570328, 27.2421231 ], [ 93.7574604, 27.242193 ], [ 93.7576275, 27.2423415 ], [ 93.758001, 27.242477 ], [ 93.7583598, 27.2425513 ], [ 93.7587333, 27.2425644 ], [ 93.7595098, 27.2425163 ], [ 93.760419, 27.2422629 ], [ 93.7608662, 27.2421842 ], [ 93.7612299, 27.2422017 ], [ 93.7615739, 27.2422498 ], [ 93.7617509, 27.242359 ], [ 93.7618934, 27.2425556 ], [ 93.762031, 27.2430057 ], [ 93.7622915, 27.243967 ], [ 93.762316, 27.2441986 ], [ 93.7623406, 27.244417 ], [ 93.7624045, 27.2446355 ], [ 93.7626257, 27.2451249 ], [ 93.7628124, 27.2454832 ], [ 93.7630238, 27.2457628 ], [ 93.7632646, 27.2458458 ], [ 93.7633924, 27.2458546 ], [ 93.7636872, 27.2458152 ], [ 93.7640067, 27.245789 ], [ 93.7643212, 27.2457584 ], [ 93.7648422, 27.2456973 ], [ 93.7655155, 27.2455749 ], [ 93.7657661, 27.2455968 ], [ 93.7660954, 27.2456798 ], [ 93.7663117, 27.2457541 ], [ 93.7664886, 27.2458633 ], [ 93.7666753, 27.2461604 ], [ 93.7668228, 27.2464619 ], [ 93.7674076, 27.2477203 ], [ 93.7676435, 27.2482271 ], [ 93.7679335, 27.2490966 ], [ 93.7680858, 27.2497257 ], [ 93.7681153, 27.2499617 ], [ 93.7681792, 27.2502151 ], [ 93.7682628, 27.250403 ], [ 93.7683955, 27.2505734 ], [ 93.7686412, 27.2510147 ], [ 93.7689017, 27.2512768 ], [ 93.7691081, 27.251421 ], [ 93.7692948, 27.2515084 ], [ 93.7697519, 27.2516001 ], [ 93.7699927, 27.2516657 ], [ 93.7702679, 27.2517094 ], [ 93.7707348, 27.2517006 ], [ 93.7716195, 27.2521069 ], [ 93.7727744, 27.2523167 ], [ 93.7735952, 27.2524084 ], [ 93.7740276, 27.2524084 ], [ 93.7749516, 27.2522205 ], [ 93.7756544, 27.2522424 ], [ 93.7763621, 27.2523472 ], [ 93.7769912, 27.2527798 ], [ 93.7773205, 27.2530944 ], [ 93.777522, 27.2535968 ], [ 93.7777972, 27.2542303 ], [ 93.7777648, 27.2547632 ], [ 93.7777529, 27.2549599 ], [ 93.7777382, 27.2551172 ], [ 93.7777529, 27.255541 ], [ 93.777748, 27.2560828 ], [ 93.7777431, 27.2564454 ], [ 93.7778168, 27.2568168 ], [ 93.7780232, 27.2570833 ], [ 93.7783624, 27.2574153 ], [ 93.7786425, 27.2576993 ], [ 93.7790307, 27.2581449 ], [ 93.7796647, 27.2584682 ], [ 93.7801857, 27.2588046 ], [ 93.7806182, 27.259023 ], [ 93.7811391, 27.2592284 ], [ 93.7813947, 27.2593376 ], [ 93.7816109, 27.2593332 ], [ 93.7818911, 27.2592895 ], [ 93.782181, 27.2591061 ], [ 93.7824219, 27.2588264 ], [ 93.7828593, 27.2582978 ], [ 93.7835375, 27.2573279 ], [ 93.7839159, 27.2566289 ], [ 93.7842894, 27.2557333 ], [ 93.7843779, 27.2554362 ], [ 93.784486, 27.2552177 ], [ 93.7847022, 27.2550167 ], [ 93.7849185, 27.2549556 ], [ 93.7853215, 27.2549556 ], [ 93.7856016, 27.2550036 ], [ 93.7858768, 27.2551784 ], [ 93.7869138, 27.2556197 ], [ 93.7877395, 27.2560566 ], [ 93.788516, 27.2562837 ], [ 93.7893908, 27.2564192 ], [ 93.7912928, 27.2566682 ], [ 93.792202, 27.2566988 ], [ 93.7926296, 27.256725 ], [ 93.793008, 27.2567556 ], [ 93.7936715, 27.2567469 ], [ 93.7939369, 27.2567425 ], [ 93.7941629, 27.256725 ], [ 93.7943251, 27.2566507 ], [ 93.7943693, 27.2563274 ], [ 93.7943153, 27.2562401 ], [ 93.7942022, 27.2561221 ], [ 93.7939713, 27.2558425 ], [ 93.793352, 27.2555323 ], [ 93.7931947, 27.2554536 ], [ 93.7930768, 27.2553138 ], [ 93.7930424, 27.2551828 ], [ 93.7930768, 27.2549206 ], [ 93.7931407, 27.2547284 ], [ 93.7939123, 27.2544488 ], [ 93.7942853, 27.2543618 ], [ 93.7949178, 27.2545039 ], [ 93.7953209, 27.2547758 ], [ 93.7957102, 27.2551218 ], [ 93.7960646, 27.2554369 ], [ 93.7963913, 27.2560733 ], [ 93.7970933, 27.2567406 ], [ 93.7976007, 27.2570001 ], [ 93.797837, 27.2571731 ], [ 93.7983721, 27.2572967 ], [ 93.7989282, 27.2573214 ], [ 93.7992779, 27.2571993 ], [ 93.7994734, 27.2571311 ], [ 93.8000042, 27.2569388 ], [ 93.8007217, 27.2564233 ], [ 93.8008397, 27.2562485 ], [ 93.8012034, 27.2559427 ], [ 93.8015867, 27.255768 ], [ 93.8019111, 27.2556282 ], [ 93.8025008, 27.2555058 ], [ 93.8034248, 27.2554709 ], [ 93.8039654, 27.2554971 ], [ 93.8043094, 27.2554709 ], [ 93.8045945, 27.2553136 ], [ 93.8047419, 27.2550514 ], [ 93.804565, 27.2547718 ], [ 93.8044175, 27.2544922 ], [ 93.8043586, 27.2542475 ], [ 93.8043487, 27.2539679 ], [ 93.8044175, 27.2537233 ], [ 93.8045552, 27.2534786 ], [ 93.8047124, 27.2533825 ], [ 93.805027, 27.2532164 ], [ 93.8053906, 27.2530504 ], [ 93.8057543, 27.2528058 ], [ 93.8063244, 27.2525523 ], [ 93.8070027, 27.2522552 ], [ 93.808741, 27.2519571 ], [ 93.8092101, 27.25192 ], [ 93.8094638, 27.2519077 ], [ 93.8099017, 27.2518644 ], [ 93.8105585, 27.2519015 ], [ 93.8110311, 27.2519262 ], [ 93.811608, 27.2519231 ], [ 93.811918, 27.2518376 ], [ 93.8121127, 27.2515472 ], [ 93.8119041, 27.2509293 ], [ 93.8114385, 27.2505585 ], [ 93.8106948, 27.250058 ], [ 93.8099372, 27.2491374 ], [ 93.8093951, 27.2485812 ], [ 93.8089363, 27.2477965 ], [ 93.8078382, 27.2469005 ], [ 93.8070528, 27.2460911 ], [ 93.806879, 27.2457141 ], [ 93.8067817, 27.2454731 ], [ 93.8067609, 27.2451642 ], [ 93.8067887, 27.2447687 ], [ 93.806879, 27.2444103 ], [ 93.8071223, 27.2439901 ], [ 93.8073864, 27.2437491 ], [ 93.8078173, 27.2436997 ], [ 93.8082344, 27.2439036 ], [ 93.8085471, 27.2442126 ], [ 93.8093117, 27.2450097 ], [ 93.8095271, 27.2451209 ], [ 93.8098051, 27.2451642 ], [ 93.8105419, 27.2451456 ], [ 93.8111118, 27.2451642 ], [ 93.8118555, 27.2449912 ], [ 93.8122308, 27.2449046 ], [ 93.8124324, 27.244812 ], [ 93.8127521, 27.2446637 ], [ 93.8130579, 27.2444968 ], [ 93.8132039, 27.2442002 ], [ 93.81319, 27.2439098 ], [ 93.8129258, 27.2436255 ], [ 93.8124185, 27.2433475 ], [ 93.8109033, 27.242402 ], [ 93.8104863, 27.242229 ], [ 93.809965, 27.2419447 ], [ 93.8096731, 27.2416852 ], [ 93.8096175, 27.2413886 ], [ 93.8098329, 27.2411105 ], [ 93.8101179, 27.2408572 ], [ 93.8103542, 27.2404431 ], [ 93.8108338, 27.2398005 ], [ 93.8115636, 27.2382494 ], [ 93.8118485, 27.2377674 ], [ 93.8119945, 27.2373286 ], [ 93.8121891, 27.2367601 ], [ 93.812342, 27.2361545 ], [ 93.8127104, 27.2349185 ], [ 93.8128355, 27.2340719 ], [ 93.8129258, 27.2336455 ], [ 93.8130023, 27.2334044 ], [ 93.8132247, 27.2330398 ], [ 93.8133846, 27.2327741 ], [ 93.8134124, 27.2324713 ], [ 93.8133359, 27.2321808 ], [ 93.8130718, 27.2319398 ], [ 93.8127382, 27.2319027 ], [ 93.8124532, 27.2318842 ], [ 93.8120015, 27.23181 ], [ 93.8114315, 27.231637 ], [ 93.8111883, 27.2312229 ], [ 93.8112717, 27.2305307 ], [ 93.8111813, 27.2295666 ], [ 93.811091, 27.2293442 ], [ 93.8109519, 27.2291217 ], [ 93.8107712, 27.2289425 ], [ 93.8105488, 27.2288127 ], [ 93.8103334, 27.2286767 ], [ 93.8101735, 27.2283862 ], [ 93.8101874, 27.2280401 ], [ 93.8106044, 27.2276446 ], [ 93.8109172, 27.2275766 ], [ 93.8113273, 27.2276137 ], [ 93.8116539, 27.2276941 ], [ 93.8119945, 27.2277868 ], [ 93.8124115, 27.2279413 ], [ 93.8133359, 27.228516 ], [ 93.8137599, 27.2288436 ], [ 93.8139754, 27.2291155 ], [ 93.8141561, 27.2293689 ], [ 93.8142325, 27.2297397 ], [ 93.8143715, 27.230333 ], [ 93.8145175, 27.2306791 ], [ 93.8146426, 27.2309942 ], [ 93.8148233, 27.2313094 ], [ 93.8152264, 27.2316184 ], [ 93.8153515, 27.2316617 ], [ 93.8156295, 27.2316246 ], [ 93.8159215, 27.2314207 ], [ 93.8161925, 27.2311426 ], [ 93.8165261, 27.2304751 ], [ 93.8165817, 27.2299375 ], [ 93.816547, 27.2296841 ], [ 93.8161439, 27.2290846 ], [ 93.8153585, 27.2284789 ], [ 93.8152681, 27.2281514 ], [ 93.8152473, 27.2278856 ], [ 93.8153168, 27.2274036 ], [ 93.815838, 27.2270575 ], [ 93.8163941, 27.2266867 ], [ 93.8164288, 27.2264827 ], [ 93.81613, 27.2260068 ], [ 93.8159979, 27.2257782 ], [ 93.8155878, 27.2251169 ], [ 93.8154419, 27.2245483 ], [ 93.8152612, 27.2241898 ], [ 93.8150388, 27.223683 ], [ 93.8147885, 27.2227807 ], [ 93.8148233, 27.2222121 ], [ 93.8151569, 27.2214333 ], [ 93.8154627, 27.2210625 ], [ 93.815706, 27.2208029 ], [ 93.8161647, 27.2205742 ], [ 93.8166582, 27.2203826 ], [ 93.8170822, 27.2201416 ], [ 93.8176521, 27.2197336 ], [ 93.8178606, 27.2193195 ], [ 93.8177355, 27.2180154 ], [ 93.8175895, 27.2171563 ], [ 93.8166249, 27.2161619 ], [ 93.8160057, 27.2157549 ], [ 93.8156153, 27.2154077 ], [ 93.8151307, 27.2150127 ], [ 93.8146596, 27.2149409 ], [ 93.8135827, 27.2147254 ], [ 93.8125866, 27.214486 ], [ 93.8120617, 27.2143663 ], [ 93.8117521, 27.2141268 ], [ 93.8112809, 27.2124868 ], [ 93.810904, 27.2112658 ], [ 93.8106483, 27.209949 ], [ 93.8104868, 27.2089434 ], [ 93.8091541, 27.2090511 ], [ 93.8084273, 27.2090152 ], [ 93.8079427, 27.2094462 ], [ 93.80731, 27.2100208 ], [ 93.8069735, 27.2106792 ], [ 93.8065024, 27.2112658 ], [ 93.8056139, 27.2112658 ], [ 93.8050217, 27.2110743 ], [ 93.8044967, 27.2109905 ], [ 93.8035679, 27.2108229 ], [ 93.8029487, 27.2105595 ], [ 93.8024103, 27.2100088 ], [ 93.8023026, 27.2096377 ], [ 93.8022891, 27.2091349 ], [ 93.8024237, 27.2084645 ], [ 93.8029083, 27.2077343 ], [ 93.8036621, 27.2069322 ], [ 93.8036083, 27.2065252 ], [ 93.8031641, 27.2058188 ], [ 93.8025583, 27.2054238 ], [ 93.8016699, 27.2050048 ], [ 93.8008757, 27.2046336 ], [ 93.7991393, 27.2047055 ], [ 93.7983989, 27.2048132 ], [ 93.7977528, 27.2046696 ], [ 93.7970798, 27.2043942 ], [ 93.7967298, 27.2039632 ], [ 93.7965144, 27.2034963 ], [ 93.7951145, 27.2018681 ], [ 93.7938627, 27.200204 ], [ 93.7924897, 27.1980131 ], [ 93.7907667, 27.1962651 ], [ 93.7900802, 27.195427 ], [ 93.7896629, 27.1952234 ], [ 93.7887879, 27.1952474 ], [ 93.7870649, 27.1959897 ], [ 93.7857189, 27.1962531 ], [ 93.7842516, 27.1957981 ], [ 93.7839959, 27.1954749 ], [ 93.7837267, 27.1949121 ], [ 93.7836324, 27.1943255 ], [ 93.7835921, 27.1935113 ], [ 93.7835651, 27.1927929 ], [ 93.7836594, 27.1913921 ], [ 93.7840901, 27.1901947 ], [ 93.7847497, 27.1893446 ], [ 93.7853958, 27.1883029 ], [ 93.7860419, 27.186459 ], [ 93.7860958, 27.1863034 ], [ 93.7863381, 27.1860399 ], [ 93.7868765, 27.185561 ], [ 93.7876303, 27.1845552 ], [ 93.7887745, 27.1820286 ], [ 93.7891038, 27.1806707 ], [ 93.7889213, 27.1798474 ], [ 93.7885172, 27.1791401 ], [ 93.7881522, 27.1786763 ], [ 93.7874484, 27.1778993 ], [ 93.7869661, 27.1772848 ], [ 93.7863795, 27.1762759 ], [ 93.7850108, 27.1757077 ], [ 93.7827558, 27.1748033 ], [ 93.781687, 27.1734697 ], [ 93.7812959, 27.1727739 ], [ 93.7811916, 27.1721361 ], [ 93.7811525, 27.1715679 ], [ 93.7811786, 27.1709997 ], [ 93.7811525, 27.1702923 ], [ 93.7811656, 27.1690515 ], [ 93.7806181, 27.1683673 ], [ 93.7789887, 27.167799 ], [ 93.7780893, 27.1679498 ], [ 93.7764991, 27.1686224 ], [ 93.7752738, 27.1691558 ], [ 93.7720412, 27.1699908 ], [ 93.77047, 27.1697498 ], [ 93.7697787, 27.169758 ], [ 93.7692442, 27.1697334 ], [ 93.7688017, 27.169676 ], [ 93.7682026, 27.169553 ], [ 93.7674745, 27.1691102 ], [ 93.7671427, 27.1684542 ], [ 93.7659168, 27.165699 ], [ 93.7657048, 27.1648625 ], [ 93.7644329, 27.1631405 ], [ 93.7625157, 27.1618612 ], [ 93.762018, 27.1616152 ], [ 93.7614005, 27.1613117 ], [ 93.7608014, 27.1611395 ], [ 93.7598705, 27.1610001 ], [ 93.7593174, 27.1610903 ], [ 93.7586538, 27.1614675 ], [ 93.7582022, 27.1615906 ], [ 93.7573081, 27.1616152 ], [ 93.7570132, 27.1615906 ], [ 93.7565247, 27.1613609 ], [ 93.7563864, 27.1607541 ], [ 93.7563772, 27.1604999 ], [ 93.7564325, 27.1600734 ], [ 93.756497, 27.1598274 ], [ 93.7566721, 27.1594912 ], [ 93.7569394, 27.1589909 ], [ 93.7571514, 27.1582857 ], [ 93.7571514, 27.157851 ], [ 93.7570961, 27.157482 ], [ 93.7568521, 27.1571114 ], [ 93.7559809, 27.1573508 ], [ 93.7554463, 27.157687 ], [ 93.7545061, 27.1580068 ], [ 93.7536858, 27.1583431 ], [ 93.7523033, 27.1585317 ], [ 93.7490351, 27.1589929 ], [ 93.7472101, 27.1593046 ], [ 93.7441132, 27.1593046 ], [ 93.7431546, 27.1589929 ], [ 93.7416386, 27.1580087 ], [ 93.7410807, 27.1573214 ], [ 93.7408447, 27.1564432 ], [ 93.7410378, 27.1556795 ], [ 93.7419176, 27.154954 ], [ 93.7430334, 27.1546485 ], [ 93.745501, 27.1544194 ], [ 93.7471747, 27.154343 ], [ 93.7480759, 27.1540566 ], [ 93.7489986, 27.153732 ], [ 93.7508969, 27.1523501 ], [ 93.7514868, 27.1518088 ], [ 93.7516527, 27.1512183 ], [ 93.7516527, 27.1507754 ], [ 93.7516158, 27.1501849 ], [ 93.7513024, 27.1494468 ], [ 93.7509084, 27.1486819 ], [ 93.7499428, 27.147985 ], [ 93.7481618, 27.1473835 ], [ 93.7469065, 27.147078 ], [ 93.7454474, 27.1464193 ], [ 93.7443209, 27.145646 ], [ 93.7439823, 27.1444273 ], [ 93.7438702, 27.1427914 ], [ 93.7442207, 27.1418734 ], [ 93.7449761, 27.1410984 ], [ 93.745353, 27.1407911 ], [ 93.746614, 27.139701 ], [ 93.7482071, 27.1385446 ] ] } },
{ "type": "Feature", "properties": { "osm_id": 386844804, "tags": { "name": "Par Nadi River", "name:en": "Par Nadi River", "name:zh": "迪克朗河", "name:zh-Hans": "迪克朗河", "name:zh-Hant": "迪克朗河", "waterway": "river" }, "inside_district": true }, "geometry": { "type": "LineString", "coordinates": [ [ 93.3456464, 27.2303739 ], [ 93.3458521, 27.2305857 ], [ 93.3458737, 27.2309033 ], [ 93.3459062, 27.2314134 ], [ 93.346101, 27.2317311 ], [ 93.3463716, 27.2319524 ], [ 93.3469021, 27.2319428 ], [ 93.3473892, 27.2313364 ], [ 93.3477031, 27.2307974 ], [ 93.3479412, 27.2293055 ], [ 93.3478546, 27.228728 ], [ 93.3482768, 27.2284681 ], [ 93.3484175, 27.2283526 ], [ 93.3488072, 27.2284585 ], [ 93.3490778, 27.2286318 ], [ 93.3498031, 27.2286125 ], [ 93.3498356, 27.2280639 ], [ 93.3496083, 27.2275634 ], [ 93.3497814, 27.226957 ], [ 93.3501495, 27.2262736 ], [ 93.3506583, 27.2259944 ], [ 93.3510046, 27.2258597 ], [ 93.3514485, 27.2258404 ], [ 93.3517732, 27.2259655 ], [ 93.3528773, 27.226649 ], [ 93.3532454, 27.2269377 ], [ 93.3536675, 27.2271013 ], [ 93.3540031, 27.2270917 ], [ 93.3545335, 27.226726 ], [ 93.3549665, 27.2259078 ], [ 93.3566444, 27.2241463 ], [ 93.3570665, 27.223511 ], [ 93.3590042, 27.222173 ], [ 93.3593072, 27.2219131 ], [ 93.3598377, 27.2211623 ], [ 93.3596861, 27.2209024 ], [ 93.3594371, 27.2207677 ], [ 93.358831, 27.2206618 ], [ 93.3584413, 27.2205751 ], [ 93.3576944, 27.2204981 ], [ 93.3572289, 27.2201997 ], [ 93.3571856, 27.2198243 ], [ 93.3568933, 27.2186596 ], [ 93.3565902, 27.2183708 ], [ 93.3563413, 27.2180916 ], [ 93.3562655, 27.2177162 ], [ 93.3564603, 27.2172156 ], [ 93.3569041, 27.2169268 ], [ 93.3574237, 27.216898 ], [ 93.3580408, 27.2167151 ], [ 93.3590583, 27.2169365 ], [ 93.3595129, 27.2172349 ], [ 93.3597944, 27.2174852 ], [ 93.360065, 27.2178606 ], [ 93.3605846, 27.2181783 ], [ 93.3608552, 27.2183419 ], [ 93.3612124, 27.2185729 ], [ 93.3616021, 27.2187462 ], [ 93.3621217, 27.2190061 ], [ 93.362414, 27.2191697 ], [ 93.3629335, 27.2192468 ], [ 93.3632366, 27.2189965 ], [ 93.3632691, 27.2183419 ], [ 93.3632366, 27.2179472 ], [ 93.3632475, 27.2175333 ], [ 93.3633557, 27.217052 ], [ 93.3636805, 27.2161567 ], [ 93.364265, 27.2148187 ], [ 93.3645681, 27.2142988 ], [ 93.3648279, 27.2138945 ], [ 93.3660186, 27.2132303 ], [ 93.3672743, 27.2130763 ], [ 93.3678588, 27.2129993 ], [ 93.3681186, 27.2130089 ], [ 93.36853, 27.2131244 ], [ 93.368833, 27.2132303 ], [ 93.3690928, 27.2133266 ], [ 93.3694934, 27.2133843 ], [ 93.3701739, 27.2133259 ], [ 93.370677, 27.2133538 ], [ 93.3713269, 27.2132326 ], [ 93.3719139, 27.2133632 ], [ 93.37248, 27.2135589 ], [ 93.373612, 27.2144352 ], [ 93.3737693, 27.2146496 ], [ 93.3740313, 27.2149479 ], [ 93.3744716, 27.2152555 ], [ 93.3749223, 27.2154885 ], [ 93.3755932, 27.2156843 ], [ 93.3762326, 27.2157402 ], [ 93.376589, 27.2158241 ], [ 93.3770502, 27.2158428 ], [ 93.3776477, 27.215619 ], [ 93.3785387, 27.2153301 ], [ 93.3790628, 27.2150877 ], [ 93.3807295, 27.2141276 ], [ 93.3817043, 27.2133165 ], [ 93.3819244, 27.2131581 ], [ 93.3822284, 27.2130649 ], [ 93.3824276, 27.2131581 ], [ 93.3828574, 27.2133725 ], [ 93.383633, 27.214025 ], [ 93.3846498, 27.2145843 ], [ 93.385719, 27.2150131 ], [ 93.3869978, 27.2150224 ], [ 93.3878783, 27.2152089 ], [ 93.3883081, 27.2156097 ], [ 93.3884968, 27.2160572 ], [ 93.3886121, 27.2164021 ], [ 93.3888846, 27.2168495 ], [ 93.3891048, 27.2171851 ], [ 93.3893878, 27.2175207 ], [ 93.3898385, 27.2177817 ], [ 93.3903731, 27.2176884 ], [ 93.3909391, 27.2170546 ], [ 93.3921341, 27.2159919 ], [ 93.3929727, 27.2153207 ], [ 93.3934968, 27.2149106 ], [ 93.3942096, 27.2142021 ], [ 93.3946394, 27.2139504 ], [ 93.395132, 27.2136428 ], [ 93.3958343, 27.2134004 ], [ 93.396327, 27.2131021 ], [ 93.3967253, 27.2127106 ], [ 93.3975534, 27.2124589 ], [ 93.3986226, 27.2123004 ], [ 93.3990209, 27.2123657 ], [ 93.3993144, 27.2124496 ], [ 93.399587, 27.2125708 ], [ 93.3999119, 27.2128038 ], [ 93.4002159, 27.2132793 ], [ 93.401044, 27.2140157 ], [ 93.4046813, 27.2147801 ], [ 93.4051006, 27.2152648 ], [ 93.4055723, 27.2158614 ], [ 93.4056981, 27.2161317 ], [ 93.4057924, 27.216486 ], [ 93.4058553, 27.2168495 ], [ 93.4068826, 27.2172783 ], [ 93.4082558, 27.2180706 ], [ 93.4089371, 27.2183316 ], [ 93.4098071, 27.2188909 ], [ 93.4103732, 27.2192079 ], [ 93.4106457, 27.2195248 ], [ 93.4108239, 27.2198231 ], [ 93.4111908, 27.2203544 ], [ 93.4115472, 27.2202985 ], [ 93.411935, 27.2201586 ], [ 93.412239, 27.2199536 ], [ 93.4129518, 27.2195155 ], [ 93.4134969, 27.2189282 ], [ 93.4138428, 27.2188257 ], [ 93.4142097, 27.218807 ], [ 93.4144193, 27.2188723 ], [ 93.4147967, 27.2190774 ], [ 93.414891, 27.2192917 ], [ 93.4150692, 27.2196646 ], [ 93.4152055, 27.2199349 ], [ 93.415478, 27.2202519 ], [ 93.4163585, 27.2210162 ], [ 93.4177107, 27.2223771 ], [ 93.4192935, 27.2246142 ], [ 93.4201112, 27.2256022 ], [ 93.4203627, 27.2260309 ], [ 93.4206038, 27.2263945 ] ] } },
{ "type": "Feature", "properties": { "osm_id": 401782049, "tags": { "source": "bing", "waterway": "stream" }, "inside_district": true }, "geometry": { "type": "LineString", "coordinates": [ [ 93.9544688, 27.3057419 ], [ 93.9547891, 27.3057348 ], [ 93.9550213, 27.3058699 ], [ 93.9553656, 27.3062257 ], [ 93.9554217, 27.3064463 ], [ 93.9551574, 27.3067309 ], [ 93.9551254, 27.307044 ], [ 93.9553817, 27.307293 ], [ 93.9555098, 27.3073286 ], [ 93.9559742, 27.3069372 ], [ 93.9563025, 27.3071222 ], [ 93.9565588, 27.3071365 ], [ 93.9568479, 27.3069895 ] ] } },
{ "type": "Feature", "properties": { "osm_id": 401782052, "tags": { "source": "bing", "waterway": "river" }, "inside_district": true }, "geometry": { "type": "LineString", "coordinates": [ [ 93.9665433, 27.3166987 ], [ 93.9658467, 27.316101 ], [ 93.9657906, 27.3158876 ], [ 93.9659428, 27.3157382 ], [ 93.9670719, 27.3157453 ], [ 93.9678246, 27.3155817 ], [ 93.968273, 27.315354 ], [ 93.968313, 27.3151334 ], [ 93.9676804, 27.314799 ], [ 93.9673041, 27.3144931 ], [ 93.9673681, 27.3142156 ], [ 93.9676884, 27.3141516 ], [ 93.9684492, 27.3143223 ], [ 93.9689376, 27.3142654 ], [ 93.96929, 27.3136322 ], [ 93.9692419, 27.3132693 ], [ 93.9691699, 27.3130203 ], [ 93.969274, 27.3127215 ], [ 93.9696183, 27.3124654 ], [ 93.9701388, 27.3115973 ], [ 93.9704191, 27.3106155 ], [ 93.9707714, 27.3098257 ], [ 93.9706913, 27.3093418 ], [ 93.9704379, 27.3088026 ], [ 93.9701708, 27.308858 ], [ 93.9698517, 27.3088166 ], [ 93.9695994, 27.3088347 ], [ 93.969294, 27.3087236 ], [ 93.9689937, 27.3085805 ], [ 93.9687855, 27.3080896 ], [ 93.9688335, 27.3074563 ], [ 93.9690177, 27.3069938 ], [ 93.9693192, 27.3067229 ] ] } },
{ "type": "Feature", "properties": { "osm_id": 669573564, "tags": { "waterway": "river" }, "inside_district": true }, "geometry": { "type": "LineString", "coordinates": [ [ 94.0978145, 27.4203096 ], [ 94.0982544, 27.4209858 ], [ 94.098469, 27.4210048 ], [ 94.0986621, 27.4209191 ], [ 94.0988767, 27.4205953 ], [ 94.0990591, 27.4205096 ], [ 94.0992522, 27.4206048 ], [ 94.0996385, 27.4210905 ], [ 94.1003144, 27.4216143 ], [ 94.1004109, 27.4214524 ], [ 94.1002393, 27.4210905 ], [ 94.1002071, 27.4203477 ], [ 94.1004324, 27.4200334 ], [ 94.100883, 27.4199477 ], [ 94.101752, 27.4199096 ], [ 94.1023743, 27.4200906 ], [ 94.1031092, 27.4200715 ], [ 94.1047454, 27.4207429 ], [ 94.1050672, 27.4208048 ], [ 94.1053998, 27.420762 ], [ 94.1055071, 27.4205905 ], [ 94.1054964, 27.4204048 ], [ 94.1048258, 27.419981 ], [ 94.1040641, 27.419362 ], [ 94.1039675, 27.4191906 ], [ 94.1039729, 27.4190049 ], [ 94.1043967, 27.4186001 ], [ 94.1057834, 27.4181644 ], [ 94.1056573, 27.4179644 ], [ 94.1052201, 27.4176477 ], [ 94.105424, 27.4174263 ], [ 94.1070387, 27.416793 ], [ 94.1075724, 27.4167811 ], [ 94.107669, 27.4166097 ], [ 94.1077065, 27.4163192 ], [ 94.1073686, 27.4149049 ], [ 94.107272, 27.4140192 ], [ 94.1069555, 27.4129144 ], [ 94.1065264, 27.4121715 ], [ 94.1063172, 27.4119286 ], [ 94.105888, 27.4118239 ], [ 94.1054803, 27.4120239 ], [ 94.1053516, 27.4122953 ], [ 94.1051745, 27.4124286 ], [ 94.1049546, 27.4124429 ], [ 94.1048151, 27.4121667 ], [ 94.1047722, 27.4119715 ], [ 94.1050243, 27.4113572 ], [ 94.1050672, 27.4107952 ], [ 94.1053784, 27.4102904 ], [ 94.1053784, 27.409919 ], [ 94.1050994, 27.4094047 ], [ 94.1049278, 27.4092904 ], [ 94.103415, 27.4088713 ], [ 94.1032433, 27.4087475 ], [ 94.1032219, 27.408557 ], [ 94.1034901, 27.4082522 ], [ 94.1046595, 27.4078236 ], [ 94.1047132, 27.4074522 ], [ 94.1053998, 27.4069283 ], [ 94.1063225, 27.4067854 ], [ 94.1064405, 27.4066235 ], [ 94.1063976, 27.4062521 ], [ 94.1060007, 27.4057949 ], [ 94.1058075, 27.4056901 ], [ 94.1058504, 27.4053091 ], [ 94.1061401, 27.4045947 ], [ 94.105829, 27.4040804 ], [ 94.1058826, 27.4038899 ], [ 94.1062581, 27.403728 ], [ 94.106977, 27.4041661 ], [ 94.10761, 27.4042995 ], [ 94.1079855, 27.404109 ], [ 94.1084361, 27.4036899 ], [ 94.1089833, 27.4033946 ], [ 94.1090691, 27.4032136 ], [ 94.1091335, 27.4030231 ], [ 94.1090476, 27.4028422 ], [ 94.1082215, 27.4024993 ], [ 94.1081357, 27.4023183 ], [ 94.1084575, 27.4011658 ], [ 94.1087365, 27.400861 ], [ 94.1088009, 27.3993369 ], [ 94.1082859, 27.398594 ], [ 94.1080069, 27.3978319 ], [ 94.1075563, 27.3971461 ], [ 94.1074705, 27.3967651 ], [ 94.1076207, 27.3964031 ], [ 94.1075992, 27.3960221 ], [ 94.1078138, 27.3956411 ], [ 94.1081142, 27.3953362 ], [ 94.1083073, 27.3949933 ], [ 94.1086292, 27.3947266 ], [ 94.1090584, 27.3932215 ], [ 94.1090798, 27.3928405 ], [ 94.1087365, 27.3925928 ], [ 94.1086292, 27.3922118 ], [ 94.1087794, 27.3914497 ], [ 94.1091227, 27.3907257 ], [ 94.1099167, 27.390459 ], [ 94.1102814, 27.3902494 ], [ 94.1105175, 27.3899255 ], [ 94.1108393, 27.3892206 ], [ 94.1107106, 27.3888586 ], [ 94.1106891, 27.3884585 ], [ 94.1108608, 27.3880965 ], [ 94.1118049, 27.3873535 ], [ 94.1121697, 27.387182 ], [ 94.1138863, 27.3869915 ], [ 94.1142082, 27.3867438 ], [ 94.1147446, 27.3856768 ], [ 94.114809, 27.3849147 ], [ 94.1146159, 27.3841716 ], [ 94.1146588, 27.3829903 ], [ 94.1144871, 27.3826093 ], [ 94.1139722, 27.3819996 ], [ 94.113822, 27.3816185 ], [ 94.1135645, 27.3812946 ], [ 94.1131997, 27.3810659 ], [ 94.1129637, 27.380742 ], [ 94.1126203, 27.3804753 ], [ 94.1118264, 27.3801513 ], [ 94.1114616, 27.3799227 ], [ 94.1112685, 27.3795988 ], [ 94.1114402, 27.3792558 ], [ 94.1113972, 27.3789128 ] ] } },
{ "type": "Feature", "properties": { "osm_id": 669573566, "tags": { "waterway": "river" }, "inside_district": true }, "geometry": { "type": "LineString", "coordinates": [ [ 94.1097128, 27.4633283 ], [ 94.1103458, 27.4641089 ], [ 94.1104209, 27.4649181 ], [ 94.1107106, 27.4658795 ], [ 94.1108608, 27.4660223 ], [ 94.1110861, 27.4660794 ], [ 94.1123521, 27.4660604 ], [ 94.1134035, 27.4662318 ], [ 94.1136181, 27.4662032 ], [ 94.1139722, 27.4657082 ], [ 94.1143799, 27.465375 ], [ 94.1148841, 27.465137 ], [ 94.1157317, 27.4649752 ], [ 94.1160214, 27.4644706 ], [ 94.1166866, 27.4644516 ], [ 94.116869, 27.4643374 ], [ 94.1170192, 27.4642041 ], [ 94.1170621, 27.4640137 ], [ 94.1170514, 27.4634425 ], [ 94.1176736, 27.4631569 ], [ 94.1181993, 27.4626714 ], [ 94.1188109, 27.4625096 ], [ 94.1194653, 27.4625001 ], [ 94.1197872, 27.4616052 ], [ 94.1200018, 27.4616052 ], [ 94.1211283, 27.4622906 ], [ 94.1219544, 27.4626333 ], [ 94.122169, 27.4626143 ], [ 94.122287, 27.4624525 ], [ 94.1222763, 27.4620621 ], [ 94.1225016, 27.4615195 ], [ 94.1231561, 27.4614814 ], [ 94.1233492, 27.4615481 ], [ 94.1234457, 27.4617194 ], [ 94.1234565, 27.4621097 ], [ 94.1236067, 27.462243 ], [ 94.1238212, 27.4622716 ], [ 94.1240144, 27.4621859 ], [ 94.1240895, 27.4618146 ], [ 94.1242611, 27.4616909 ], [ 94.1246903, 27.461748 ], [ 94.1248834, 27.4618527 ], [ 94.1253018, 27.4618432 ], [ 94.1259992, 27.4616337 ], [ 94.1265786, 27.4611863 ], [ 94.1267073, 27.4610245 ], [ 94.1265035, 27.460082 ], [ 94.1269648, 27.4596821 ], [ 94.1278124, 27.4595298 ], [ 94.12866, 27.4596917 ], [ 94.1292179, 27.4594441 ], [ 94.129411, 27.4590919 ], [ 94.1293895, 27.4586921 ], [ 94.1291428, 27.4583779 ], [ 94.128145, 27.457959 ], [ 94.1276407, 27.4575782 ], [ 94.1272867, 27.4568737 ], [ 94.1274154, 27.4565119 ], [ 94.127394, 27.4563215 ], [ 94.1275871, 27.4562263 ], [ 94.1280162, 27.4562073 ], [ 94.1293788, 27.4564167 ], [ 94.130795, 27.4564167 ], [ 94.1316318, 27.4561501 ], [ 94.1318249, 27.4558265 ], [ 94.1316533, 27.4550839 ], [ 94.1314387, 27.4547411 ], [ 94.1313314, 27.4543603 ], [ 94.1313958, 27.4539795 ], [ 94.1320824, 27.4535796 ], [ 94.1323614, 27.453294 ], [ 94.1342497, 27.4529608 ], [ 94.1361272, 27.4528465 ], [ 94.1365456, 27.4527418 ], [ 94.1367495, 27.4527704 ], [ 94.1371465, 27.4532464 ], [ 94.1376614, 27.4536082 ], [ 94.137876, 27.4536367 ], [ 94.137994, 27.4534749 ], [ 94.1379297, 27.4532845 ], [ 94.1382515, 27.4527989 ], [ 94.1391098, 27.4527227 ], [ 94.1395283, 27.452618 ], [ 94.1398287, 27.452361 ], [ 94.1395605, 27.4512089 ], [ 94.1392171, 27.4509519 ], [ 94.1387772, 27.4509233 ], [ 94.1385734, 27.451009 ], [ 94.1380584, 27.4516374 ], [ 94.1378546, 27.4517326 ], [ 94.13764, 27.451685 ], [ 94.1376078, 27.4507329 ], [ 94.137876, 27.4502854 ], [ 94.1382408, 27.4500855 ], [ 94.1384768, 27.4497523 ], [ 94.1384017, 27.4495714 ], [ 94.1377258, 27.449419 ], [ 94.1371035, 27.4491715 ], [ 94.1368139, 27.4486478 ], [ 94.1369104, 27.4484764 ], [ 94.1381442, 27.4481432 ], [ 94.138509, 27.4479623 ], [ 94.1394424, 27.4481242 ], [ 94.139716, 27.4480837 ], [ 94.1398555, 27.4479623 ], [ 94.1399494, 27.4477052 ], [ 94.1398072, 27.4472292 ], [ 94.1393995, 27.4465341 ], [ 94.1394961, 27.4461533 ], [ 94.1394317, 27.4459533 ], [ 94.1395068, 27.4455725 ], [ 94.1395068, 27.4438682 ], [ 94.1391849, 27.4431541 ], [ 94.1390026, 27.4430493 ], [ 94.1389167, 27.4428589 ], [ 94.1381979, 27.4423257 ], [ 94.1375863, 27.4420019 ], [ 94.13661, 27.4408498 ], [ 94.1365242, 27.4400595 ], [ 94.13661, 27.4398691 ], [ 94.1363096, 27.4391264 ], [ 94.1362882, 27.4387455 ], [ 94.13661, 27.4378981 ], [ 94.1373825, 27.4373553 ], [ 94.1380262, 27.4371363 ], [ 94.1383695, 27.4369173 ], [ 94.138627, 27.4366126 ], [ 94.1384768, 27.4360603 ], [ 94.1384983, 27.4358699 ], [ 94.1380048, 27.4352033 ], [ 94.1376614, 27.4349462 ], [ 94.1369533, 27.434194 ], [ 94.1368782, 27.434013 ], [ 94.1369855, 27.4338416 ], [ 94.1370284, 27.4334703 ], [ 94.1369748, 27.4332798 ], [ 94.1368246, 27.4331179 ], [ 94.1354942, 27.4328513 ], [ 94.1341638, 27.4321371 ], [ 94.1329622, 27.4309373 ], [ 94.1329193, 27.4305373 ], [ 94.133048, 27.4297374 ], [ 94.1334557, 27.4289185 ], [ 94.133327, 27.4284995 ], [ 94.1334986, 27.4269758 ], [ 94.1331124, 27.4251474 ], [ 94.1330695, 27.4243284 ], [ 94.1331339, 27.4235666 ], [ 94.1329622, 27.4231857 ], [ 94.1330051, 27.4228047 ], [ 94.1327262, 27.4220429 ], [ 94.1325116, 27.4217191 ], [ 94.1321254, 27.4206144 ], [ 94.1322326, 27.4202334 ], [ 94.1327047, 27.4195477 ], [ 94.1334128, 27.4181382 ], [ 94.1336703, 27.4178144 ], [ 94.134314, 27.4173001 ], [ 94.1350007, 27.4163287 ], [ 94.135623, 27.4157192 ], [ 94.136095, 27.4150716 ], [ 94.1364169, 27.4143668 ], [ 94.1369104, 27.412081 ], [ 94.1365242, 27.4113572 ], [ 94.1367816, 27.4102905 ], [ 94.1366529, 27.4087666 ], [ 94.1366958, 27.4077379 ], [ 94.1361379, 27.4057187 ], [ 94.1362667, 27.4049948 ], [ 94.1358804, 27.4042709 ], [ 94.1358375, 27.4034708 ], [ 94.1360521, 27.4027088 ], [ 94.1360092, 27.4019087 ], [ 94.1354084, 27.401261 ], [ 94.1352796, 27.4004609 ], [ 94.1351938, 27.3988607 ], [ 94.1346359, 27.3966127 ], [ 94.1346359, 27.3958506 ], [ 94.135108, 27.3938312 ], [ 94.1354942, 27.3931453 ], [ 94.1357088, 27.3923833 ], [ 94.1360521, 27.3917355 ], [ 94.1374254, 27.3907829 ], [ 94.1382408, 27.3906686 ], [ 94.1398716, 27.3902113 ], [ 94.1405582, 27.3897541 ], [ 94.1408157, 27.3890301 ], [ 94.1409015, 27.388268 ], [ 94.1409015, 27.3875059 ], [ 94.1406011, 27.3860198 ], [ 94.1409015, 27.3845337 ], [ 94.1412448, 27.3838477 ], [ 94.1414165, 27.3830856 ], [ 94.1414165, 27.3823235 ], [ 94.1410732, 27.3808373 ], [ 94.1413307, 27.3800751 ], [ 94.1458368, 27.3750448 ], [ 94.1465663, 27.3745875 ], [ 94.1499996, 27.3739015 ], [ 94.1516304, 27.3733299 ], [ 94.1551923, 27.3712719 ], [ 94.1556644, 27.3706621 ], [ 94.1555786, 27.3698999 ], [ 94.1557502, 27.3691377 ], [ 94.1577632, 27.3677605 ], [ 94.1585826, 27.3675751 ], [ 94.1593551, 27.367194 ], [ 94.1599989, 27.3666604 ], [ 94.1622734, 27.365679 ], [ 94.1630029, 27.3650978 ], [ 94.1654062, 27.3623536 ], [ 94.1660928, 27.3618581 ], [ 94.1671051, 27.3613295 ], [ 94.1679811, 27.3613245 ], [ 94.1696977, 27.361134 ], [ 94.1788816, 27.359152 ], [ 94.1835594, 27.3582372 ], [ 94.1907692, 27.3560646 ], [ 94.1958332, 27.3541207 ], [ 94.2019271, 27.3511094 ], [ 94.205532, 27.3472976 ], [ 94.2081499, 27.3451629 ], [ 94.2124843, 27.3386442 ], [ 94.2144155, 27.3372337 ], [ 94.2134468, 27.3346378 ] ] } },
{ "type": "Feature", "properties": { "osm_id": 669573567, "tags": { "name": "Dulang", "waterway": "river" }, "inside_district": true }, "geometry": { "type": "LineString", "coordinates": [ [ 94.1435087, 27.4923597 ], [ 94.1435838, 27.4920171 ], [ 94.1436911, 27.4913223 ], [ 94.1434121, 27.490599 ], [ 94.1434765, 27.4902278 ], [ 94.1437983, 27.4899709 ], [ 94.1450858, 27.4900946 ], [ 94.1452789, 27.4900185 ], [ 94.1459012, 27.4895045 ], [ 94.1462338, 27.4895331 ], [ 94.1465342, 27.4890762 ], [ 94.1472959, 27.4886765 ], [ 94.1475963, 27.4884005 ], [ 94.1476822, 27.4882292 ], [ 94.1474998, 27.4874297 ], [ 94.1478109, 27.4867158 ], [ 94.1481006, 27.4864303 ], [ 94.1487765, 27.4859639 ], [ 94.1489482, 27.4856023 ], [ 94.1489911, 27.4844792 ], [ 94.149431, 27.4840128 ], [ 94.1500318, 27.4837939 ], [ 94.1510081, 27.4832418 ], [ 94.1517591, 27.4821377 ], [ 94.1516626, 27.4815666 ], [ 94.1514802, 27.4814429 ], [ 94.1508043, 27.4813572 ], [ 94.1506541, 27.4812145 ], [ 94.1503537, 27.4806814 ], [ 94.1503107, 27.4804911 ], [ 94.1504073, 27.4803197 ], [ 94.1511798, 27.4799105 ], [ 94.1515446, 27.479939 ], [ 94.1522741, 27.4796725 ], [ 94.1532504, 27.479663 ], [ 94.1538298, 27.4799105 ], [ 94.1546774, 27.4801103 ], [ 94.1547847, 27.4799485 ], [ 94.154613, 27.4796059 ], [ 94.1531968, 27.4786635 ], [ 94.1530037, 27.4783114 ], [ 94.1530251, 27.4777307 ], [ 94.1533685, 27.4774928 ], [ 94.1540122, 27.4774261 ], [ 94.1541946, 27.4773214 ], [ 94.1543341, 27.4771787 ], [ 94.1543233, 27.4769978 ], [ 94.1544306, 27.476836 ], [ 94.1547847, 27.476598 ], [ 94.15501, 27.4762649 ], [ 94.1558576, 27.4756271 ], [ 94.1569948, 27.4752844 ], [ 94.1590118, 27.4753416 ], [ 94.1612863, 27.4748847 ], [ 94.1625523, 27.4749989 ], [ 94.1642046, 27.475551 ], [ 94.1645264, 27.4758175 ], [ 94.1646766, 27.4761983 ], [ 94.1646552, 27.4769788 ], [ 94.1648054, 27.4773595 ], [ 94.1649771, 27.4777022 ], [ 94.1656208, 27.4782352 ], [ 94.1697192, 27.479682 ], [ 94.1704702, 27.4805767 ], [ 94.170599, 27.4809575 ], [ 94.1709637, 27.4811859 ], [ 94.1733026, 27.4822139 ], [ 94.1745686, 27.4825565 ], [ 94.1749549, 27.4827469 ], [ 94.1754699, 27.4833941 ], [ 94.1769504, 27.4848789 ], [ 94.1782379, 27.4856213 ], [ 94.1810703, 27.4862876 ], [ 94.1814995, 27.4863066 ], [ 94.1819286, 27.4864208 ], [ 94.1822934, 27.4866492 ], [ 94.1826367, 27.4869348 ], [ 94.1834736, 27.4878865 ], [ 94.1840529, 27.4890096 ], [ 94.185276, 27.4902088 ], [ 94.1856837, 27.4903801 ], [ 94.1874647, 27.4905705 ], [ 94.1878724, 27.4904182 ], [ 94.1882157, 27.4901517 ], [ 94.1886449, 27.4900565 ], [ 94.1894603, 27.4902659 ], [ 94.1897607, 27.4905514 ], [ 94.1902971, 27.4916364 ], [ 94.1905975, 27.491941 ], [ 94.1907906, 27.4922836 ], [ 94.191091, 27.4925501 ], [ 94.1914344, 27.4927595 ], [ 94.1918635, 27.4928737 ], [ 94.1927433, 27.4927404 ], [ 94.193623, 27.4927214 ], [ 94.194653, 27.4933115 ], [ 94.1966057, 27.4948723 ], [ 94.1976356, 27.4950055 ], [ 94.2008543, 27.4948723 ], [ 94.2026567, 27.4952149 ], [ 94.2032146, 27.4955575 ], [ 94.2048454, 27.4961095 ], [ 94.2063045, 27.4967376 ], [ 94.2071414, 27.4967947 ], [ 94.2101884, 27.4967376 ], [ 94.210875, 27.4969279 ], [ 94.2112613, 27.4971183 ], [ 94.2122698, 27.4983364 ], [ 94.212656, 27.4992119 ], [ 94.2129349, 27.4995165 ], [ 94.2132783, 27.499802 ], [ 94.2140937, 27.5001065 ], [ 94.2145228, 27.5001636 ], [ 94.2149734, 27.5001065 ], [ 94.2169261, 27.4996116 ], [ 94.2174625, 27.4996307 ], [ 94.2178702, 27.4997829 ], [ 94.2183208, 27.4997449 ], [ 94.2193937, 27.4996116 ], [ 94.2208528, 27.4992119 ], [ 94.2221188, 27.4991548 ], [ 94.2233205, 27.4993452 ], [ 94.2239427, 27.4999923 ], [ 94.2246294, 27.5005252 ], [ 94.2252087, 27.5008107 ], [ 94.2261314, 27.5008488 ], [ 94.2274618, 27.5006394 ], [ 94.2279124, 27.5006394 ], [ 94.2289853, 27.5008107 ], [ 94.229393, 27.5010011 ], [ 94.2305732, 27.5019717 ], [ 94.2310881, 27.5019146 ], [ 94.2315388, 27.5020479 ], [ 94.2324614, 27.502105 ], [ 94.2332768, 27.5024095 ], [ 94.2339849, 27.5029043 ], [ 94.2342424, 27.5032469 ], [ 94.2343068, 27.5040082 ], [ 94.234457, 27.5043699 ], [ 94.2349076, 27.5051121 ], [ 94.2355299, 27.5057592 ], [ 94.2358947, 27.5059876 ], [ 94.2366457, 27.5063302 ], [ 94.2374825, 27.5065586 ], [ 94.2378902, 27.5064824 ], [ 94.2382765, 27.5063111 ], [ 94.2387056, 27.5062731 ], [ 94.2395854, 27.5064063 ], [ 94.2399931, 27.5065395 ], [ 94.2415166, 27.5073579 ], [ 94.2424178, 27.5082524 ], [ 94.2428255, 27.5089566 ], [ 94.2429757, 27.5097178 ], [ 94.2427611, 27.5100604 ], [ 94.2427182, 27.5104981 ], [ 94.242804, 27.5109168 ], [ 94.2431474, 27.5112213 ], [ 94.2442632, 27.5118493 ], [ 94.2444777, 27.5122109 ], [ 94.2452073, 27.5127057 ], [ 94.2472672, 27.5135241 ], [ 94.2486191, 27.5137144 ], [ 94.2506575, 27.5143424 ], [ 94.2516017, 27.5143805 ], [ 94.2528033, 27.5139808 ], [ 94.2534685, 27.513467 ], [ 94.2536402, 27.5131054 ], [ 94.2541551, 27.5124964 ], [ 94.2541766, 27.5121158 ], [ 94.2544126, 27.5117923 ], [ 94.2550349, 27.5112403 ], [ 94.2564297, 27.5089756 ], [ 94.2578458, 27.5059115 ], [ 94.2635107, 27.5035895 ], [ 94.2677164, 27.500354 ], [ 94.2695617, 27.4948342 ], [ 94.2715358, 27.4916364 ], [ 94.2767715, 27.4849741 ], [ 94.2769432, 27.4823852 ], [ 94.275999, 27.4790348 ], [ 94.2747974, 27.4769026 ], [ 94.274497, 27.4732855 ], [ 94.2741752, 27.4674027 ] ] } },
{ "type": "Feature", "properties": { "osm_id": 669573568, "tags": { "waterway": "river" }, "inside_district": true }, "geometry": { "type": "LineString", "coordinates": [ [ 93.9225107, 27.2956795 ], [ 93.9226073, 27.2955174 ], [ 93.9230284, 27.2951647 ], [ 93.9232215, 27.2950741 ], [ 93.9234656, 27.2950669 ], [ 93.9236909, 27.295117 ], [ 93.923825, 27.2950669 ], [ 93.9238197, 27.2948619 ], [ 93.9238089, 27.2945807 ], [ 93.9237526, 27.2944401 ], [ 93.9233878, 27.2940968 ], [ 93.9232618, 27.2937679 ], [ 93.9232403, 27.2932149 ], [ 93.9232001, 27.2931076 ], [ 93.9229935, 27.2929003 ], [ 93.9224812, 27.2927072 ], [ 93.9218563, 27.2924021 ], [ 93.9217705, 27.2922138 ], [ 93.9217597, 27.2919516 ], [ 93.9220199, 27.2917704 ], [ 93.9222774, 27.2918801 ], [ 93.9225268, 27.292128 ], [ 93.9226717, 27.2921685 ], [ 93.9227977, 27.2920517 ], [ 93.922897, 27.2917704 ], [ 93.9230955, 27.2915654 ], [ 93.9231786, 27.2913771 ], [ 93.9235005, 27.2913008 ], [ 93.9235729, 27.2911912 ], [ 93.9234924, 27.2911006 ], [ 93.923369, 27.2909671 ], [ 93.9234066, 27.290724 ], [ 93.9236104, 27.290376 ], [ 93.9235944, 27.2900089 ], [ 93.9234763, 27.2898087 ], [ 93.9232081, 27.2897372 ], [ 93.9230686, 27.2898277 ], [ 93.9230043, 27.2902187 ], [ 93.9228058, 27.2904523 ], [ 93.9225858, 27.2904999 ], [ 93.922323, 27.2903665 ], [ 93.9221084, 27.2901519 ], [ 93.9220333, 27.2899517 ], [ 93.9220709, 27.2896323 ], [ 93.9216149, 27.2893844 ], [ 93.9215559, 27.2891555 ], [ 93.9216685, 27.2889076 ], [ 93.9219689, 27.288798 ], [ 93.9221352, 27.2884738 ], [ 93.9221996, 27.288326 ], [ 93.9223766, 27.2882545 ], [ 93.9226127, 27.2884738 ], [ 93.9227951, 27.2883069 ], [ 93.9228487, 27.2881019 ], [ 93.9233905, 27.2879351 ], [ 93.9235514, 27.2875585 ], [ 93.9234495, 27.2871914 ], [ 93.9233422, 27.2867814 ], [ 93.9227951, 27.2865716 ], [ 93.9227629, 27.2864238 ], [ 93.9224786, 27.2864858 ], [ 93.9218348, 27.2861187 ], [ 93.9219475, 27.2859566 ], [ 93.9220762, 27.2857516 ], [ 93.9218026, 27.2854608 ], [ 93.9216793, 27.2851127 ], [ 93.9220118, 27.2846693 ], [ 93.9221299, 27.2843499 ], [ 93.9217758, 27.2839828 ], [ 93.9218295, 27.2838815 ], [ 93.9217919, 27.2837313 ], [ 93.9216846, 27.2836562 ], [ 93.9216605, 27.283537 ], [ 93.9217436, 27.2833726 ], [ 93.921816, 27.2832558 ], [ 93.9217946, 27.2829077 ], [ 93.9217249, 27.2827408 ], [ 93.9216042, 27.2826336 ], [ 93.9213788, 27.2825716 ], [ 93.9212286, 27.2824619 ], [ 93.9211643, 27.2823475 ], [ 93.9211428, 27.282214 ], [ 93.9210731, 27.2820424 ], [ 93.9207673, 27.2817516 ], [ 93.9207405, 27.2816324 ], [ 93.9208692, 27.281413 ], [ 93.9210677, 27.2810412 ], [ 93.921057, 27.2807742 ], [ 93.9207083, 27.2806645 ], [ 93.9205581, 27.2808075 ], [ 93.9200538, 27.2808314 ], [ 93.919453, 27.2807575 ], [ 93.9191687, 27.2806979 ], [ 93.9190775, 27.2806121 ], [ 93.9191473, 27.2800662 ], [ 93.9189863, 27.2794988 ], [ 93.9190936, 27.2793367 ], [ 93.9194772, 27.2792151 ], [ 93.9195147, 27.2791221 ], [ 93.919335, 27.2785381 ], [ 93.9192223, 27.2783712 ], [ 93.919276, 27.2782902 ], [ 93.9193833, 27.2782711 ], [ 93.9195871, 27.2783331 ], [ 93.9201236, 27.2788194 ], [ 93.9203221, 27.2787669 ], [ 93.9203703, 27.2786811 ], [ 93.9203167, 27.2783998 ], [ 93.9201558, 27.278252 ], [ 93.919614, 27.2779612 ], [ 93.9195442, 27.2778849 ], [ 93.9195228, 27.2777895 ], [ 93.9198071, 27.277656 ], [ 93.9198768, 27.277575 ], [ 93.9198714, 27.2773938 ], [ 93.9197534, 27.2772269 ], [ 93.919453, 27.2770839 ], [ 93.9193243, 27.2769265 ], [ 93.9193618, 27.2767263 ], [ 93.9195496, 27.2764879 ], [ 93.919512, 27.2763925 ], [ 93.9189756, 27.2760779 ], [ 93.918246, 27.2759253 ], [ 93.9181709, 27.2757489 ], [ 93.9182568, 27.275377 ], [ 93.9184874, 27.2751672 ], [ 93.9185947, 27.2750003 ], [ 93.9188093, 27.274986 ], [ 93.9189058, 27.2750337 ], [ 93.9195549, 27.2758871 ], [ 93.9199841, 27.2763592 ], [ 93.9202684, 27.2764974 ], [ 93.9203703, 27.2764736 ], [ 93.9204454, 27.2764021 ], [ 93.9204991, 27.2762209 ], [ 93.9206761, 27.2761065 ], [ 93.9210999, 27.2761732 ], [ 93.921293, 27.2762876 ], [ 93.9215022, 27.2763496 ], [ 93.9217114, 27.2763544 ], [ 93.9218026, 27.2763067 ], [ 93.9218724, 27.2762352 ], [ 93.9217651, 27.2759587 ], [ 93.9217704, 27.2757679 ], [ 93.9217383, 27.2756678 ], [ 93.9215881, 27.2755438 ], [ 93.9216149, 27.2753722 ], [ 93.9217436, 27.2751386 ], [ 93.9218455, 27.2747047 ], [ 93.9217007, 27.2739036 ], [ 93.9214647, 27.2734268 ], [ 93.9214915, 27.2733315 ], [ 93.9218187, 27.2730645 ], [ 93.922103, 27.2729357 ], [ 93.9223337, 27.2726735 ], [ 93.9224249, 27.2726258 ], [ 93.9224839, 27.2725448 ], [ 93.9224946, 27.2722062 ], [ 93.9224249, 27.2718677 ], [ 93.9220709, 27.2714529 ], [ 93.9218616, 27.2713241 ], [ 93.9218134, 27.2712383 ], [ 93.9218885, 27.2709665 ], [ 93.9220655, 27.2708664 ], [ 93.9223927, 27.2707996 ], [ 93.923074, 27.2708759 ], [ 93.9240342, 27.2710857 ], [ 93.9242166, 27.2709856 ], [ 93.9242327, 27.2708902 ], [ 93.9241415, 27.2706041 ], [ 93.922103, 27.2690831 ], [ 93.9218831, 27.2690735 ], [ 93.921513, 27.2692881 ], [ 93.9213574, 27.269455 ], [ 93.921234, 27.2700129 ], [ 93.9211428, 27.2700796 ], [ 93.9210355, 27.2700892 ], [ 93.9208317, 27.2700081 ], [ 93.9198554, 27.2693787 ], [ 93.9197588, 27.2690974 ], [ 93.9200485, 27.2686539 ], [ 93.9201289, 27.2685872 ], [ 93.9201665, 27.2682963 ], [ 93.9202148, 27.2682105 ], [ 93.9201397, 27.2680245 ], [ 93.91985, 27.2676192 ], [ 93.9192331, 27.2670661 ], [ 93.9190453, 27.2667514 ], [ 93.9190078, 27.2664986 ], [ 93.9192438, 27.2658883 ], [ 93.9190936, 27.2657405 ], [ 93.9191097, 27.2654639 ], [ 93.9192277, 27.2653018 ], [ 93.9195657, 27.2650538 ], [ 93.9198929, 27.2650157 ], [ 93.9218563, 27.265216 ], [ 93.9221728, 27.2651492 ], [ 93.9222318, 27.2650729 ], [ 93.9221996, 27.2647916 ], [ 93.9222264, 27.2646962 ], [ 93.9217865, 27.2633086 ], [ 93.9217812, 27.2625981 ], [ 93.9218402, 27.2621212 ], [ 93.9219743, 27.2615824 ], [ 93.9222747, 27.2610626 ] ] } },
{ "type": "Feature", "properties": { "osm_id": 669573569, "tags": { "name": "Padma Nadi", "waterway": "river" }, "inside_district": true }, "geometry": { "type": "LineString", "coordinates": [ [ 93.8920194, 27.2776703 ], [ 93.8920194, 27.2774796 ], [ 93.8922983, 27.2770648 ], [ 93.8924915, 27.2768264 ], [ 93.892765, 27.27665 ], [ 93.8929099, 27.2763878 ], [ 93.892352, 27.2748906 ], [ 93.8923413, 27.2744997 ], [ 93.8924378, 27.2744472 ], [ 93.8925505, 27.274452 ], [ 93.8927758, 27.2744901 ], [ 93.892985, 27.2745759 ], [ 93.8933176, 27.2745712 ], [ 93.8943154, 27.2744043 ], [ 93.8944763, 27.274266 ], [ 93.8944548, 27.2740658 ], [ 93.8956726, 27.2741516 ], [ 93.8960963, 27.2740801 ], [ 93.8962626, 27.2739609 ], [ 93.8962144, 27.2736748 ], [ 93.896091, 27.2735079 ], [ 93.8957852, 27.2733792 ], [ 93.8955492, 27.2733553 ], [ 93.8948035, 27.2736652 ], [ 93.8945782, 27.2736509 ], [ 93.8943583, 27.2735842 ], [ 93.893618, 27.2730978 ], [ 93.8935965, 27.2729071 ], [ 93.8937414, 27.2722348 ], [ 93.8935804, 27.2717008 ], [ 93.8934302, 27.2715387 ], [ 93.8932586, 27.2711763 ], [ 93.8931298, 27.2710142 ], [ 93.8929474, 27.2708902 ], [ 93.8925075, 27.2707758 ], [ 93.8923252, 27.2706709 ], [ 93.892293, 27.2704897 ], [ 93.8924432, 27.269536 ], [ 93.8925183, 27.2693453 ], [ 93.8926899, 27.2692213 ], [ 93.8928831, 27.2691546 ], [ 93.8931084, 27.2691737 ], [ 93.8933015, 27.26925 ], [ 93.8939237, 27.2693835 ], [ 93.8941491, 27.2693835 ], [ 93.8943529, 27.2693358 ], [ 93.8949215, 27.2690974 ], [ 93.8960802, 27.2684203 ], [ 93.8962948, 27.2683249 ], [ 93.8968849, 27.2682009 ], [ 93.897078, 27.2681151 ], [ 93.8970995, 27.2677241 ], [ 93.8968634, 27.2674094 ], [ 93.8968956, 27.2669516 ], [ 93.8970673, 27.2668277 ], [ 93.8974535, 27.266656 ], [ 93.8975716, 27.2664939 ], [ 93.8980007, 27.2664748 ], [ 93.898623, 27.2666846 ], [ 93.8988376, 27.2666942 ], [ 93.8990307, 27.2665702 ], [ 93.8989878, 27.2663794 ], [ 93.8987517, 27.2660361 ], [ 93.8987195, 27.2658454 ], [ 93.8988161, 27.2654639 ], [ 93.898977, 27.2653304 ], [ 93.8991701, 27.2652636 ], [ 93.8993847, 27.2652827 ], [ 93.9000499, 27.2653685 ], [ 93.9006829, 27.2654925 ], [ 93.9008653, 27.2655974 ], [ 93.9010048, 27.2657596 ], [ 93.9010262, 27.2659503 ], [ 93.9008868, 27.2663413 ], [ 93.9007044, 27.2674571 ], [ 93.9002538, 27.2680102 ], [ 93.899138, 27.2681437 ], [ 93.8989341, 27.26822 ], [ 93.8987946, 27.2683917 ], [ 93.8988054, 27.2687922 ], [ 93.8988912, 27.2689829 ], [ 93.8991701, 27.2692786 ], [ 93.8993418, 27.2694025 ], [ 93.8995457, 27.2694693 ], [ 93.9001787, 27.2695551 ], [ 93.9003932, 27.2695456 ], [ 93.9005971, 27.2694788 ], [ 93.9007795, 27.2693835 ], [ 93.9010155, 27.2688399 ], [ 93.9012515, 27.268611 ], [ 93.902657, 27.2676955 ], [ 93.9037621, 27.2671614 ], [ 93.9041912, 27.267047 ], [ 93.9043951, 27.2670375 ], [ 93.9046097, 27.2670565 ], [ 93.9050281, 27.267171 ], [ 93.9058328, 27.2678195 ], [ 93.9063907, 27.2692976 ], [ 93.9066052, 27.26966 ], [ 93.9070022, 27.2698412 ], [ 93.9072597, 27.2698508 ], [ 93.9077961, 27.2696696 ], [ 93.908236, 27.2696505 ], [ 93.9086759, 27.2697268 ], [ 93.9090836, 27.2698603 ], [ 93.9092982, 27.2698603 ], [ 93.9094806, 27.2697649 ], [ 93.909502, 27.2695742 ], [ 93.9094698, 27.2691832 ], [ 93.9095235, 27.2689925 ], [ 93.9095127, 27.2688017 ], [ 93.9093089, 27.2681819 ], [ 93.9093518, 27.2678004 ], [ 93.9094484, 27.2676192 ], [ 93.9096415, 27.2675429 ], [ 93.9098668, 27.267562 ], [ 93.9109719, 27.2682677 ], [ 93.9113796, 27.2684107 ], [ 93.911798, 27.2685061 ], [ 93.9120018, 27.2684584 ], [ 93.9122915, 27.2679625 ], [ 93.9123559, 27.2677813 ], [ 93.9123559, 27.2674094 ], [ 93.9125168, 27.267047 ], [ 93.9130103, 27.2666655 ], [ 93.9136648, 27.2658072 ], [ 93.9143515, 27.2651969 ], [ 93.9145446, 27.2650729 ], [ 93.9147591, 27.2650824 ], [ 93.9156496, 27.2654734 ], [ 93.9160252, 27.2656833 ], [ 93.9162397, 27.2657309 ], [ 93.9166689, 27.2656737 ], [ 93.9168084, 27.2655211 ], [ 93.9168727, 27.2653399 ], [ 93.9169156, 27.2647963 ], [ 93.9168942, 27.2646056 ], [ 93.9170015, 27.2644339 ], [ 93.9171839, 27.2643195 ], [ 93.9173984, 27.2642718 ], [ 93.9178169, 27.2642718 ], [ 93.9186323, 27.2640715 ], [ 93.9190829, 27.2638426 ], [ 93.9195013, 27.2633658 ], [ 93.9202952, 27.2621641 ], [ 93.9209604, 27.2614965 ], [ 93.9215827, 27.2612963 ], [ 93.921808, 27.2612963 ], [ 93.9222747, 27.2610626 ], [ 93.92331, 27.2600755 ], [ 93.9236426, 27.2590741 ], [ 93.9237928, 27.258168 ], [ 93.923707, 27.2575195 ], [ 93.9233851, 27.2567851 ], [ 93.9222371, 27.2560602 ], [ 93.9221612, 27.2559804 ], [ 93.9215398, 27.2553926 ], [ 93.9214218, 27.2552305 ], [ 93.9213681, 27.2550397 ], [ 93.9216742, 27.254695 ], [ 93.9238143, 27.2548299 ], [ 93.9259171, 27.2553354 ], [ 93.9261317, 27.2553831 ], [ 93.926357, 27.2554021 ], [ 93.9264878, 27.25539 ], [ 93.9267111, 27.2553735 ], [ 93.9268827, 27.2552591 ], [ 93.9270008, 27.2550969 ], [ 93.9279556, 27.2544102 ], [ 93.9294087, 27.253894 ], [ 93.932451, 27.2540669 ], [ 93.9360988, 27.2543339 ], [ 93.9384656, 27.2536452 ], [ 93.9403367, 27.2525122 ], [ 93.9436197, 27.2499369 ], [ 93.9457655, 27.2476478 ], [ 93.9473319, 27.2445001 ], [ 93.94907, 27.2384906 ], [ 93.9505076, 27.2364111 ], [ 93.9616441, 27.2272339 ], [ 93.9622449, 27.2266997 ], [ 93.9628028, 27.2261273 ], [ 93.9633178, 27.2254785 ], [ 93.9667081, 27.2190291 ], [ 93.9684248, 27.2172736 ], [ 93.9688968, 27.2165867 ], [ 93.9692831, 27.2158997 ], [ 93.969326, 27.2151364 ], [ 93.9691972, 27.2143731 ], [ 93.9687681, 27.2128847 ], [ 93.9675235, 27.2089918 ], [ 93.9670515, 27.2083048 ], [ 93.967266, 27.2075796 ], [ 93.9676523, 27.2068926 ], [ 93.9682531, 27.2062819 ], [ 93.9725017, 27.2002513 ], [ 93.9749479, 27.195022 ], [ 93.9748621, 27.1942967 ], [ 93.9749479, 27.1927698 ], [ 93.9763641, 27.1849825 ], [ 93.9764928, 27.1834555 ], [ 93.9769594, 27.1827372 ], [ 93.9782953, 27.1810886 ], [ 93.9797544, 27.1804014 ], [ 93.9806127, 27.1801342 ], [ 93.9810304, 27.1801133 ], [ 93.9818573, 27.1800578 ], [ 93.9831501, 27.1795949 ], [ 93.9862346, 27.1789507 ], [ 93.9869213, 27.1784926 ], [ 93.9875221, 27.1779581 ], [ 93.9880371, 27.1773473 ], [ 93.9884662, 27.1766601 ], [ 93.9884662, 27.1758965 ], [ 93.9885521, 27.1751329 ], [ 93.9888954, 27.173854 ], [ 93.9890671, 27.1733767 ], [ 93.9893245, 27.173014 ], [ 93.9898395, 27.1727277 ], [ 93.9935088, 27.1716205 ], [ 93.9965129, 27.1697306 ], [ 93.9987016, 27.1680125 ], [ 93.9989987, 27.1676492 ], [ 93.9994526, 27.166848 ], [ 93.9995169, 27.1659125 ], [ 93.9994526, 27.1650534 ], [ 93.9998173, 27.163908 ], [ 94.00074, 27.1623234 ], [ 94.0013723, 27.1618859 ] ] } },
{ "type": "Feature", "properties": { "osm_id": 669715252, "tags": { "name": "Dulang", "waterway": "river" }, "inside_district": true }, "geometry": { "type": "LineString", "coordinates": [ [ 94.1235906, 27.4887003 ], [ 94.1236979, 27.4887288 ], [ 94.1238052, 27.4887241 ], [ 94.1241324, 27.4884481 ], [ 94.1243362, 27.4883386 ], [ 94.1244435, 27.4883148 ], [ 94.1245615, 27.4883148 ], [ 94.1250282, 27.4883624 ], [ 94.1254574, 27.4884909 ], [ 94.1257524, 27.4886384 ], [ 94.1259348, 27.4887574 ], [ 94.1260475, 27.4887669 ], [ 94.1266376, 27.4889192 ], [ 94.1269916, 27.4889001 ], [ 94.1270935, 27.4889335 ], [ 94.1272652, 27.4891904 ], [ 94.1273081, 27.4892904 ], [ 94.1276675, 27.4895235 ], [ 94.1277695, 27.4895569 ], [ 94.1279894, 27.489514 ], [ 94.1280645, 27.4894331 ], [ 94.1281664, 27.4892571 ], [ 94.1283327, 27.4888668 ], [ 94.1284454, 27.4888811 ], [ 94.1285473, 27.4889335 ], [ 94.128617, 27.4890144 ], [ 94.1288263, 27.489357 ], [ 94.1289335, 27.4893998 ], [ 94.1291857, 27.4893237 ], [ 94.1292071, 27.4889335 ], [ 94.1294002, 27.4888192 ], [ 94.1296148, 27.4888383 ], [ 94.1298401, 27.4888954 ], [ 94.1299581, 27.4890572 ], [ 94.1301083, 27.4892095 ], [ 94.1298509, 27.4895235 ], [ 94.1297758, 27.4897044 ], [ 94.1298294, 27.4898947 ], [ 94.1300547, 27.4899518 ], [ 94.1302693, 27.4900375 ], [ 94.1304946, 27.4901041 ], [ 94.1309345, 27.4901231 ], [ 94.1311598, 27.4901612 ], [ 94.1312992, 27.490304 ], [ 94.1315031, 27.4903896 ], [ 94.1317069, 27.490323 ], [ 94.1319752, 27.4899994 ], [ 94.1319537, 27.4898091 ], [ 94.1320288, 27.4896282 ], [ 94.1322434, 27.4895807 ], [ 94.1326618, 27.4897234 ], [ 94.1328871, 27.4897805 ], [ 94.1331339, 27.4898281 ], [ 94.1336059, 27.4898567 ], [ 94.1339654, 27.4899185 ], [ 94.1343677, 27.4901565 ], [ 94.1346896, 27.490442 ], [ 94.1347861, 27.4905038 ], [ 94.1348988, 27.4905134 ], [ 94.1350114, 27.4905134 ], [ 94.1351187, 27.4904848 ], [ 94.1353708, 27.4902754 ], [ 94.1358375, 27.4898043 ], [ 94.1358161, 27.4897091 ], [ 94.1355962, 27.489476 ], [ 94.135521, 27.4892856 ], [ 94.1355157, 27.4891857 ], [ 94.1354835, 27.4890905 ], [ 94.1356552, 27.4889525 ], [ 94.1357624, 27.4889192 ], [ 94.136095, 27.4888906 ], [ 94.1364276, 27.4889239 ], [ 94.1367441, 27.4890381 ], [ 94.1368997, 27.4891857 ], [ 94.1369373, 27.4892856 ], [ 94.137007, 27.4893617 ], [ 94.1372645, 27.4900898 ], [ 94.1372806, 27.4903754 ], [ 94.1373128, 27.4904705 ], [ 94.1374201, 27.4906466 ], [ 94.1382301, 27.490975 ], [ 94.13845, 27.4909797 ], [ 94.1385573, 27.4909559 ], [ 94.1389114, 27.4910083 ], [ 94.1390294, 27.4910463 ], [ 94.1393352, 27.4912081 ], [ 94.1398019, 27.4915222 ], [ 94.1401988, 27.4916412 ], [ 94.1404617, 27.491822 ], [ 94.1405582, 27.4918648 ], [ 94.1407889, 27.4918886 ], [ 94.1411269, 27.4918125 ], [ 94.1412771, 27.4916554 ], [ 94.1413683, 27.4914699 ], [ 94.1413361, 27.4912747 ], [ 94.1416687, 27.4912795 ], [ 94.1417813, 27.4912605 ], [ 94.1418886, 27.4912747 ], [ 94.1419798, 27.4913223 ], [ 94.1420549, 27.4913985 ], [ 94.142248, 27.4916792 ], [ 94.1424358, 27.4920456 ], [ 94.1424519, 27.4921408 ], [ 94.1425753, 27.4923169 ], [ 94.1426128, 27.4924073 ], [ 94.142704, 27.4924787 ], [ 94.1428328, 27.4927499 ], [ 94.1429293, 27.4928023 ], [ 94.1430366, 27.4927928 ], [ 94.1431385, 27.4927452 ], [ 94.1432297, 27.4926833 ], [ 94.1435087, 27.4923597 ] ] } },
{ "type": "Feature", "properties": { "osm_id": 669715257, "tags": { "waterway": "river" }, "inside_district": true }, "geometry": { "type": "LineString", "coordinates": [ [ 94.1437876, 27.4947866 ], [ 94.1436267, 27.4946534 ], [ 94.143573, 27.494463 ], [ 94.1437232, 27.4943203 ], [ 94.1437769, 27.4939491 ], [ 94.1440987, 27.4936826 ], [ 94.1439164, 27.4929308 ], [ 94.1435087, 27.4923597 ] ] } },
{ "type": "Feature", "properties": { "osm_id": 816078881, "tags": { "waterway": "stream" }, "inside_district": true }, "geometry": { "type": "LineString", "coordinates": [ [ 93.4101283, 27.2494123 ], [ 93.410697, 27.2490403 ], [ 93.4106862, 27.2486684 ], [ 93.4108472, 27.2483441 ], [ 93.4112227, 27.2478671 ], [ 93.4114373, 27.247333 ], [ 93.4116733, 27.2466367 ], [ 93.4119201, 27.2460548 ], [ 93.4119522, 27.2447004 ], [ 93.4124672, 27.2429834 ], [ 93.4122956, 27.2426686 ], [ 93.4122097, 27.2421631 ], [ 93.4123492, 27.2415812 ], [ 93.4126711, 27.2412951 ], [ 93.4132826, 27.2407609 ], [ 93.4136152, 27.2402649 ], [ 93.413701, 27.2398356 ], [ 93.4139156, 27.2393396 ], [ 93.4140551, 27.2389198 ], [ 93.4140015, 27.2385287 ], [ 93.4136367, 27.2379755 ], [ 93.4137225, 27.2373364 ], [ 93.4144735, 27.2368499 ], [ 93.4147954, 27.2364778 ], [ 93.4149778, 27.2361058 ], [ 93.4150314, 27.2356097 ], [ 93.4150422, 27.234942 ], [ 93.415643, 27.2344459 ], [ 93.4159756, 27.2341121 ], [ 93.4163403, 27.2337019 ], [ 93.4162223, 27.2333012 ], [ 93.4160614, 27.2327384 ], [ 93.4163725, 27.2322805 ], [ 93.4169733, 27.2318035 ], [ 93.4173489, 27.2313551 ], [ 93.417381, 27.2308686 ], [ 93.4175205, 27.2304965 ], [ 93.4181428, 27.2302676 ], [ 93.4187329, 27.2303153 ], [ 93.4192049, 27.2302771 ], [ 93.4195398, 27.2303206 ] ] } },
{ "type": "Feature", "properties": { "osm_id": 816078882, "tags": { "waterway": "stream" }, "inside_district": true }, "geometry": { "type": "LineString", "coordinates": [ [ 93.491646, 27.2614965 ], [ 93.4914368, 27.2612772 ], [ 93.4912813, 27.2609291 ], [ 93.4910399, 27.2603568 ], [ 93.490718, 27.2595271 ], [ 93.4907556, 27.2591313 ], [ 93.4907824, 27.2589167 ], [ 93.4906375, 27.2586306 ], [ 93.490203, 27.2586449 ], [ 93.4900314, 27.2583778 ], [ 93.489908, 27.2581442 ], [ 93.4898865, 27.2578294 ], [ 93.4898651, 27.257529 ], [ 93.489747, 27.2571332 ], [ 93.4898382, 27.2567612 ], [ 93.4898758, 27.2563464 ], [ 93.4897953, 27.2561198 ], [ 93.4897551, 27.2560197 ], [ 93.4898195, 27.2558838 ], [ 93.4899777, 27.2557264 ], [ 93.4901682, 27.2554617 ], [ 93.4902593, 27.2552138 ], [ 93.4902164, 27.2550087 ], [ 93.4901816, 27.2548752 ], [ 93.4902164, 27.2547035 ], [ 93.4903076, 27.2545676 ], [ 93.4905302, 27.2544269 ], [ 93.4906617, 27.2542242 ], [ 93.490975, 27.2539227 ], [ 93.4911257, 27.2536162 ], [ 93.4911967, 27.2534853 ], [ 93.4912338, 27.2534069 ] ] } },
{ "type": "Feature", "properties": { "osm_id": 816078886, "tags": { "name": "Pang Nadi River", "name:en": "Pang Nadi River", "waterway": "stream" }, "inside_district": true }, "geometry": { "type": "LineString", "coordinates": [ [ 93.5173952, 27.2849173 ], [ 93.5177386, 27.2846789 ], [ 93.5180175, 27.2845835 ], [ 93.5185432, 27.2842498 ], [ 93.5186183, 27.2839256 ], [ 93.5185432, 27.2836014 ], [ 93.5184574, 27.2831723 ], [ 93.5185003, 27.2827242 ], [ 93.5182428, 27.2824381 ], [ 93.5174703, 27.2824476 ], [ 93.5169446, 27.2819041 ], [ 93.516494, 27.2816562 ], [ 93.5160327, 27.2813988 ], [ 93.5155928, 27.2810936 ], [ 93.5154211, 27.2807789 ], [ 93.5154748, 27.2806073 ], [ 93.5158288, 27.2803022 ], [ 93.5161078, 27.2799398 ], [ 93.516376, 27.2794535 ], [ 93.5166871, 27.278786 ], [ 93.5173523, 27.2779183 ], [ 93.5174918, 27.2772984 ], [ 93.5177278, 27.2766119 ], [ 93.5182106, 27.2760397 ], [ 93.5185754, 27.2752196 ], [ 93.5184789, 27.274657 ], [ 93.517878, 27.2740753 ], [ 93.5174489, 27.2739799 ], [ 93.5170305, 27.2737034 ], [ 93.5169232, 27.2731789 ], [ 93.5171699, 27.2728928 ], [ 93.5172129, 27.2723111 ], [ 93.516891, 27.2719964 ], [ 93.5163438, 27.2719869 ], [ 93.5155928, 27.271882 ], [ 93.5151422, 27.2715005 ], [ 93.5146594, 27.2709951 ], [ 93.5141444, 27.2703466 ], [ 93.5137153, 27.2696409 ], [ 93.5129535, 27.2689353 ], [ 93.5125136, 27.2683154 ], [ 93.5127765, 27.2674952 ], [ 93.512916, 27.2671948 ], [ 93.5131305, 27.2669421 ], [ 93.5131681, 27.2665511 ], [ 93.512916, 27.2658501 ], [ 93.5127819, 27.265607 ], [ 93.5126156, 27.2654782 ], [ 93.5122025, 27.265297 ], [ 93.5120094, 27.2648297 ], [ 93.5119557, 27.2644339 ], [ 93.5118163, 27.2640334 ], [ 93.5113388, 27.2635899 ], [ 93.5112208, 27.2632704 ], [ 93.5110813, 27.2629128 ], [ 93.5110384, 27.2624884 ], [ 93.5111082, 27.2620068 ], [ 93.5112154, 27.2616157 ], [ 93.510561, 27.2610864 ], [ 93.5099602, 27.260848 ], [ 93.5095525, 27.2605524 ], [ 93.5093379, 27.2601423 ], [ 93.5092413, 27.259694 ], [ 93.5090268, 27.2589692 ], [ 93.5085547, 27.2581966 ], [ 93.5082006, 27.257901 ], [ 93.5079753, 27.2578819 ], [ 93.507514, 27.2579582 ], [ 93.507117, 27.258149 ], [ 93.5066235, 27.2581966 ], [ 93.506484, 27.2578724 ], [ 93.5059047, 27.2572524 ], [ 93.5039306, 27.255736 ], [ 93.5033619, 27.2555071 ], [ 93.5029006, 27.2552591 ], [ 93.5027182, 27.2550111 ], [ 93.5023641, 27.2546868 ], [ 93.5015809, 27.2542004 ], [ 93.5009801, 27.2538475 ], [ 93.5003257, 27.2534946 ], [ 93.4992099, 27.2523214 ], [ 93.4984052, 27.2521974 ], [ 93.4977186, 27.2521402 ], [ 93.497225, 27.252331 ], [ 93.4968495, 27.2525122 ], [ 93.4961092, 27.2525027 ], [ 93.4956157, 27.2523691 ], [ 93.4954655, 27.2520544 ], [ 93.4952295, 27.2513867 ], [ 93.4948647, 27.2507286 ], [ 93.4947101, 27.2503988 ], [ 93.4946501, 27.2502708 ], [ 93.4942692, 27.2501897 ], [ 93.4940922, 27.2496222 ], [ 93.4941137, 27.2492073 ], [ 93.4942746, 27.2487399 ], [ 93.4943658, 27.2484347 ], [ 93.4944677, 27.2481342 ], [ 93.4946233, 27.2479148 ], [ 93.4950747, 27.2475172 ] ] } },
{ "type": "Feature", "properties": { "osm_id": 816078887, "tags": { "waterway": "stream" }, "inside_district": true }, "geometry": { "type": "LineString", "coordinates": [ [ 93.5118592, 27.2055567 ], [ 93.5129642, 27.2058621 ], [ 93.5134148, 27.206196 ], [ 93.51349, 27.2066636 ], [ 93.5132754, 27.2072933 ], [ 93.51246, 27.2080758 ], [ 93.5125887, 27.2085624 ], [ 93.5133719, 27.2087819 ], [ 93.5135865, 27.2091158 ], [ 93.5136831, 27.2095738 ], [ 93.5137045, 27.2101177 ], [ 93.5137582, 27.2104803 ], [ 93.5140586, 27.2106997 ], [ 93.514595, 27.210881 ], [ 93.5146487, 27.2112722 ], [ 93.5144126, 27.2115584 ], [ 93.5138547, 27.2118828 ], [ 93.5134685, 27.2122836 ], [ 93.5131681, 27.2127893 ], [ 93.5133827, 27.2135335 ], [ 93.513329, 27.2150792 ], [ 93.5130393, 27.2157947 ], [ 93.5127818, 27.216329 ], [ 93.5126209, 27.2169874 ], [ 93.5128569, 27.2173595 ], [ 93.5130286, 27.2175598 ], [ 93.5135543, 27.2174644 ], [ 93.5140371, 27.217245 ], [ 93.5148203, 27.2170732 ], [ 93.5154641, 27.2171591 ], [ 93.5161185, 27.2175312 ], [ 93.5165369, 27.2179701 ], [ 93.5170948, 27.2186093 ], [ 93.517524, 27.2192581 ], [ 93.5181355, 27.2197542 ], [ 93.5191655, 27.2206892 ], [ 93.5203886, 27.2218627 ], [ 93.5214132, 27.2225305 ], [ 93.5215795, 27.2229598 ], [ 93.5218316, 27.2235084 ], [ 93.5221857, 27.2238089 ], [ 93.5225075, 27.2240141 ], [ 93.5230118, 27.224119 ], [ 93.5234517, 27.224181 ], [ 93.523972, 27.2242049 ], [ 93.5243851, 27.224057 ], [ 93.5246372, 27.2237708 ], [ 93.5248572, 27.22358 ], [ 93.5251468, 27.223475 ], [ 93.5255653, 27.223518 ], [ 93.5259139, 27.2237755 ], [ 93.5260642, 27.2240761 ], [ 93.5266703, 27.2250396 ], [ 93.5269439, 27.2255882 ], [ 93.5272819, 27.22607 ], [ 93.5276627, 27.2262942 ], [ 93.528108, 27.2264897 ], [ 93.5286391, 27.2266615 ], [ 93.5294223, 27.2270001 ], [ 93.5304522, 27.2273102 ], [ 93.5314017, 27.2277729 ], [ 93.5317773, 27.2279685 ], [ 93.5321742, 27.2281593 ], [ 93.532598, 27.2283262 ], [ 93.5331023, 27.2283739 ], [ 93.533467, 27.2283691 ], [ 93.5338104, 27.2283739 ], [ 93.5343778, 27.2283984 ] ] } },
{ "type": "Feature", "properties": { "osm_id": 816078890, "tags": { "waterway": "stream" }, "inside_district": true }, "geometry": { "type": "LineString", "coordinates": [ [ 93.6025286, 27.1922068 ], [ 93.6031616, 27.1928843 ], [ 93.6037946, 27.1936669 ], [ 93.6048674, 27.1960907 ], [ 93.604964, 27.1965392 ], [ 93.605361, 27.1975412 ], [ 93.6057472, 27.1978466 ], [ 93.6064875, 27.1981901 ], [ 93.6069596, 27.1984669 ], [ 93.6074531, 27.1988581 ], [ 93.6079574, 27.1995547 ], [ 93.6085367, 27.1998696 ], [ 93.6086547, 27.2001893 ], [ 93.6089551, 27.2004898 ], [ 93.6092395, 27.2009479 ], [ 93.6092824, 27.2012771 ], [ 93.6089659, 27.2020071 ], [ 93.6092322, 27.2026205 ] ] } },
{ "type": "Feature", "properties": { "osm_id": 816078893, "tags": { "waterway": "stream" }, "inside_district": true }, "geometry": { "type": "LineString", "coordinates": [ [ 93.6403584, 27.2263562 ], [ 93.6408734, 27.2258029 ], [ 93.6414957, 27.2253163 ], [ 93.6420965, 27.2248107 ], [ 93.6423969, 27.22441 ], [ 93.642633, 27.2239711 ], [ 93.6431587, 27.2234464 ], [ 93.6436629, 27.2230552 ], [ 93.6446822, 27.2227309 ], [ 93.6458409, 27.2225496 ], [ 93.6467099, 27.2225305 ], [ 93.6469996, 27.2221298 ], [ 93.6475468, 27.2214811 ], [ 93.6479759, 27.2209563 ], [ 93.64833, 27.2204888 ], [ 93.6485124, 27.2202217 ], [ 93.6486196, 27.2197733 ], [ 93.6488235, 27.2191722 ], [ 93.6490166, 27.2187047 ], [ 93.6495638, 27.2183231 ], [ 93.6499286, 27.2181227 ], [ 93.6502826, 27.2177793 ], [ 93.6504328, 27.2174358 ], [ 93.6505723, 27.2171591 ], [ 93.6506903, 27.2167107 ], [ 93.6508083, 27.2163672 ], [ 93.6513126, 27.2154131 ], [ 93.6514842, 27.214936 ], [ 93.6515486, 27.2145639 ], [ 93.6516666, 27.2142109 ], [ 93.6519149, 27.2134937 ] ] } },
{ "type": "Feature", "properties": { "osm_id": 816078895, "tags": { "waterway": "stream" }, "inside_district": true }, "geometry": { "type": "LineString", "coordinates": [ [ 93.6622023, 27.1920255 ], [ 93.6626744, 27.1920636 ], [ 93.6634683, 27.1923118 ], [ 93.6657429, 27.1940104 ], [ 93.6665797, 27.1945066 ], [ 93.6669016, 27.1951556 ], [ 93.6665797, 27.1964725 ], [ 93.667438, 27.1969305 ], [ 93.6691975, 27.1979229 ], [ 93.6707639, 27.1989154 ], [ 93.6727381, 27.2003658 ], [ 93.6755168, 27.2024699 ], [ 93.6759514, 27.2027943 ], [ 93.6762142, 27.2035624 ], [ 93.6762947, 27.2038487 ], [ 93.6764342, 27.2041159 ], [ 93.6766595, 27.2043687 ], [ 93.6768955, 27.2044451 ], [ 93.6771154, 27.2043974 ], [ 93.677448, 27.2042781 ], [ 93.6777699, 27.2043926 ], [ 93.678022, 27.2046216 ], [ 93.678478, 27.2052132 ], [ 93.6788374, 27.2058382 ], [ 93.6789608, 27.2060004 ], [ 93.6791217, 27.206134 ], [ 93.679347, 27.2063201 ], [ 93.6793363, 27.2065729 ], [ 93.6793041, 27.2067829 ], [ 93.6793846, 27.2069594 ], [ 93.6796635, 27.2071979 ], [ 93.6800283, 27.2074603 ], [ 93.6803716, 27.2075939 ], [ 93.6807901, 27.2077991 ], [ 93.6810636, 27.2081616 ], [ 93.6810529, 27.2085099 ], [ 93.680951, 27.2087771 ], [ 93.6807686, 27.2089965 ], [ 93.680672, 27.2092208 ], [ 93.680833, 27.2097885 ], [ 93.680892, 27.2099841 ], [ 93.6810636, 27.2101797 ], [ 93.6813533, 27.2102179 ], [ 93.6816323, 27.2102274 ], [ 93.6820185, 27.2102465 ], [ 93.6825389, 27.2105518 ], [ 93.6826408, 27.2107236 ], [ 93.6827964, 27.2108237 ], [ 93.6829787, 27.2107951 ], [ 93.6830378, 27.2106472 ], [ 93.6831397, 27.2103896 ], [ 93.6832201, 27.2102513 ], [ 93.6834079, 27.2102513 ], [ 93.6836064, 27.2104135 ], [ 93.6835796, 27.2106949 ], [ 93.6834615, 27.2109907 ], [ 93.6834347, 27.2113104 ], [ 93.6834347, 27.2115823 ], [ 93.6835474, 27.2118017 ], [ 93.6837619, 27.2118542 ], [ 93.6840516, 27.2118017 ], [ 93.6841696, 27.2116157 ], [ 93.6842447, 27.2113915 ], [ 93.6843359, 27.2112102 ], [ 93.6844432, 27.2110432 ], [ 93.6846471, 27.2109621 ], [ 93.6849743, 27.2110337 ], [ 93.6851272, 27.2112913 ], [ 93.6850628, 27.2115203 ], [ 93.6849877, 27.2117898 ], [ 93.6848885, 27.212014 ], [ 93.6848322, 27.2122502 ], [ 93.6848107, 27.2124124 ], [ 93.6848053, 27.2125961 ], [ 93.6848885, 27.2127225 ], [ 93.6849797, 27.2128895 ], [ 93.6851621, 27.2131137 ], [ 93.6856146, 27.21362 ] ] } },
{ "type": "Feature", "properties": { "osm_id": 816078896, "tags": { "waterway": "stream" }, "inside_district": true }, "geometry": { "type": "LineString", "coordinates": [ [ 93.7217796, 27.258931 ], [ 93.7226486, 27.2586926 ], [ 93.7229919, 27.2581776 ], [ 93.7227988, 27.2577102 ], [ 93.7230134, 27.2571189 ], [ 93.7233674, 27.2566706 ], [ 93.7236893, 27.2563082 ], [ 93.7239361, 27.2559935 ], [ 93.7244189, 27.2556215 ], [ 93.7246549, 27.2552305 ], [ 93.7248373, 27.2547631 ], [ 93.7249982, 27.2542004 ], [ 93.7252343, 27.2535804 ], [ 93.7256634, 27.2530272 ], [ 93.7257922, 27.2524836 ], [ 93.7259102, 27.2521116 ], [ 93.7262428, 27.2518636 ], [ 93.7264788, 27.2515775 ], [ 93.7266076, 27.2512723 ], [ 93.7267148, 27.2509003 ], [ 93.7266397, 27.2504329 ], [ 93.7265539, 27.249956 ], [ 93.7266076, 27.2495554 ], [ 93.7267041, 27.2490213 ], [ 93.72738, 27.2480007 ], [ 93.7277448, 27.2472948 ], [ 93.7282061, 27.246837 ], [ 93.7288284, 27.2463219 ], [ 93.7292147, 27.2458927 ], [ 93.7294721, 27.2454348 ], [ 93.7297296, 27.2450247 ], [ 93.7298906, 27.2447958 ], [ 93.7294829, 27.2444142 ], [ 93.7292576, 27.2441281 ], [ 93.7292254, 27.2436511 ], [ 93.7296009, 27.2432887 ], [ 93.7299335, 27.242993 ], [ 93.7305397, 27.2427688 ] ] } },
{ "type": "Feature", "properties": { "osm_id": 816078897, "tags": { "waterway": "stream" }, "inside_district": true }, "geometry": { "type": "LineString", "coordinates": [ [ 93.7385917, 27.2594651 ], [ 93.7387204, 27.259303 ], [ 93.7390745, 27.2590932 ], [ 93.7394714, 27.2587403 ], [ 93.7397611, 27.2584541 ], [ 93.7402761, 27.2582443 ], [ 93.7414992, 27.2572715 ], [ 93.7420678, 27.2564799 ], [ 93.7424219, 27.255879 ], [ 93.7426257, 27.2556024 ], [ 93.7430334, 27.2553926 ], [ 93.7435698, 27.2552877 ], [ 93.7439561, 27.2551446 ], [ 93.7438917, 27.2547631 ], [ 93.7437308, 27.2544198 ], [ 93.7436235, 27.2540859 ], [ 93.7436557, 27.25359 ], [ 93.7440205, 27.2533038 ], [ 93.7441277, 27.2526362 ], [ 93.7431514, 27.2517492 ], [ 93.7430119, 27.2515489 ], [ 93.7421322, 27.2515679 ], [ 93.7416386, 27.2516252 ], [ 93.7409842, 27.2516442 ], [ 93.7403941, 27.2513867 ], [ 93.7394178, 27.2510433 ], [ 93.7390852, 27.2507191 ], [ 93.7386346, 27.2503185 ], [ 93.7379587, 27.2497557 ], [ 93.7368643, 27.2490594 ], [ 93.7358773, 27.2487447 ], [ 93.7354803, 27.2481533 ], [ 93.7352121, 27.2475333 ], [ 93.7342894, 27.246713 ], [ 93.7328732, 27.2459595 ], [ 93.7320578, 27.2452918 ], [ 93.7317574, 27.2451344 ], [ 93.7315589, 27.2450247 ], [ 93.7316179, 27.2447242 ], [ 93.7319881, 27.2445907 ], [ 93.7322187, 27.2441757 ], [ 93.7321114, 27.243818 ], [ 93.7317198, 27.2435891 ], [ 93.7313443, 27.2433745 ], [ 93.7308186, 27.2430359 ], [ 93.7305397, 27.2427688 ], [ 93.7303948, 27.2424206 ], [ 93.7301212, 27.2417148 ], [ 93.7301695, 27.241214 ], [ 93.7301266, 27.2407847 ], [ 93.7300408, 27.2403793 ], [ 93.7300193, 27.2399119 ], [ 93.7299979, 27.2395685 ], [ 93.7300523, 27.2393222 ] ] } },
{ "type": "Feature", "properties": { "osm_id": 816078898, "tags": { "waterway": "stream" }, "inside_district": true }, "geometry": { "type": "LineString", "coordinates": [ [ 93.7549424, 27.2685157 ], [ 93.7552643, 27.2672568 ], [ 93.7553501, 27.2667418 ], [ 93.7554145, 27.2660552 ], [ 93.7558007, 27.2657119 ], [ 93.7566161, 27.2651778 ], [ 93.7572169, 27.2645675 ], [ 93.7580001, 27.263795 ], [ 93.7582683, 27.2634612 ], [ 93.7588584, 27.262908 ], [ 93.7601244, 27.2622881 ], [ 93.760618, 27.2620402 ], [ 93.7610471, 27.2617731 ], [ 93.7614548, 27.2613726 ], [ 93.7615836, 27.2609529 ], [ 93.761605, 27.2604761 ], [ 93.7618732, 27.2601423 ], [ 93.7621307, 27.259818 ], [ 93.7625277, 27.2595986 ], [ 93.7632787, 27.2592839 ], [ 93.7636864, 27.2593507 ], [ 93.7639868, 27.2597322 ], [ 93.7641048, 27.2599515 ], [ 93.7644482, 27.2599897 ], [ 93.7646842, 27.2597417 ], [ 93.7647593, 27.259427 ], [ 93.7648773, 27.2589596 ], [ 93.7648988, 27.2586354 ], [ 93.7649524, 27.2582634 ], [ 93.7655747, 27.2579677 ], [ 93.766374, 27.2577579 ], [ 93.767066, 27.257777 ], [ 93.7677097, 27.2578151 ], [ 93.7685466, 27.2579105 ], [ 93.769716, 27.2578485 ], [ 93.7707943, 27.2574861 ], [ 93.7712288, 27.2572 ], [ 93.7716043, 27.2567946 ], [ 93.7720334, 27.256456 ], [ 93.772409, 27.2562224 ], [ 93.7726879, 27.2560793 ], [ 93.7730795, 27.2559076 ], [ 93.7734121, 27.2557312 ], [ 93.7736589, 27.2555738 ], [ 93.7740183, 27.2553068 ], [ 93.7743455, 27.2549586 ], [ 93.7745225, 27.2547345 ], [ 93.7748229, 27.2544674 ], [ 93.7751287, 27.2542671 ], [ 93.7754667, 27.2541956 ], [ 93.7758744, 27.2542624 ], [ 93.7762338, 27.2544436 ], [ 93.7766308, 27.2545676 ], [ 93.7777648, 27.2547632 ] ] } },
{ "type": "Feature", "properties": { "osm_id": 816078899, "tags": { "waterway": "stream" }, "inside_district": true }, "geometry": { "type": "LineString", "coordinates": [ [ 93.8142192, 27.3123178 ], [ 93.8133824, 27.311498 ], [ 93.8131893, 27.3113169 ], [ 93.8128888, 27.310907 ], [ 93.8125777, 27.3106305 ], [ 93.8121378, 27.3101825 ], [ 93.8121915, 27.3096677 ], [ 93.8115907, 27.3088764 ], [ 93.8112795, 27.3086667 ], [ 93.8109684, 27.308314 ], [ 93.8106573, 27.3078945 ], [ 93.8104212, 27.3075037 ], [ 93.8101315, 27.3071414 ], [ 93.8096166, 27.3066934 ], [ 93.8088226, 27.3061786 ], [ 93.8084578, 27.3055112 ], [ 93.8083398, 27.3053015 ], [ 93.8081145, 27.3049774 ], [ 93.8079107, 27.3043767 ], [ 93.8076103, 27.3036999 ], [ 93.8069236, 27.3025177 ], [ 93.8066876, 27.3020601 ], [ 93.8065481, 27.301755 ], [ 93.8063228, 27.3013546 ], [ 93.8061082, 27.3010495 ], [ 93.8057434, 27.3007635 ], [ 93.8053787, 27.3004775 ], [ 93.8053036, 27.3000675 ], [ 93.8051212, 27.2989235 ], [ 93.8050675, 27.2985421 ], [ 93.8049495, 27.2981226 ], [ 93.8050353, 27.2977985 ], [ 93.8051855, 27.2975983 ], [ 93.8053357, 27.297255 ], [ 93.8052821, 27.2968832 ], [ 93.805089, 27.2963112 ], [ 93.8050568, 27.2953387 ], [ 93.8050032, 27.2950145 ], [ 93.8053357, 27.2947285 ], [ 93.8055503, 27.2942899 ], [ 93.8053357, 27.2940039 ], [ 93.804971, 27.2939371 ], [ 93.8047027, 27.2938513 ], [ 93.804456, 27.2936034 ], [ 93.8042951, 27.2932888 ], [ 93.8039839, 27.2931553 ], [ 93.803705, 27.2931267 ], [ 93.8033509, 27.2929742 ], [ 93.8028252, 27.292793 ], [ 93.8021386, 27.292383 ], [ 93.8016343, 27.29183 ], [ 93.8014412, 27.29142 ], [ 93.8014626, 27.2910959 ], [ 93.8016879, 27.2907907 ], [ 93.8020313, 27.2905905 ], [ 93.8022995, 27.2901996 ], [ 93.8022029, 27.2895989 ], [ 93.8014197, 27.2884071 ], [ 93.8011193, 27.2878064 ], [ 93.8008404, 27.2874059 ], [ 93.8007975, 27.287034 ], [ 93.8008618, 27.2866813 ], [ 93.8010228, 27.2864143 ], [ 93.8014841, 27.2858803 ], [ 93.801924, 27.2855275 ], [ 93.8022888, 27.2850698 ], [ 93.8024604, 27.2845168 ], [ 93.8024819, 27.2842212 ], [ 93.8022888, 27.2834584 ], [ 93.8022673, 27.2824095 ], [ 93.8019562, 27.2817134 ], [ 93.8011193, 27.280655 ], [ 93.8009262, 27.2803785 ], [ 93.8007653, 27.2800066 ], [ 93.8007223, 27.2796728 ], [ 93.8007653, 27.2791484 ], [ 93.8007975, 27.2787574 ], [ 93.800658, 27.2784237 ], [ 93.8004541, 27.2779946 ], [ 93.7999928, 27.2773652 ], [ 93.7997836, 27.2766357 ], [ 93.7996495, 27.2762447 ], [ 93.79951, 27.2759157 ], [ 93.7994939, 27.2755391 ], [ 93.7994242, 27.2747142 ], [ 93.7996173, 27.2740228 ], [ 93.7998694, 27.2737129 ], [ 93.8000894, 27.2735842 ], [ 93.8003415, 27.2731884 ], [ 93.8003415, 27.2728881 ], [ 93.8003576, 27.2725448 ], [ 93.8004273, 27.2719678 ], [ 93.800379, 27.2715244 ], [ 93.8001215, 27.2713193 ], [ 93.7998748, 27.2710094 ], [ 93.7999445, 27.270771 ], [ 93.8001645, 27.2705374 ], [ 93.8005024, 27.2705231 ], [ 93.8009638, 27.2705564 ], [ 93.8013875, 27.270647 ], [ 93.8016772, 27.2708616 ], [ 93.8018382, 27.2712144 ], [ 93.8020313, 27.2712621 ], [ 93.8023907, 27.2709427 ], [ 93.8025838, 27.2706899 ], [ 93.8029164, 27.2706327 ], [ 93.803131, 27.270628 ], [ 93.803603, 27.270585 ], [ 93.804, 27.270504 ], [ 93.8041341, 27.2702894 ], [ 93.8040912, 27.2698794 ], [ 93.8041878, 27.2693453 ], [ 93.8043541, 27.2689114 ], [ 93.804456, 27.2685681 ], [ 93.8044238, 27.2682915 ], [ 93.8042682, 27.2680531 ], [ 93.8043112, 27.2678528 ], [ 93.8045043, 27.2678099 ], [ 93.8049227, 27.2679434 ], [ 93.8053197, 27.2680388 ], [ 93.8056254, 27.2679148 ], [ 93.8057113, 27.267624 ], [ 93.8057059, 27.2674523 ], [ 93.8055074, 27.2672425 ], [ 93.8052875, 27.2671185 ], [ 93.8051051, 27.2670184 ], [ 93.8049763, 27.2668706 ], [ 93.8049227, 27.2666322 ], [ 93.8050032, 27.2664176 ], [ 93.8052177, 27.2661982 ], [ 93.8054109, 27.2660552 ], [ 93.8056147, 27.2658406 ], [ 93.8053948, 27.2656117 ], [ 93.8047671, 27.2653113 ], [ 93.8044506, 27.2652255 ], [ 93.8039088, 27.2651015 ], [ 93.8031793, 27.2651778 ], [ 93.8025731, 27.2652541 ], [ 93.8021761, 27.2649108 ], [ 93.8021332, 27.2647486 ], [ 93.8019884, 27.2645674 ], [ 93.8018489, 27.2642956 ], [ 93.8018757, 27.2641144 ], [ 93.801806, 27.2638474 ], [ 93.8016772, 27.263609 ], [ 93.8013393, 27.2633372 ], [ 93.8010603, 27.2630892 ], [ 93.8007975, 27.2629509 ], [ 93.8005829, 27.262908 ], [ 93.800143, 27.2629652 ], [ 93.7995636, 27.2630129 ], [ 93.7989789, 27.2626362 ], [ 93.7987858, 27.2620783 ], [ 93.7987214, 27.2615681 ], [ 93.7986356, 27.2612676 ], [ 93.7984425, 27.2609386 ], [ 93.7981635, 27.2607097 ], [ 93.7978846, 27.2605142 ], [ 93.7974501, 27.2602853 ], [ 93.7972838, 27.2600469 ], [ 93.7973589, 27.2597989 ], [ 93.7975413, 27.2595939 ], [ 93.7976593, 27.2594746 ], [ 93.7977397, 27.2592887 ], [ 93.7978202, 27.2591647 ], [ 93.7987, 27.258869 ], [ 93.799215, 27.2584589 ], [ 93.799172, 27.258025 ], [ 93.7991881, 27.2577722 ], [ 93.7992779, 27.2571993 ] ] } },
{ "type": "Feature", "properties": { "osm_id": 816078900, "tags": { "waterway": "stream" }, "inside_district": true }, "geometry": { "type": "LineString", "coordinates": [ [ 93.3647937, 27.1959667 ], [ 93.3648473, 27.1961575 ], [ 93.3650243, 27.1965058 ], [ 93.3650941, 27.1968207 ], [ 93.3654213, 27.1971929 ], [ 93.3663869, 27.1975317 ], [ 93.3669823, 27.1976271 ], [ 93.3674759, 27.1976796 ], [ 93.3682376, 27.1977321 ], [ 93.3687258, 27.1976128 ], [ 93.3691227, 27.1973647 ], [ 93.3693427, 27.197274 ], [ 93.3696055, 27.1973313 ], [ 93.3696592, 27.1976462 ], [ 93.3697665, 27.1980279 ], [ 93.3704048, 27.1983046 ], [ 93.3704853, 27.1985432 ], [ 93.3703995, 27.1988199 ], [ 93.3705068, 27.1990585 ], [ 93.3707857, 27.1992302 ], [ 93.3710003, 27.1993925 ], [ 93.3714187, 27.1996597 ], [ 93.3721858, 27.1999936 ], [ 93.372454, 27.2001654 ], [ 93.3727866, 27.2003658 ], [ 93.3732265, 27.2005757 ], [ 93.3735859, 27.2004898 ], [ 93.3738542, 27.2003133 ], [ 93.3744389, 27.2003897 ], [ 93.3748144, 27.2006807 ], [ 93.374868, 27.2008811 ], [ 93.3747929, 27.2012914 ], [ 93.3747017, 27.2016015 ], [ 93.3746213, 27.2018496 ], [ 93.3744496, 27.2021979 ], [ 93.374337, 27.2024937 ], [ 93.3743155, 27.2027609 ], [ 93.3744442, 27.2030376 ], [ 93.3746588, 27.2034336 ], [ 93.3748949, 27.2039012 ], [ 93.3748466, 27.2044451 ], [ 93.3745891, 27.2051894 ], [ 93.374396, 27.2058382 ], [ 93.374176, 27.2062819 ], [ 93.3739561, 27.2067924 ], [ 93.3738702, 27.2070739 ], [ 93.3738059, 27.2073983 ], [ 93.3738381, 27.2076034 ], [ 93.3740419, 27.2079136 ], [ 93.3742511, 27.2081569 ], [ 93.3744067, 27.2083954 ], [ 93.3746052, 27.2086149 ], [ 93.3747822, 27.2088486 ], [ 93.3749753, 27.2091015 ], [ 93.3750719, 27.2093877 ], [ 93.3750558, 27.2096597 ], [ 93.3749324, 27.2098934 ], [ 93.3747071, 27.2100461 ], [ 93.3744764, 27.2101701 ], [ 93.3741438, 27.2102608 ], [ 93.3739185, 27.2103658 ], [ 93.373704, 27.2104898 ], [ 93.3735108, 27.2106186 ], [ 93.3733445, 27.2110003 ], [ 93.3730817, 27.2122406 ], [ 93.3728939, 27.2127511 ], [ 93.37248, 27.2135589 ] ] } },
{ "type": "Feature", "properties": { "osm_id": 816078901, "tags": { "name": "Par Nadi River", "name:en": "Par Nadi River", "name:zh": "迪克朗河", "name:zh-Hans": "迪克朗河", "name:zh-Hant": "迪克朗河", "waterway": "stream" }, "inside_district": true }, "geometry": { "type": "LineString", "coordinates": [ [ 93.3402448, 27.2327224 ], [ 93.340483, 27.2327994 ], [ 93.3407319, 27.2331652 ], [ 93.3409268, 27.2336175 ], [ 93.3412082, 27.233964 ], [ 93.341533, 27.2341084 ], [ 93.341717, 27.2340314 ], [ 93.3417711, 27.2337619 ], [ 93.3418144, 27.233425 ], [ 93.3418144, 27.2329919 ], [ 93.3421608, 27.2325781 ], [ 93.3424531, 27.2325492 ], [ 93.3428969, 27.2325107 ], [ 93.3435789, 27.2324144 ], [ 93.3440227, 27.2323182 ], [ 93.3443691, 27.2320583 ], [ 93.344499, 27.2318081 ], [ 93.3444881, 27.2313364 ], [ 93.3442716, 27.2311343 ], [ 93.3439036, 27.2308552 ], [ 93.3437196, 27.2305953 ], [ 93.3436546, 27.2303354 ], [ 93.3436655, 27.2300756 ], [ 93.3438495, 27.2299889 ], [ 93.3441093, 27.2299216 ], [ 93.3445423, 27.2299697 ], [ 93.3452567, 27.2301333 ], [ 93.3456464, 27.2303739 ] ] } },
{ "type": "Feature", "properties": { "osm_id": 816078902, "tags": { "name:zh": "迪克朗河", "waterway": "stream" }, "inside_district": true }, "geometry": { "type": "LineString", "coordinates": [ [ 93.2813394, 27.2305252 ], [ 93.2822299, 27.2304965 ], [ 93.2829004, 27.2304774 ], [ 93.2835817, 27.230363 ], [ 93.2840806, 27.2301483 ], [ 93.2846814, 27.2300005 ], [ 93.2849711, 27.2301054 ], [ 93.2852179, 27.230196 ], [ 93.2856685, 27.230258 ], [ 93.2859743, 27.2302819 ], [ 93.2864839, 27.2302294 ], [ 93.2870042, 27.2300482 ], [ 93.2877928, 27.2298192 ], [ 93.2882541, 27.2298097 ], [ 93.288517, 27.2300052 ], [ 93.2886994, 27.2302723 ], [ 93.2889461, 27.2304774 ], [ 93.289209, 27.2305538 ], [ 93.2894129, 27.2304727 ], [ 93.289504, 27.2302151 ], [ 93.289504, 27.2298764 ], [ 93.2897776, 27.2297381 ], [ 93.2902229, 27.2300863 ], [ 93.2907164, 27.2304011 ], [ 93.2910168, 27.230611 ], [ 93.2911026, 27.2309067 ], [ 93.2912636, 27.2312979 ], [ 93.2914245, 27.2315268 ], [ 93.2917786, 27.231441 ], [ 93.2921219, 27.2311929 ], [ 93.2923794, 27.231088 ], [ 93.2929802, 27.2309735 ], [ 93.2934523, 27.231212 ], [ 93.2936883, 27.2314887 ], [ 93.2940531, 27.2320324 ], [ 93.2948685, 27.2321278 ], [ 93.2958984, 27.2322995 ], [ 93.2965743, 27.2324999 ], [ 93.2969713, 27.2326716 ], [ 93.2972181, 27.2328815 ], [ 93.2977652, 27.2327861 ], [ 93.2979262, 27.2324999 ], [ 93.2979905, 27.2318989 ], [ 93.2978189, 27.2314696 ], [ 93.2977867, 27.2308686 ], [ 93.2983017, 27.2307541 ], [ 93.2985699, 27.2309544 ], [ 93.2987952, 27.2311739 ], [ 93.2990527, 27.231565 ], [ 93.2992244, 27.232166 ], [ 93.2993424, 27.2327193 ], [ 93.2996428, 27.2333107 ], [ 93.3002651, 27.2334061 ], [ 93.3014023, 27.2329864 ], [ 93.3021319, 27.2329005 ], [ 93.3025503, 27.2328528 ], [ 93.3031618, 27.2327574 ], [ 93.303709, 27.2324903 ], [ 93.3040953, 27.2321755 ], [ 93.3047497, 27.2318798 ], [ 93.3057851, 27.2315984 ], [ 93.3065039, 27.2315364 ], [ 93.3073515, 27.2316651 ], [ 93.3076841, 27.2317176 ], [ 93.3084404, 27.2317415 ], [ 93.3091217, 27.2315793 ] ] } },
{ "type": "Feature", "properties": { "osm_id": 816078903, "tags": { "name": "Par Nadi River", "name:en": "Par Nadi River", "name:zh": "迪克朗河", "name:zh-Hans": "迪克朗河", "name:zh-Hant": "迪克朗河", "waterway": "river" }, "inside_district": true }, "geometry": { "type": "LineString", "coordinates": [ [ 93.3091217, 27.2315793 ], [ 93.3097655, 27.2315554 ], [ 93.3103234, 27.2315888 ], [ 93.3108008, 27.2314744 ], [ 93.3112675, 27.2312692 ], [ 93.3115303, 27.2310451 ], [ 93.3117717, 27.2307684 ], [ 93.3120105, 27.2303534 ], [ 93.312394, 27.2301769 ], [ 93.3128768, 27.2300505 ], [ 93.3130538, 27.2300982 ], [ 93.3135179, 27.2302771 ], [ 93.3138853, 27.2303868 ], [ 93.3144164, 27.2306301 ], [ 93.3148295, 27.230902 ], [ 93.3150387, 27.2310308 ], [ 93.3152747, 27.2311595 ], [ 93.3157575, 27.2311739 ], [ 93.3160955, 27.2310403 ], [ 93.3162671, 27.2307589 ], [ 93.316251, 27.2305585 ], [ 93.3163047, 27.2302914 ], [ 93.3164442, 27.2301674 ], [ 93.3166856, 27.2300768 ], [ 93.317045, 27.2300911 ], [ 93.3174419, 27.229948 ], [ 93.3177423, 27.2295759 ], [ 93.3177638, 27.2293231 ], [ 93.3177692, 27.2290465 ], [ 93.3179033, 27.2287269 ], [ 93.3181071, 27.2284311 ], [ 93.3184665, 27.2282022 ], [ 93.3188367, 27.2279398 ], [ 93.3190942, 27.227978 ], [ 93.3193999, 27.2282213 ], [ 93.3201885, 27.2289225 ], [ 93.3204675, 27.2291609 ], [ 93.3208054, 27.2293422 ], [ 93.3211595, 27.2293422 ], [ 93.321535, 27.2292134 ], [ 93.3218086, 27.2290512 ], [ 93.3220607, 27.2287603 ], [ 93.322345, 27.2284788 ], [ 93.3225328, 27.2281736 ], [ 93.3226132, 27.227792 ], [ 93.3228224, 27.2274628 ], [ 93.3232033, 27.2273674 ], [ 93.323611, 27.2272148 ], [ 93.3242118, 27.2273722 ], [ 93.3245712, 27.2274915 ], [ 93.324936, 27.2276346 ], [ 93.3252418, 27.2277156 ], [ 93.3258319, 27.2277156 ], [ 93.3266205, 27.2276155 ], [ 93.327055, 27.2275535 ], [ 93.3273661, 27.2275869 ], [ 93.3276612, 27.2276584 ], [ 93.3277792, 27.2279541 ], [ 93.3277792, 27.2282499 ], [ 93.3277792, 27.2284979 ], [ 93.3279026, 27.2286935 ], [ 93.3281547, 27.2288175 ], [ 93.3289218, 27.2287221 ], [ 93.3296621, 27.2285122 ], [ 93.3299571, 27.228393 ], [ 93.3301824, 27.2284264 ], [ 93.3304936, 27.2284788 ], [ 93.3307564, 27.2284645 ], [ 93.3309764, 27.2284168 ], [ 93.3311319, 27.2283214 ], [ 93.3313465, 27.2282165 ], [ 93.3317113, 27.2281306 ], [ 93.3320278, 27.2280543 ], [ 93.3323067, 27.2280639 ], [ 93.3326608, 27.2281497 ], [ 93.3329827, 27.2281831 ], [ 93.3333206, 27.2281783 ], [ 93.3336693, 27.2281068 ], [ 93.333959, 27.2279637 ], [ 93.3342218, 27.2278254 ], [ 93.3346456, 27.2276107 ], [ 93.3351392, 27.2279017 ], [ 93.3356166, 27.2280257 ], [ 93.3360565, 27.227978 ], [ 93.3367324, 27.2277109 ], [ 93.3369952, 27.2274867 ], [ 93.337065, 27.2272053 ], [ 93.3370918, 27.2269524 ], [ 93.337183, 27.2267282 ], [ 93.3373117, 27.226442 ], [ 93.3380467, 27.2263657 ], [ 93.3385348, 27.2265184 ], [ 93.339023, 27.2269858 ], [ 93.3391839, 27.2272339 ], [ 93.3392644, 27.2275773 ], [ 93.3392054, 27.2278492 ], [ 93.3392322, 27.2281259 ], [ 93.339377, 27.2282213 ], [ 93.3396667, 27.2282022 ], [ 93.3399725, 27.2278731 ], [ 93.3399779, 27.2275248 ], [ 93.3399939, 27.2271957 ], [ 93.3400261, 27.2269572 ], [ 93.3401012, 27.2266281 ], [ 93.3401763, 27.2263848 ], [ 93.3403748, 27.2262465 ], [ 93.340686, 27.2262274 ], [ 93.340922, 27.2263371 ], [ 93.3411312, 27.2263991 ], [ 93.3412653, 27.226361 ], [ 93.341437, 27.226318 ], [ 93.3418071, 27.2263133 ], [ 93.3421826, 27.2263276 ], [ 93.3423757, 27.2264087 ], [ 93.3427405, 27.2266328 ], [ 93.3426762, 27.2270097 ], [ 93.3425152, 27.227334 ], [ 93.342306, 27.2276298 ], [ 93.3421075, 27.227811 ], [ 93.3419251, 27.2280782 ], [ 93.3418286, 27.2282737 ], [ 93.3418018, 27.2285075 ], [ 93.3419359, 27.2287555 ], [ 93.3421665, 27.2288986 ], [ 93.3425474, 27.2289511 ], [ 93.3428425, 27.2289654 ], [ 93.3430999, 27.2289129 ], [ 93.3433735, 27.2285886 ], [ 93.3433413, 27.2282547 ], [ 93.3433199, 27.2280114 ], [ 93.3432877, 27.2278206 ], [ 93.3433413, 27.2276632 ], [ 93.343454, 27.2275105 ], [ 93.3436578, 27.2273817 ], [ 93.3439958, 27.2273436 ], [ 93.3442426, 27.2273865 ], [ 93.3443391, 27.2275058 ], [ 93.344382, 27.2277729 ], [ 93.3443713, 27.2280495 ], [ 93.3443123, 27.2282976 ], [ 93.3441836, 27.2284884 ], [ 93.3441997, 27.2287126 ], [ 93.3444786, 27.2290703 ], [ 93.3449238, 27.2292373 ], [ 93.3452082, 27.2293565 ], [ 93.3454496, 27.2295712 ], [ 93.3455837, 27.2296952 ], [ 93.3457231, 27.2300052 ], [ 93.3456464, 27.2303739 ] ] } },
{ "type": "Feature", "properties": { "osm_id": 816078904, "tags": { "name": "Par Nadi", "waterway": "stream" }, "inside_district": true }, "geometry": { "type": "LineString", "coordinates": [ [ 93.3525252, 27.286748 ], [ 93.3516884, 27.2860615 ], [ 93.3503365, 27.2856038 ], [ 93.3482551, 27.2850508 ], [ 93.3473325, 27.2843452 ], [ 93.3468818, 27.2837349 ], [ 93.347075, 27.2829149 ], [ 93.3478904, 27.2821711 ], [ 93.3480191, 27.2812939 ], [ 93.3474827, 27.2807408 ], [ 93.3467316, 27.2803594 ], [ 93.3456802, 27.2801878 ], [ 93.3448434, 27.2799208 ], [ 93.3434701, 27.2793105 ], [ 93.342762, 27.2790816 ], [ 93.3421182, 27.2780899 ], [ 93.3416247, 27.2772317 ], [ 93.3401871, 27.2772222 ], [ 93.3399832, 27.2770791 ], [ 93.3401871, 27.2765356 ], [ 93.3404982, 27.275849 ], [ 93.3406377, 27.2754676 ], [ 93.3404338, 27.2748 ], [ 93.339833, 27.2741039 ], [ 93.3387279, 27.2735985 ], [ 93.3378804, 27.2733124 ], [ 93.3374941, 27.2727975 ], [ 93.3373332, 27.2724256 ], [ 93.3373654, 27.2715578 ], [ 93.3377194, 27.270833 ], [ 93.338331, 27.2698889 ], [ 93.3386958, 27.2693453 ], [ 93.3390283, 27.2684775 ], [ 93.3391786, 27.2677909 ], [ 93.3388781, 27.2666942 ], [ 93.3384061, 27.2660266 ], [ 93.3380091, 27.2653972 ], [ 93.3373225, 27.2646914 ], [ 93.3369791, 27.2637759 ], [ 93.3363998, 27.2634516 ], [ 93.3355307, 27.2632609 ], [ 93.3345866, 27.2630511 ], [ 93.3333957, 27.2628031 ], [ 93.3327412, 27.2625742 ], [ 93.332473, 27.2619829 ], [ 93.3326983, 27.2615442 ], [ 93.3323979, 27.2608957 ], [ 93.3321512, 27.2607717 ], [ 93.3312392, 27.2603998 ], [ 93.3308208, 27.2601232 ], [ 93.3310354, 27.2596654 ], [ 93.3313036, 27.2594556 ], [ 93.3316362, 27.2592934 ], [ 93.3323121, 27.2592744 ], [ 93.3329451, 27.2592648 ], [ 93.3334923, 27.2589787 ], [ 93.333739, 27.2584923 ], [ 93.3335137, 27.2580345 ], [ 93.3330631, 27.2577388 ], [ 93.3326447, 27.257405 ], [ 93.332591, 27.2572238 ], [ 93.33287, 27.2570903 ], [ 93.3333206, 27.2569091 ], [ 93.3342004, 27.2565085 ], [ 93.3346188, 27.256251 ], [ 93.3349192, 27.2558695 ], [ 93.3353484, 27.2549062 ], [ 93.3357131, 27.2538093 ], [ 93.3359063, 27.252703 ], [ 93.3361745, 27.2517015 ], [ 93.3365071, 27.251196 ], [ 93.3368182, 27.2507667 ], [ 93.3372688, 27.2504329 ], [ 93.337816, 27.2502326 ], [ 93.338449, 27.2498225 ], [ 93.3387601, 27.2493074 ], [ 93.3384919, 27.248716 ], [ 93.3375263, 27.2482582 ], [ 93.336035, 27.2478576 ], [ 93.3354235, 27.2475858 ], [ 93.3351928, 27.2470659 ], [ 93.3352035, 27.2464221 ], [ 93.3354825, 27.246031 ], [ 93.3359814, 27.2456447 ], [ 93.3364373, 27.2450771 ], [ 93.3368987, 27.2444858 ], [ 93.3371347, 27.2441757 ], [ 93.3373171, 27.2437608 ], [ 93.3375049, 27.2433173 ], [ 93.3378589, 27.2429262 ], [ 93.3385345, 27.2426453 ], [ 93.3396278, 27.2423854 ], [ 93.3404397, 27.2422507 ], [ 93.3408402, 27.241731 ], [ 93.3407428, 27.2415481 ], [ 93.3405804, 27.2411824 ], [ 93.3406345, 27.2407686 ], [ 93.3405479, 27.2403643 ], [ 93.34005, 27.2403066 ], [ 93.3398984, 27.240297 ], [ 93.3396819, 27.2402104 ], [ 93.3395196, 27.2400756 ], [ 93.3393897, 27.2399216 ], [ 93.3392706, 27.2396137 ], [ 93.3391515, 27.2393249 ], [ 93.3389783, 27.2390266 ], [ 93.3387618, 27.2388052 ], [ 93.3382855, 27.2384876 ], [ 93.3383288, 27.2381315 ], [ 93.3384154, 27.2378331 ], [ 93.338567, 27.2374867 ], [ 93.3388917, 27.2369766 ], [ 93.3390757, 27.2366397 ], [ 93.3390649, 27.2361585 ], [ 93.339119, 27.2350131 ], [ 93.3392489, 27.234503 ], [ 93.3394221, 27.2340892 ], [ 93.3395845, 27.2336657 ], [ 93.3398118, 27.2332326 ], [ 93.3400392, 27.2329149 ], [ 93.3402448, 27.2327224 ] ] } },
{ "type": "Feature", "properties": { "osm_id": 816088279, "tags": { "name": "Shu Nadi", "waterway": "stream" }, "inside_district": true }, "geometry": { "type": "LineString", "coordinates": [ [ 93.6717403, 27.2712907 ], [ 93.6722124, 27.2711096 ], [ 93.6725557, 27.2708807 ], [ 93.6728346, 27.2704992 ], [ 93.6731565, 27.270318 ], [ 93.6734998, 27.2698317 ], [ 93.6733711, 27.2694121 ], [ 93.673017, 27.2689448 ], [ 93.673017, 27.2685729 ], [ 93.6735642, 27.2686587 ], [ 93.6747122, 27.2687541 ], [ 93.674916, 27.2685252 ], [ 93.6752057, 27.2683821 ], [ 93.6758387, 27.26822 ], [ 93.6759996, 27.2679721 ], [ 93.6759889, 27.2676097 ], [ 93.6761284, 27.2670852 ], [ 93.6767936, 27.2666751 ], [ 93.6770725, 27.2664367 ], [ 93.6776519, 27.2659121 ], [ 93.6779845, 27.2655307 ], [ 93.6778986, 27.2649012 ], [ 93.6777592, 27.2646342 ], [ 93.6772013, 27.2644339 ], [ 93.6767721, 27.264453 ], [ 93.6762571, 27.2644435 ], [ 93.6757314, 27.2640334 ], [ 93.6757636, 27.2633372 ], [ 93.6761927, 27.2629843 ], [ 93.6762571, 27.2627173 ], [ 93.6762035, 27.2621355 ], [ 93.6754417, 27.2615728 ], [ 93.674562, 27.2611627 ], [ 93.6737251, 27.2608862 ], [ 93.6730707, 27.2603902 ], [ 93.6725664, 27.2598371 ], [ 93.6724538, 27.2591361 ], [ 93.6725771, 27.2581966 ], [ 93.67284, 27.257281 ], [ 93.6726737, 27.2570331 ], [ 93.6725074, 27.2567469 ], [ 93.6725128, 27.2563845 ], [ 93.6724859, 27.2560173 ], [ 93.6722231, 27.2553783 ], [ 93.6721534, 27.2551184 ], [ 93.6720192, 27.2546582 ], [ 93.672148, 27.2532943 ], [ 93.6721587, 27.2521879 ], [ 93.672266, 27.2513676 ], [ 93.6724055, 27.2505951 ], [ 93.6725449, 27.2499179 ], [ 93.6729956, 27.249584 ], [ 93.6735427, 27.2494791 ], [ 93.6743581, 27.2494982 ], [ 93.6749589, 27.2496222 ], [ 93.6753666, 27.2496794 ], [ 93.6756563, 27.2493933 ], [ 93.6752486, 27.2491453 ], [ 93.6749267, 27.2488496 ], [ 93.6755705, 27.2486779 ], [ 93.6775875, 27.2485825 ], [ 93.678317, 27.2483536 ], [ 93.6781668, 27.2477241 ], [ 93.677845, 27.2470373 ], [ 93.6776089, 27.2464459 ], [ 93.6779308, 27.2456256 ], [ 93.6785316, 27.2450724 ], [ 93.6788749, 27.2445192 ], [ 93.6792397, 27.2439278 ], [ 93.6807632, 27.2440041 ], [ 93.6817932, 27.2434127 ], [ 93.6825228, 27.2430311 ], [ 93.6832309, 27.2426305 ], [ 93.6840033, 27.2422489 ], [ 93.6850548, 27.2419055 ], [ 93.6861706, 27.2416957 ], [ 93.687458, 27.2418483 ], [ 93.6880588, 27.2425923 ], [ 93.6884022, 27.2435844 ], [ 93.6892819, 27.2436798 ], [ 93.6900329, 27.2430502 ], [ 93.6904835, 27.2421345 ], [ 93.6920285, 27.2414858 ], [ 93.6922431, 27.241028 ], [ 93.6922002, 27.2404747 ], [ 93.6919641, 27.2399215 ], [ 93.6916637, 27.2393491 ], [ 93.6915779, 27.2384334 ], [ 93.6929083, 27.238109 ], [ 93.6941314, 27.2382807 ], [ 93.6952042, 27.2382426 ], [ 93.6961698, 27.23809 ], [ 93.6970711, 27.238109 ], [ 93.6977792, 27.2377084 ], [ 93.6991954, 27.2372696 ], [ 93.700397, 27.2390439 ], [ 93.7016415, 27.2396162 ], [ 93.7031007, 27.2399978 ], [ 93.7037015, 27.2393682 ], [ 93.7035727, 27.2384524 ], [ 93.703959, 27.2375939 ], [ 93.7051391, 27.2377084 ], [ 93.7053752, 27.2383571 ], [ 93.7051821, 27.2392346 ], [ 93.7054127, 27.2393491 ], [ 93.7058848, 27.2394636 ], [ 93.7066734, 27.2393443 ], [ 93.7068611, 27.2392346 ], [ 93.7070811, 27.2390439 ], [ 93.7073922, 27.238896 ], [ 93.7077731, 27.2388245 ], [ 93.7081325, 27.2388865 ], [ 93.7086421, 27.2389628 ], [ 93.7089103, 27.2392108 ], [ 93.7091464, 27.2394874 ], [ 93.7093127, 27.2396162 ], [ 93.7096775, 27.2394826 ], [ 93.7096667, 27.2391345 ], [ 93.7096024, 27.2389008 ], [ 93.709715, 27.23871 ], [ 93.7098759, 27.2385812 ], [ 93.7102139, 27.2384334 ], [ 93.7105411, 27.2382998 ], [ 93.7107289, 27.2381472 ], [ 93.7107021, 27.2378944 ], [ 93.7107289, 27.2376034 ], [ 93.7109166, 27.2374794 ], [ 93.7113136, 27.2371933 ], [ 93.7112921, 27.2368022 ], [ 93.7113619, 27.2364301 ], [ 93.7113887, 27.2362393 ], [ 93.7118339, 27.2361535 ], [ 93.7122363, 27.2361439 ], [ 93.7126225, 27.236039 ], [ 93.7128907, 27.2358387 ], [ 93.7131804, 27.2356336 ], [ 93.713395, 27.2354094 ], [ 93.7135935, 27.23519 ], [ 93.7139957, 27.2347008 ] ] } },
{ "type": "Feature", "properties": { "osm_id": 816207132, "tags": { "name:zh": "佩林河", "waterway": "river" }, "inside_district": true }, "geometry": { "type": "LineString", "coordinates": [ [ 93.3808174, 27.4186754 ], [ 93.3820062, 27.4184947 ], [ 93.3824671, 27.4177159 ], [ 93.3839402, 27.4160582 ], [ 93.3847632, 27.4151481 ], [ 93.3870758, 27.4131837 ], [ 93.3890455, 27.41211 ], [ 93.3903315, 27.4113054 ], [ 93.3922847, 27.409804 ], [ 93.3932406, 27.4091678 ], [ 93.3922719, 27.4070324 ], [ 93.3915271, 27.4048106 ], [ 93.3922579, 27.4041662 ], [ 93.3919693, 27.4023617 ], [ 93.3931088, 27.400868 ], [ 93.3924608, 27.3998405 ], [ 93.3917535, 27.398799 ], [ 93.3921386, 27.3974936 ], [ 93.3935589, 27.3966735 ], [ 93.3952618, 27.395657 ], [ 93.3952296, 27.3941499 ], [ 93.3957319, 27.3926713 ], [ 93.3947002, 27.3917027 ], [ 93.395201, 27.3912787 ], [ 93.3967359, 27.3901471 ], [ 93.3978936, 27.3887595 ], [ 93.3993621, 27.3890426 ], [ 93.3991785, 27.3900748 ], [ 93.3997806, 27.3909587 ], [ 93.4020537, 27.3907517 ], [ 93.4039126, 27.3899911 ], [ 93.4048994, 27.389254 ], [ 93.4048087, 27.3879844 ], [ 93.4063474, 27.3875566 ], [ 93.407828, 27.3867032 ], [ 93.4078831, 27.3850129 ], [ 93.4080961, 27.3839778 ], [ 93.4101589, 27.3836783 ], [ 93.4108967, 27.3822242 ], [ 93.4123817, 27.3826055 ], [ 93.4134242, 27.3819554 ], [ 93.4145429, 27.3808666 ], [ 93.4165735, 27.3806524 ], [ 93.4182426, 27.3812052 ], [ 93.4200104, 27.380834 ], [ 93.4215801, 27.3805304 ], [ 93.4224227, 27.3803108 ], [ 93.4238183, 27.3800614 ], [ 93.4240256, 27.3794775 ], [ 93.4244657, 27.3786297 ], [ 93.425958, 27.3785945 ], [ 93.4274836, 27.3771195 ], [ 93.42762, 27.3757859 ], [ 93.4288571, 27.3752048 ], [ 93.4291803, 27.3739684 ], [ 93.4293172, 27.3728767 ], [ 93.4283342, 27.3723677 ], [ 93.4283275, 27.3714321 ], [ 93.4287965, 27.3692213 ], [ 93.4299912, 27.3691795 ], [ 93.4317476, 27.3700107 ], [ 93.43465, 27.3692424 ], [ 93.4358951, 27.3687669 ], [ 93.4366821, 27.3669499 ], [ 93.4373622, 27.3658675 ], [ 93.4378752, 27.3639571 ], [ 93.4390697, 27.3635003 ], [ 93.4399392, 27.3627795 ], [ 93.4399713, 27.3619033 ], [ 93.4404493, 27.3611463 ], [ 93.440525, 27.3600702 ], [ 93.4419389, 27.3602891 ], [ 93.4431755, 27.3610625 ], [ 93.4441322, 27.3607554 ], [ 93.4438707, 27.3596876 ], [ 93.44413, 27.3588912 ], [ 93.445651, 27.3586577 ], [ 93.4473346, 27.3570213 ], [ 93.4489756, 27.3567059 ], [ 93.449645, 27.3575156 ], [ 93.4490492, 27.3594642 ], [ 93.4504223, 27.3608271 ], [ 93.4499751, 27.3615042 ], [ 93.4507839, 27.3615841 ], [ 93.4530815, 27.3600296 ], [ 93.454146, 27.3593557 ], [ 93.4535008, 27.3583069 ], [ 93.453818, 27.3576013 ], [ 93.455772, 27.357611 ], [ 93.4563514, 27.3565539 ], [ 93.4556212, 27.3563147 ], [ 93.4548682, 27.355894 ], [ 93.4556005, 27.3555418 ], [ 93.4570244, 27.3557157 ], [ 93.4574816, 27.3555291 ], [ 93.4585954, 27.3551662 ], [ 93.4592334, 27.3556345 ], [ 93.4594278, 27.3565798 ], [ 93.4602397, 27.3568871 ], [ 93.4606052, 27.3563617 ], [ 93.4607626, 27.3552282 ], [ 93.4611816, 27.3544252 ], [ 93.4615912, 27.3538242 ], [ 93.4627616, 27.3535236 ], [ 93.4630567, 27.3534102 ], [ 93.4632289, 27.3528663 ], [ 93.4629276, 27.3521214 ], [ 93.4631073, 27.3516014 ], [ 93.4637001, 27.3511759 ], [ 93.4647099, 27.3502298 ], [ 93.4650179, 27.3497654 ], [ 93.4649697, 27.3493562 ], [ 93.4645307, 27.3491347 ], [ 93.4636868, 27.3488233 ], [ 93.4637924, 27.3481633 ], [ 93.4643334, 27.347457 ], [ 93.4651941, 27.3473705 ], [ 93.465883, 27.3478059 ], [ 93.4662018, 27.3475379 ], [ 93.4669566, 27.3457646 ], [ 93.4676069, 27.3452948 ], [ 93.4684014, 27.3453505 ], [ 93.4692439, 27.3453103 ], [ 93.4695339, 27.3456775 ], [ 93.4701562, 27.3461921 ], [ 93.4711647, 27.346135 ], [ 93.471787, 27.3463065 ], [ 93.4728813, 27.3460206 ], [ 93.4749627, 27.3459825 ], [ 93.4760678, 27.3441527 ], [ 93.476454, 27.3443528 ], [ 93.4769583, 27.3442004 ], [ 93.4774947, 27.343781 ], [ 93.4781277, 27.3432855 ], [ 93.4790289, 27.3425231 ], [ 93.480016, 27.3419513 ], [ 93.4808206, 27.3414366 ], [ 93.4814536, 27.341551 ], [ 93.4821081, 27.3418655 ], [ 93.4826767, 27.3422467 ], [ 93.4833312, 27.3424564 ], [ 93.483814, 27.3424564 ], [ 93.4844792, 27.3421895 ], [ 93.484801, 27.3417225 ], [ 93.4855521, 27.3413604 ], [ 93.4860027, 27.3413604 ], [ 93.4860885, 27.3417321 ], [ 93.4861421, 27.3423134 ], [ 93.4861421, 27.3428757 ], [ 93.486067, 27.3436667 ], [ 93.4867644, 27.3436667 ], [ 93.4882557, 27.3427899 ], [ 93.4893179, 27.3424373 ], [ 93.4899831, 27.3422658 ], [ 93.4910989, 27.3422753 ], [ 93.4918392, 27.342666 ], [ 93.4923863, 27.3429805 ], [ 93.4929871, 27.34299 ], [ 93.4938669, 27.3427423 ], [ 93.4944677, 27.3423134 ], [ 93.4952617, 27.3418274 ], [ 93.495326, 27.3413699 ], [ 93.4954624, 27.3401936 ], [ 93.4959412, 27.3398543 ], [ 93.4963454, 27.3394406 ], [ 93.4967032, 27.3391264 ], [ 93.4971447, 27.3388883 ], [ 93.4975333, 27.3386077 ], [ 93.4978536, 27.3384119 ], [ 93.4983087, 27.3379532 ], [ 93.4987593, 27.3374577 ], [ 93.4987271, 27.3371384 ], [ 93.4985715, 27.3369239 ], [ 93.4983087, 27.3367047 ], [ 93.4979492, 27.3364236 ], [ 93.4977025, 27.3362187 ], [ 93.4976166, 27.335928 ], [ 93.4978527, 27.3356802 ], [ 93.4984481, 27.3355992 ], [ 93.4988183, 27.3355944 ], [ 93.4992957, 27.3355468 ], [ 93.4998, 27.3352799 ], [ 93.5007065, 27.3343602 ], [ 93.5015756, 27.3331974 ], [ 93.5022193, 27.3326923 ], [ 93.5027665, 27.3323444 ], [ 93.5031635, 27.3318202 ], [ 93.5034639, 27.3315342 ], [ 93.5035551, 27.3305811 ], [ 93.5039896, 27.3297805 ], [ 93.5044348, 27.329323 ], [ 93.5048693, 27.329099 ], [ 93.5058296, 27.3288035 ], [ 93.5066181, 27.3284032 ], [ 93.5072994, 27.3282269 ], [ 93.507868, 27.3284842 ], [ 93.5081792, 27.328856 ], [ 93.5088444, 27.3296756 ], [ 93.5090375, 27.3303524 ], [ 93.5099387, 27.3306669 ], [ 93.5104644, 27.3308861 ], [ 93.5107326, 27.3313341 ], [ 93.5105395, 27.331763 ], [ 93.5101747, 27.3323634 ], [ 93.5097563, 27.3329448 ], [ 93.5094345, 27.3337931 ], [ 93.5097349, 27.3344793 ], [ 93.5103357, 27.3348224 ], [ 93.5112798, 27.3348987 ], [ 93.5119772, 27.3348987 ], [ 93.5124922, 27.3347843 ], [ 93.5130393, 27.3345556 ], [ 93.513329, 27.3340123 ], [ 93.5135007, 27.3335072 ], [ 93.5137689, 27.3331736 ], [ 93.5142839, 27.3331736 ], [ 93.5151744, 27.3332689 ], [ 93.516612, 27.33345 ], [ 93.5171485, 27.3337168 ], [ 93.5177386, 27.3346509 ], [ 93.518554, 27.3351941 ], [ 93.5190797, 27.3358899 ], [ 93.5193694, 27.3371098 ], [ 93.5197878, 27.3402263 ], [ 93.5199058, 27.3406933 ], [ 93.5204422, 27.3410935 ], [ 93.5211182, 27.3413604 ], [ 93.5218799, 27.3416749 ], [ 93.5227811, 27.3422943 ], [ 93.5256672, 27.3431997 ], [ 93.5264718, 27.3436476 ], [ 93.5266328, 27.3441622 ], [ 93.5270512, 27.3447055 ], [ 93.5279202, 27.3452391 ], [ 93.5288858, 27.3456203 ], [ 93.5294008, 27.3458109 ], [ 93.5300553, 27.3457728 ], [ 93.5307419, 27.3460682 ], [ 93.5308063, 27.3463923 ], [ 93.5308277, 27.3470022 ], [ 93.5308492, 27.3475072 ], [ 93.5303986, 27.34887 ], [ 93.5302913, 27.3493941 ], [ 93.5307741, 27.3498992 ], [ 93.5313427, 27.3502422 ], [ 93.531729, 27.3506234 ], [ 93.5318577, 27.3509665 ], [ 93.531847, 27.3513953 ], [ 93.5317397, 27.3517288 ], [ 93.5317397, 27.3521386 ], [ 93.5320508, 27.3523768 ], [ 93.5329628, 27.3528152 ], [ 93.5338962, 27.3532631 ], [ 93.5344219, 27.3536919 ], [ 93.5346901, 27.3542827 ], [ 93.5350442, 27.354883 ], [ 93.5354197, 27.3553214 ], [ 93.5361707, 27.3555119 ], [ 93.5368681, 27.3555977 ], [ 93.5374689, 27.3555215 ], [ 93.5379732, 27.3556072 ], [ 93.5388422, 27.3558073 ], [ 93.5392928, 27.3559026 ], [ 93.539958, 27.3560741 ], [ 93.5403442, 27.3562552 ], [ 93.5407734, 27.356684 ], [ 93.540473, 27.3571033 ], [ 93.5401297, 27.3574463 ], [ 93.5400867, 27.3577512 ], [ 93.5403979, 27.3582563 ], [ 93.5405803, 27.3584468 ], [ 93.5411167, 27.3585135 ], [ 93.5415888, 27.3582467 ], [ 93.5418999, 27.3582277 ], [ 93.5423183, 27.3584087 ], [ 93.5425007, 27.3587136 ], [ 93.5426295, 27.35899 ], [ 93.5427475, 27.3595141 ], [ 93.5428333, 27.3601906 ], [ 93.5429268, 27.3606422 ], [ 93.543137, 27.3609422 ], [ 93.5436222, 27.361214 ], [ 93.5441422, 27.3614674 ], [ 93.5446679, 27.3614293 ], [ 93.5451722, 27.3612769 ], [ 93.545537, 27.3615722 ], [ 93.5455584, 27.3621535 ], [ 93.5454833, 27.3627919 ], [ 93.545419, 27.3632016 ], [ 93.5456765, 27.3635542 ], [ 93.545934, 27.363821 ], [ 93.5463631, 27.3640878 ], [ 93.5468352, 27.3637638 ], [ 93.5468995, 27.3632207 ], [ 93.5468459, 27.3627919 ], [ 93.5467064, 27.3622774 ], [ 93.5468137, 27.3619534 ], [ 93.5473287, 27.3619915 ], [ 93.5478651, 27.3622488 ], [ 93.5480583, 27.3628109 ], [ 93.5482407, 27.3632683 ], [ 93.5482514, 27.3638305 ], [ 93.5479832, 27.3642878 ], [ 93.5477257, 27.3647357 ], [ 93.5475433, 27.3652597 ], [ 93.5475218, 27.3655456 ], [ 93.5478008, 27.3658695 ], [ 93.5481977, 27.3660982 ], [ 93.5487878, 27.3662888 ], [ 93.5496461, 27.3669748 ], [ 93.5494959, 27.3672987 ], [ 93.5494637, 27.36788 ], [ 93.5493135, 27.3683087 ], [ 93.5490453, 27.368585 ], [ 93.5488629, 27.3690519 ], [ 93.548584, 27.3696426 ], [ 93.5481655, 27.3701667 ], [ 93.5478008, 27.3708622 ], [ 93.5471249, 27.3712242 ], [ 93.547318, 27.3720341 ], [ 93.547672, 27.3722151 ], [ 93.5485625, 27.3722723 ], [ 93.5492492, 27.3723104 ], [ 93.5498392, 27.3728344 ], [ 93.5496354, 27.373387 ], [ 93.5491097, 27.3738443 ], [ 93.5486805, 27.3742731 ], [ 93.548069, 27.3748447 ], [ 93.5481012, 27.3755021 ], [ 93.5483372, 27.3760451 ], [ 93.5494852, 27.3779315 ], [ 93.5499895, 27.3784555 ], [ 93.5505688, 27.3788176 ], [ 93.5511374, 27.3791891 ], [ 93.5516631, 27.379675 ], [ 93.5520923, 27.3800656 ], [ 93.5525858, 27.3804467 ], [ 93.5530257, 27.3805896 ], [ 93.553648, 27.3804276 ], [ 93.5540664, 27.3801894 ], [ 93.5545385, 27.380037 ], [ 93.5552144, 27.3800751 ], [ 93.555547, 27.3802752 ], [ 93.5556757, 27.3806658 ], [ 93.5556114, 27.3811707 ], [ 93.5554075, 27.3815232 ], [ 93.5550749, 27.3817518 ], [ 93.5545492, 27.3817614 ], [ 93.5537875, 27.3818566 ], [ 93.5529613, 27.3818662 ], [ 93.5527682, 27.3826664 ], [ 93.5525644, 27.3831999 ], [ 93.5526502, 27.383762 ], [ 93.5527468, 27.3845717 ], [ 93.5526931, 27.3851148 ], [ 93.5526073, 27.3857149 ], [ 93.5524142, 27.3862293 ], [ 93.5519314, 27.3865723 ], [ 93.5513306, 27.386458 ], [ 93.5507619, 27.3862198 ], [ 93.5502899, 27.3859245 ], [ 93.5493028, 27.3856768 ], [ 93.5489273, 27.3858769 ], [ 93.5486376, 27.3864675 ], [ 93.5481763, 27.3874392 ], [ 93.5478008, 27.3880203 ], [ 93.5474038, 27.3884299 ], [ 93.5468566, 27.3888396 ], [ 93.5465026, 27.3892873 ], [ 93.546524, 27.3897064 ], [ 93.5468352, 27.3900494 ], [ 93.5472643, 27.3902018 ], [ 93.5479081, 27.3903256 ], [ 93.5486483, 27.3906305 ], [ 93.5490453, 27.3911353 ], [ 93.5488629, 27.3924595 ], [ 93.5486054, 27.3931453 ], [ 93.5482406, 27.3938121 ], [ 93.548584, 27.3942884 ], [ 93.5494852, 27.3942884 ], [ 93.5501718, 27.3942503 ], [ 93.5506868, 27.3946694 ], [ 93.5505366, 27.3955839 ], [ 93.5502577, 27.3960411 ], [ 93.5496783, 27.3966508 ], [ 93.5495496, 27.3970508 ], [ 93.5497212, 27.3973366 ], [ 93.5501289, 27.3977938 ], [ 93.5504079, 27.3983844 ], [ 93.5501289, 27.3989559 ], [ 93.5502791, 27.3995846 ], [ 93.5505581, 27.4002894 ], [ 93.5507941, 27.4009181 ], [ 93.5512233, 27.4010515 ], [ 93.5517382, 27.4014134 ], [ 93.5513735, 27.4021373 ], [ 93.5514164, 27.4026993 ], [ 93.5521459, 27.4024612 ], [ 93.5524034, 27.4025278 ], [ 93.5527146, 27.4028326 ], [ 93.5531008, 27.4033756 ], [ 93.5534119, 27.4038613 ], [ 93.5541844, 27.4054425 ], [ 93.5544848, 27.4060616 ], [ 93.5549891, 27.406633 ], [ 93.5554182, 27.4073474 ], [ 93.5560834, 27.4078427 ], [ 93.556534, 27.408557 ], [ 93.5566306, 27.4092713 ], [ 93.5568559, 27.4103 ], [ 93.557682, 27.4110048 ], [ 93.5581434, 27.4116619 ], [ 93.5584223, 27.4122715 ], [ 93.5587549, 27.4126429 ], [ 93.5594201, 27.412862 ], [ 93.5597634, 27.4133001 ], [ 93.560493, 27.4141192 ], [ 93.5610509, 27.4150335 ], [ 93.5615444, 27.4157763 ], [ 93.5618019, 27.4164049 ], [ 93.5611904, 27.4170525 ], [ 93.5609972, 27.4176239 ], [ 93.5609543, 27.4181477 ], [ 93.5609436, 27.4186144 ], [ 93.5608899, 27.4190239 ], [ 93.5608041, 27.4196239 ], [ 93.5606539, 27.4202429 ], [ 93.5608148, 27.4208048 ], [ 93.5610187, 27.421081 ], [ 93.5617804, 27.4213286 ], [ 93.5625422, 27.4215095 ], [ 93.5637277, 27.4223095 ], [ 93.5639799, 27.4226619 ], [ 93.5645109, 27.4229428 ], [ 93.5649079, 27.4230237 ], [ 93.5653746, 27.422938 ], [ 93.5660344, 27.4228619 ], [ 93.5663509, 27.4231904 ], [ 93.566308, 27.4235951 ], [ 93.5659593, 27.4245379 ], [ 93.5658252, 27.4251617 ], [ 93.5659057, 27.425695 ], [ 93.5660827, 27.4260331 ], [ 93.5664529, 27.4264187 ], [ 93.5670805, 27.4266187 ], [ 93.5675955, 27.4270092 ], [ 93.5679388, 27.4273901 ], [ 93.5682499, 27.4279186 ], [ 93.5685503, 27.4286328 ], [ 93.5692316, 27.4292661 ], [ 93.5697412, 27.4307516 ], [ 93.5698485, 27.4309944 ], [ 93.5701919, 27.4310516 ], [ 93.570562, 27.4309373 ], [ 93.5709161, 27.4308278 ], [ 93.5711145, 27.4308706 ], [ 93.5713237, 27.4310706 ], [ 93.5714686, 27.4316419 ], [ 93.5716242, 27.4318514 ], [ 93.5717905, 27.4322228 ], [ 93.5717797, 27.4328799 ], [ 93.5719567, 27.4334179 ], [ 93.5723269, 27.4343511 ], [ 93.5725522, 27.4348272 ], [ 93.57274, 27.4351938 ], [ 93.573035, 27.4354176 ], [ 93.5737163, 27.4356366 ], [ 93.574183, 27.4357032 ], [ 93.574698, 27.4357413 ], [ 93.5749179, 27.4358318 ], [ 93.5750145, 27.436027 ], [ 93.5748321, 27.4362174 ], [ 93.5745585, 27.4364031 ], [ 93.5742527, 27.4365174 ], [ 93.5738826, 27.4365983 ], [ 93.5734105, 27.4367411 ], [ 93.5733354, 27.4369792 ], [ 93.5734641, 27.4371982 ], [ 93.5737807, 27.4373601 ], [ 93.5740381, 27.4374553 ], [ 93.5744566, 27.4375791 ], [ 93.574875, 27.4376886 ], [ 93.5753953, 27.43786 ], [ 93.5757655, 27.4382075 ], [ 93.5760927, 27.4389169 ], [ 93.5762429, 27.439393 ], [ 93.5765433, 27.4397739 ], [ 93.5776162, 27.439831 ], [ 93.5783458, 27.44025 ], [ 93.5789466, 27.4404975 ], [ 93.5796118, 27.4403261 ], [ 93.5803842, 27.439831 ], [ 93.5809636, 27.4396406 ], [ 93.5816717, 27.4392216 ], [ 93.5822511, 27.4388979 ], [ 93.5827875, 27.438955 ], [ 93.5830235, 27.4394501 ], [ 93.5834741, 27.440269 ], [ 93.5844826, 27.4414307 ], [ 93.585062, 27.4418496 ], [ 93.5861778, 27.4419448 ], [ 93.5868859, 27.4421543 ], [ 93.5871434, 27.4422495 ], [ 93.5871434, 27.4428779 ], [ 93.5867786, 27.443335 ], [ 93.5862422, 27.4436397 ], [ 93.5855341, 27.4440015 ], [ 93.5854268, 27.4444966 ], [ 93.5854912, 27.4452202 ], [ 93.5856843, 27.4457534 ], [ 93.5861993, 27.4462295 ], [ 93.5869074, 27.4464961 ], [ 93.5880446, 27.4464389 ], [ 93.5904264, 27.4465532 ], [ 93.59092, 27.4470292 ], [ 93.5911774, 27.4477909 ], [ 93.5912633, 27.448267 ], [ 93.5918855, 27.4488954 ], [ 93.5925507, 27.4489525 ], [ 93.593688, 27.4491429 ], [ 93.5941815, 27.4492953 ], [ 93.5949111, 27.4495047 ], [ 93.5954261, 27.4498094 ], [ 93.5958981, 27.4501521 ], [ 93.59622, 27.4503426 ], [ 93.5968852, 27.4503235 ], [ 93.5976362, 27.4501141 ], [ 93.5981726, 27.4499427 ], [ 93.5989237, 27.4499998 ], [ 93.5999536, 27.4503426 ], [ 93.6007905, 27.4507615 ], [ 93.6013698, 27.4511423 ], [ 93.6025286, 27.4512756 ], [ 93.6032581, 27.4507996 ], [ 93.6043095, 27.4498475 ], [ 93.6054253, 27.4486859 ], [ 93.6060369, 27.4486478 ], [ 93.6071312, 27.449181 ], [ 93.607378, 27.4499522 ], [ 93.6077964, 27.4503616 ], [ 93.6098456, 27.4507329 ], [ 93.6113155, 27.4512756 ], [ 93.6128712, 27.4517421 ], [ 93.6136007, 27.4527704 ], [ 93.6136222, 27.4539033 ], [ 93.6139977, 27.4549886 ], [ 93.6149847, 27.4557884 ], [ 93.6155212, 27.4559216 ], [ 93.6164439, 27.4560073 ], [ 93.6171412, 27.4561121 ], [ 93.6175167, 27.4567023 ], [ 93.6173987, 27.4575782 ], [ 93.6172271, 27.458416 ], [ 93.6171842, 27.4586445 ], [ 93.6173022, 27.4591395 ], [ 93.6174738, 27.4594537 ], [ 93.6182034, 27.4597869 ], [ 93.6190724, 27.4598535 ], [ 93.6200809, 27.4599106 ], [ 93.6209929, 27.4601581 ], [ 93.6217654, 27.4610245 ], [ 93.6224627, 27.4618813 ], [ 93.6230528, 27.4625381 ], [ 93.6229455, 27.4631855 ], [ 93.6230314, 27.4638804 ], [ 93.6230743, 27.464423 ], [ 93.6236242, 27.4650929 ] ] } },
{ "type": "Feature", "properties": { "osm_id": 816207134, "tags": { "waterway": "stream" }, "inside_district": true }, "geometry": { "type": "LineString", "coordinates": [ [ 93.8965845, 27.4589491 ], [ 93.8965309, 27.4582351 ], [ 93.8965523, 27.4574449 ], [ 93.8966167, 27.4562644 ], [ 93.8966274, 27.4557884 ], [ 93.8963807, 27.4552267 ], [ 93.8960051, 27.4549315 ], [ 93.8952863, 27.4545412 ], [ 93.8941705, 27.4536843 ], [ 93.8937306, 27.4523134 ], [ 93.8933122, 27.4517612 ], [ 93.892765, 27.4512946 ], [ 93.8924968, 27.4506853 ], [ 93.892411, 27.4498284 ], [ 93.892293, 27.4492381 ], [ 93.8918424, 27.4484003 ], [ 93.8912308, 27.4463723 ], [ 93.8909626, 27.4460105 ], [ 93.8902759, 27.4452297 ], [ 93.8897502, 27.4442966 ], [ 93.8891494, 27.4432778 ], [ 93.8883126, 27.4421638 ], [ 93.8879156, 27.4412212 ], [ 93.8885701, 27.4400024 ], [ 93.8896966, 27.4385932 ], [ 93.8899755, 27.4369839 ], [ 93.890351, 27.4360984 ], [ 93.8900936, 27.4348796 ], [ 93.8904691, 27.4332417 ], [ 93.8905334, 27.4311373 ], [ 93.8904369, 27.4294422 ], [ 93.8896859, 27.4262902 ], [ 93.8898039, 27.4248617 ], [ 93.8896751, 27.4228904 ], [ 93.8899004, 27.4212524 ], [ 93.8901901, 27.4195001 ], [ 93.8910484, 27.4183096 ], [ 93.8915527, 27.4172525 ], [ 93.8914132, 27.4166811 ], [ 93.8911557, 27.4161001 ], [ 93.8906085, 27.4155763 ], [ 93.8902652, 27.4153097 ], [ 93.8902008, 27.4146811 ], [ 93.8904583, 27.4141954 ], [ 93.89063, 27.413281 ], [ 93.8910591, 27.4120048 ], [ 93.8911557, 27.4118715 ], [ 93.8914454, 27.4105 ], [ 93.8917994, 27.4102619 ], [ 93.8926792, 27.4098904 ], [ 93.8930547, 27.4097857 ], [ 93.8931084, 27.4094047 ], [ 93.8936019, 27.4086142 ], [ 93.894825, 27.4070902 ], [ 93.8964128, 27.4059854 ], [ 93.8955331, 27.4052615 ], [ 93.8959408, 27.4044233 ], [ 93.8964772, 27.4038709 ], [ 93.8962841, 27.4028041 ], [ 93.8962626, 27.4015468 ], [ 93.8963485, 27.4003657 ], [ 93.8965201, 27.3991845 ], [ 93.8976145, 27.3984034 ], [ 93.8984298, 27.3974509 ], [ 93.8989448, 27.3969175 ], [ 93.8992238, 27.3962316 ], [ 93.8992882, 27.395603 ], [ 93.8993311, 27.3949933 ], [ 93.8984406, 27.3934597 ], [ 93.8984406, 27.3921927 ], [ 93.8985693, 27.3915164 ], [ 93.898859, 27.3909543 ], [ 93.8994276, 27.3906019 ], [ 93.8999426, 27.3902685 ], [ 93.9003289, 27.3896016 ], [ 93.9003181, 27.3888777 ], [ 93.9003074, 27.3882299 ], [ 93.900522, 27.3875535 ], [ 93.9006722, 27.3866676 ], [ 93.9008868, 27.3863913 ], [ 93.9012191, 27.3858153 ] ] } },
{ "type": "Feature", "properties": { "osm_id": 816207135, "tags": { "name": "Puriperti", "waterway": "river" }, "inside_district": true }, "geometry": { "type": "LineString", "coordinates": [ [ 93.9633178, 27.4423066 ], [ 93.9622021, 27.4420781 ], [ 93.9612579, 27.442002 ], [ 93.9602065, 27.4414687 ], [ 93.9602923, 27.4409736 ], [ 93.9602709, 27.4401928 ], [ 93.9600563, 27.4396406 ], [ 93.9596271, 27.4391264 ], [ 93.9587259, 27.4388598 ], [ 93.9580393, 27.4387074 ], [ 93.9581895, 27.4378505 ], [ 93.9589834, 27.4367649 ], [ 93.9589834, 27.4360984 ], [ 93.9588547, 27.4357366 ], [ 93.9583826, 27.4353366 ], [ 93.9576745, 27.4350891 ], [ 93.9563441, 27.4346701 ], [ 93.9562797, 27.4339273 ], [ 93.9567947, 27.433375 ], [ 93.9577389, 27.4326513 ], [ 93.9584899, 27.4321752 ], [ 93.9598632, 27.4316801 ], [ 93.9611292, 27.4313563 ], [ 93.9631033, 27.4312611 ], [ 93.9635324, 27.4308802 ], [ 93.9621484, 27.4296136 ], [ 93.9603352, 27.4283471 ], [ 93.9599705, 27.42809 ], [ 93.9596057, 27.427652 ], [ 93.9590263, 27.4269854 ], [ 93.9584577, 27.4265663 ], [ 93.9575136, 27.4264045 ], [ 93.9563441, 27.4253284 ], [ 93.9558613, 27.4249379 ], [ 93.9554429, 27.4242522 ], [ 93.9555073, 27.4233856 ], [ 93.9550245, 27.4229095 ], [ 93.9540589, 27.4224524 ], [ 93.9531577, 27.4223666 ], [ 93.9513338, 27.4216905 ], [ 93.9508402, 27.4211381 ], [ 93.9501321, 27.4205096 ], [ 93.9495528, 27.4203096 ], [ 93.94907, 27.4200715 ], [ 93.9488339, 27.4193858 ], [ 93.9487696, 27.4187477 ], [ 93.9485872, 27.418243 ], [ 93.9478683, 27.4179382 ], [ 93.9469671, 27.4177382 ], [ 93.9459586, 27.4172049 ], [ 93.9445424, 27.4161097 ], [ 93.943845, 27.4156906 ], [ 93.9435017, 27.4153001 ], [ 93.9432549, 27.4147954 ], [ 93.9427936, 27.4143001 ], [ 93.941946, 27.4139287 ], [ 93.9411735, 27.4138049 ], [ 93.9407551, 27.4127572 ], [ 93.9404333, 27.4125096 ], [ 93.9397681, 27.4123382 ], [ 93.9392531, 27.4123001 ], [ 93.9388347, 27.4119381 ], [ 93.9383626, 27.4110905 ], [ 93.9371824, 27.4104143 ], [ 93.9363563, 27.409919 ], [ 93.9354658, 27.4091666 ], [ 93.935262, 27.4088046 ], [ 93.9348864, 27.4080713 ], [ 93.9344358, 27.4078046 ], [ 93.9338994, 27.4075093 ], [ 93.9333522, 27.4073474 ], [ 93.9324725, 27.4072521 ], [ 93.9316678, 27.4071759 ], [ 93.9310026, 27.4070807 ], [ 93.9298868, 27.4064997 ], [ 93.9297473, 27.406052 ], [ 93.9296293, 27.405271 ], [ 93.9294791, 27.404709 ], [ 93.9282882, 27.4035565 ], [ 93.9268291, 27.4026612 ], [ 93.9251661, 27.401261 ], [ 93.924061, 27.3999084 ], [ 93.9233422, 27.399575 ], [ 93.922956, 27.3992798 ], [ 93.9226341, 27.3984606 ], [ 93.9228701, 27.3979462 ], [ 93.9231062, 27.3972794 ], [ 93.9230955, 27.3968508 ], [ 93.922838, 27.3964126 ], [ 93.9224088, 27.3960983 ], [ 93.9215612, 27.3960506 ], [ 93.9207995, 27.3961173 ], [ 93.920027, 27.3962316 ], [ 93.9195979, 27.3965936 ], [ 93.919158, 27.3965745 ], [ 93.9189541, 27.3962031 ], [ 93.9189541, 27.3956601 ], [ 93.9187932, 27.3951648 ], [ 93.9181924, 27.3945932 ], [ 93.917098, 27.3942884 ], [ 93.9162826, 27.3938312 ], [ 93.9149523, 27.3935454 ], [ 93.9142227, 27.3928024 ], [ 93.9137292, 27.3921927 ], [ 93.9126134, 27.3919832 ], [ 93.9113903, 27.3916212 ], [ 93.9104676, 27.3908591 ], [ 93.910017, 27.3902304 ], [ 93.9094162, 27.3889729 ], [ 93.9089012, 27.3880965 ], [ 93.9088793, 27.3872186 ] ] } },
{ "type": "Feature", "properties": { "osm_id": 816207137, "tags": { "name": "Jaihinu", "waterway": "river" }, "inside_district": true }, "geometry": { "type": "LineString", "coordinates": [ [ 94.0115733, 27.3837708 ], [ 94.0172646, 27.3717058 ], [ 94.0165339, 27.3712472 ], [ 94.0160998, 27.3706909 ], [ 94.015958, 27.3702782 ], [ 94.0160454, 27.3701187 ], [ 94.0164247, 27.3699952 ], [ 94.0171733, 27.3700852 ], [ 94.0173953, 27.3700003 ], [ 94.0175535, 27.3692646 ], [ 94.0177409, 27.368695 ], [ 94.0181973, 27.3682757 ], [ 94.0183854, 27.3682481 ], [ 94.0191527, 27.3683497 ], [ 94.0199365, 27.3681411 ], [ 94.0207703, 27.3680756 ], [ 94.0210963, 27.3678362 ], [ 94.0212143, 27.3675193 ], [ 94.0210705, 27.3667187 ], [ 94.0210804, 27.3663689 ], [ 94.0214311, 27.365945 ], [ 94.0212569, 27.3653609 ], [ 94.0214814, 27.3648412 ], [ 94.0219596, 27.3639782 ], [ 94.0218409, 27.3639006 ], [ 94.0212016, 27.3639953 ], [ 94.0208783, 27.3638016 ], [ 94.0209046, 27.3634991 ], [ 94.0211757, 27.3633344 ], [ 94.02219, 27.3632155 ], [ 94.0224036, 27.3627013 ], [ 94.022183, 27.3624835 ], [ 94.0217485, 27.3624669 ], [ 94.0216085, 27.3624193 ], [ 94.0215135, 27.3622878 ], [ 94.021628, 27.3618325 ], [ 94.0217121, 27.3612622 ], [ 94.0216484, 27.361067 ], [ 94.0213382, 27.3608638 ], [ 94.020853, 27.3606703 ], [ 94.0198037, 27.3607519 ], [ 94.0195831, 27.3604649 ], [ 94.0195778, 27.3602563 ], [ 94.0190427, 27.3597183 ], [ 94.0189502, 27.359228 ], [ 94.0189841, 27.3585772 ], [ 94.0191976, 27.357315 ], [ 94.0207448, 27.3567954 ], [ 94.0216119, 27.3569461 ], [ 94.0223067, 27.3565332 ], [ 94.0229059, 27.3566928 ], [ 94.0232125, 27.3566962 ], [ 94.0233623, 27.3566041 ], [ 94.023205, 27.3560293 ], [ 94.0249471, 27.350493 ], [ 94.0290482, 27.3499662 ], [ 94.0296752, 27.3460676 ], [ 94.0339727, 27.3391747 ], [ 94.0411626, 27.3263152 ], [ 94.0363694, 27.3203533 ], [ 94.0363694, 27.3127728 ], [ 94.0392693, 27.3066611 ], [ 94.0379991, 27.3015713 ], [ 94.0379101, 27.3011925 ], [ 94.0385002, 27.3004727 ], [ 94.0390057, 27.2997185 ], [ 94.0403238, 27.2959489 ], [ 94.0379227, 27.2936574 ], [ 94.0370884, 27.2928819 ], [ 94.0371467, 27.2910831 ] ] } },
{ "type": "Feature", "properties": { "osm_id": 816947045, "tags": { "waterway": "stream" }, "inside_district": true }, "geometry": { "type": "LineString", "coordinates": [ [ 93.3021855, 27.5166451 ], [ 93.3008551, 27.515941 ], [ 93.3004045, 27.5155604 ], [ 93.299911, 27.515332 ], [ 93.2993102, 27.5149894 ], [ 93.2976365, 27.5146469 ], [ 93.2962417, 27.5144946 ], [ 93.2954907, 27.5141902 ], [ 93.2947397, 27.5138666 ], [ 93.293817, 27.5136192 ], [ 93.2916498, 27.5133528 ], [ 93.2896542, 27.5128961 ], [ 93.2889461, 27.5126486 ], [ 93.2865858, 27.5120397 ], [ 93.2851696, 27.5114878 ], [ 93.2834959, 27.5106694 ], [ 93.2814359, 27.5096988 ], [ 93.2802558, 27.508633 ], [ 93.2772302, 27.5057402 ], [ 93.2766294, 27.5051692 ], [ 93.2754493, 27.504484 ], [ 93.2747412, 27.5034944 ], [ 93.2734966, 27.5023714 ], [ 93.2714581, 27.5016482 ], [ 93.2694626, 27.4997639 ], [ 93.268733, 27.4994023 ], [ 93.2675528, 27.4985077 ], [ 93.2668018, 27.4982793 ], [ 93.2656002, 27.4983174 ], [ 93.2650208, 27.498108 ], [ 93.2645702, 27.4972705 ], [ 93.2634973, 27.4967566 ], [ 93.2628536, 27.496433 ], [ 93.2618022, 27.495843 ], [ 93.2600212, 27.4953862 ], [ 93.2589483, 27.4949865 ], [ 93.2582617, 27.4935399 ], [ 93.2559442, 27.4913128 ], [ 93.2534981, 27.4899043 ], [ 93.2532191, 27.4885908 ], [ 93.2518673, 27.4880388 ], [ 93.2512235, 27.4876962 ], [ 93.2504296, 27.4865541 ], [ 93.249743, 27.4853358 ], [ 93.2488203, 27.4844982 ], [ 93.2475328, 27.4841365 ], [ 93.2469749, 27.4836225 ], [ 93.2461595, 27.4828611 ], [ 93.2460308, 27.4820806 ], [ 93.2455802, 27.4806814 ], [ 93.2454622, 27.480453 ], [ 93.245033, 27.4800532 ], [ 93.2450116, 27.4795868 ], [ 93.2450545, 27.479168 ], [ 93.244797, 27.4786921 ], [ 93.2441854, 27.4780068 ], [ 93.243649, 27.4777783 ], [ 93.2432198, 27.477845 ], [ 93.2427585, 27.4779782 ], [ 93.2418787, 27.4779401 ], [ 93.2416963, 27.4775784 ], [ 93.2409131, 27.4766075 ], [ 93.2388425, 27.4749798 ], [ 93.2372653, 27.4742659 ], [ 93.2363641, 27.4735235 ], [ 93.2350981, 27.4729714 ], [ 93.2346368, 27.4726192 ], [ 93.2343793, 27.4721242 ], [ 93.2341647, 27.4716673 ], [ 93.2337248, 27.4712484 ], [ 93.2331991, 27.4711628 ], [ 93.2326198, 27.4711723 ], [ 93.2321906, 27.4712389 ], [ 93.2313859, 27.47102 ], [ 93.2307529, 27.4705059 ], [ 93.2306349, 27.4699824 ], [ 93.2305169, 27.4691828 ], [ 93.2303452, 27.468564 ], [ 93.229841, 27.4680405 ], [ 93.2292724, 27.4675074 ], [ 93.2285535, 27.4669076 ], [ 93.2266974, 27.4664697 ], [ 93.2261395, 27.4662794 ], [ 93.2254207, 27.4659367 ], [ 93.2246482, 27.4657463 ], [ 93.2235968, 27.4657082 ], [ 93.2228458, 27.4657463 ], [ 93.2222235, 27.4658891 ], [ 93.2217193, 27.4656987 ], [ 93.2211935, 27.4648514 ], [ 93.2207429, 27.464423 ], [ 93.220346, 27.4641279 ], [ 93.219713, 27.4637567 ], [ 93.2192731, 27.4636043 ], [ 93.2189083, 27.4635567 ], [ 93.2183289, 27.4635472 ], [ 93.2175994, 27.4632236 ], [ 93.2171273, 27.4625572 ], [ 93.2160437, 27.4614338 ], [ 93.2154965, 27.4613005 ], [ 93.2145953, 27.4611673 ], [ 93.2139945, 27.4610816 ], [ 93.2131576, 27.4609864 ], [ 93.2126641, 27.4606627 ], [ 93.2123208, 27.4604342 ], [ 93.211602, 27.4602629 ], [ 93.2110333, 27.4604057 ], [ 93.2106578, 27.460815 ], [ 93.2100356, 27.4614243 ], [ 93.2092094, 27.4618813 ], [ 93.2084799, 27.4618432 ], [ 93.2077181, 27.4617956 ], [ 93.2067418, 27.4616909 ], [ 93.2052612, 27.4609293 ], [ 93.204596, 27.4608531 ], [ 93.203448, 27.4608055 ], [ 93.2021391, 27.4611863 ], [ 93.2017636, 27.4614814 ], [ 93.201195, 27.4617194 ], [ 93.2006585, 27.4617289 ], [ 93.1998861, 27.4616718 ], [ 93.1992316, 27.4616337 ], [ 93.1988668, 27.4614148 ], [ 93.198663, 27.4610816 ], [ 93.1983948, 27.4606246 ], [ 93.1981587, 27.4601867 ], [ 93.1975579, 27.4599201 ], [ 93.1969893, 27.4602153 ], [ 93.1957233, 27.4605961 ], [ 93.1945324, 27.460101 ], [ 93.1932449, 27.4597869 ], [ 93.1930625, 27.4595774 ], [ 93.1923866, 27.4597488 ], [ 93.191936, 27.4599963 ], [ 93.1917643, 27.4603771 ], [ 93.191421, 27.4607484 ], [ 93.190949, 27.4607579 ], [ 93.19067, 27.460577 ], [ 93.190434, 27.4601772 ], [ 93.1896508, 27.460101 ], [ 93.1894255, 27.4602533 ], [ 93.1889319, 27.4608531 ], [ 93.1883311, 27.4612625 ], [ 93.187505, 27.4613767 ], [ 93.1864214, 27.4616528 ], [ 93.1845868, 27.4623573 ], [ 93.183589, 27.4628047 ], [ 93.1825054, 27.4632616 ], [ 93.1815505, 27.4636424 ], [ 93.1804776, 27.4637281 ], [ 93.1792331, 27.4637091 ], [ 93.1784284, 27.4636615 ], [ 93.177731, 27.4637186 ], [ 93.1772804, 27.4635377 ], [ 93.1767976, 27.4631474 ], [ 93.1762504, 27.4624334 ], [ 93.1760895, 27.4617765 ], [ 93.1756818, 27.4613672 ], [ 93.1750274, 27.4616337 ], [ 93.1749093, 27.4620621 ], [ 93.1747806, 27.4625667 ], [ 93.1747913, 27.463195 ], [ 93.1742012, 27.4633854 ], [ 93.1736219, 27.463195 ], [ 93.173182, 27.4630141 ], [ 93.1728387, 27.4630903 ], [ 93.1725275, 27.4637757 ], [ 93.1722915, 27.4642136 ], [ 93.1718838, 27.46488 ], [ 93.1716585, 27.4651561 ], [ 93.1713259, 27.4655654 ], [ 93.1710577, 27.4659557 ], [ 93.1705427, 27.4665649 ], [ 93.1700063, 27.4669076 ], [ 93.1690729, 27.467317 ], [ 93.168354, 27.4675264 ], [ 93.1677318, 27.4675835 ], [ 93.167485, 27.4671932 ], [ 93.167367, 27.4666506 ], [ 93.1670344, 27.4661937 ], [ 93.1667018, 27.4658129 ], [ 93.1660795, 27.4652037 ], [ 93.1652212, 27.4644421 ], [ 93.164674, 27.4638899 ], [ 93.1641483, 27.4638043 ], [ 93.1640947, 27.4643754 ], [ 93.1637621, 27.4648419 ], [ 93.1633329, 27.4652037 ], [ 93.1627965, 27.465632 ], [ 93.1625175, 27.4660414 ], [ 93.1622171, 27.4664126 ], [ 93.1617343, 27.4665459 ], [ 93.1615198, 27.4661461 ], [ 93.1615198, 27.4656416 ], [ 93.1610048, 27.4655464 ], [ 93.1606936, 27.4656987 ], [ 93.1605327, 27.466089 ], [ 93.1606507, 27.4664983 ], [ 93.1607473, 27.466822 ], [ 93.1607795, 27.4674122 ], [ 93.160243, 27.4676216 ], [ 93.1596529, 27.4675359 ], [ 93.158977, 27.4674503 ], [ 93.1581509, 27.4676597 ], [ 93.1576788, 27.4679833 ], [ 93.1576574, 27.4684117 ], [ 93.157829, 27.468802 ], [ 93.15799, 27.4690305 ], [ 93.1581294, 27.4693065 ], [ 93.1580973, 27.4697063 ] ] } },
{ "type": "Feature", "properties": { "osm_id": 816964694, "tags": { "waterway": "stream" }, "inside_district": true }, "geometry": { "type": "LineString", "coordinates": [ [ 93.3209717, 27.503304 ], [ 93.3216476, 27.503266 ], [ 93.3221841, 27.5028568 ], [ 93.3224845, 27.5026284 ], [ 93.3230853, 27.5025522 ], [ 93.3237398, 27.5025617 ], [ 93.3244908, 27.5024951 ], [ 93.325113, 27.5023809 ], [ 93.3257139, 27.5025713 ], [ 93.3264005, 27.5027426 ], [ 93.3268618, 27.5028092 ], [ 93.3277523, 27.5024666 ], [ 93.3282673, 27.5024666 ], [ 93.3286965, 27.5023334 ], [ 93.3291256, 27.5021811 ], [ 93.3292866, 27.5020574 ], [ 93.3296835, 27.5021906 ], [ 93.3300698, 27.5021811 ], [ 93.3302522, 27.5019622 ], [ 93.330456, 27.5017148 ], [ 93.3307993, 27.5016862 ], [ 93.3313036, 27.5019241 ], [ 93.3317971, 27.5021335 ], [ 93.332473, 27.5022096 ], [ 93.3334064, 27.5019146 ], [ 93.3337283, 27.5016196 ], [ 93.3337927, 27.501258 ], [ 93.3337927, 27.5010106 ], [ 93.3340931, 27.5008773 ], [ 93.3344042, 27.5008678 ], [ 93.3345544, 27.5005538 ], [ 93.3346403, 27.5001921 ], [ 93.3349621, 27.4997353 ], [ 93.3351767, 27.4993832 ], [ 93.3353698, 27.4991929 ], [ 93.3360672, 27.498974 ], [ 93.3369791, 27.4987647 ], [ 93.3375907, 27.4986504 ], [ 93.3382666, 27.4985648 ], [ 93.3386743, 27.4983745 ], [ 93.3391571, 27.4983554 ], [ 93.3395433, 27.4980794 ], [ 93.339597, 27.4977178 ], [ 93.3395219, 27.4972705 ], [ 93.3394575, 27.4968898 ], [ 93.3393395, 27.4965092 ], [ 93.3394039, 27.4959762 ], [ 93.3395862, 27.4955955 ], [ 93.3400476, 27.4954242 ], [ 93.3408201, 27.4955194 ], [ 93.3411634, 27.4955765 ], [ 93.3418822, 27.495548 ], [ 93.3421504, 27.4955004 ], [ 93.3426654, 27.4956526 ], [ 93.3431804, 27.495824 ], [ 93.3436847, 27.4959096 ], [ 93.3443499, 27.495824 ], [ 93.3446288, 27.4957002 ], [ 93.3446932, 27.4954813 ], [ 93.3448541, 27.4951482 ], [ 93.3451974, 27.4948532 ], [ 93.3459699, 27.4946819 ], [ 93.3466136, 27.4948627 ], [ 93.3473861, 27.4948151 ], [ 93.3483302, 27.4946248 ], [ 93.3490705, 27.494444 ], [ 93.3497143, 27.4941394 ], [ 93.3506799, 27.493892 ], [ 93.3515596, 27.4934352 ], [ 93.3518064, 27.4929498 ], [ 93.352021, 27.4926548 ], [ 93.3521497, 27.4926262 ], [ 93.3528471, 27.492531 ], [ 93.3534801, 27.4922455 ], [ 93.354156, 27.4918648 ], [ 93.3548641, 27.4915222 ], [ 93.3552503, 27.4910463 ], [ 93.3557439, 27.4906466 ], [ 93.3563018, 27.4903325 ], [ 93.3569026, 27.4902088 ], [ 93.3574712, 27.4902088 ], [ 93.3579326, 27.4902469 ], [ 93.3585334, 27.4901898 ], [ 93.3591235, 27.4901612 ] ] } },
{ "type": "Feature", "properties": { "osm_id": 816964695, "tags": { "waterway": "stream" }, "inside_district": true }, "geometry": { "type": "LineString", "coordinates": [ [ 93.3411848, 27.4440586 ], [ 93.3405197, 27.4443061 ], [ 93.3402514, 27.4445156 ], [ 93.3402836, 27.4447251 ], [ 93.3405089, 27.4449155 ], [ 93.3405304, 27.4453535 ], [ 93.3401871, 27.4455058 ], [ 93.3398008, 27.4455439 ], [ 93.3395219, 27.4456677 ], [ 93.339715, 27.4462295 ], [ 93.3399081, 27.4465437 ], [ 93.3398974, 27.4469816 ], [ 93.3395111, 27.4474767 ], [ 93.3392537, 27.447829 ], [ 93.3389425, 27.4483336 ], [ 93.3391356, 27.4487621 ], [ 93.3390605, 27.4492476 ], [ 93.3387923, 27.4496475 ], [ 93.3384061, 27.4500855 ], [ 93.3380306, 27.450314 ], [ 93.3376551, 27.4503521 ], [ 93.3372903, 27.4504663 ], [ 93.3370972, 27.4507519 ], [ 93.3370435, 27.4510852 ], [ 93.3370328, 27.4514946 ], [ 93.336947, 27.4518278 ], [ 93.3369577, 27.4521134 ], [ 93.3371401, 27.4525419 ], [ 93.3372581, 27.452837 ], [ 93.3368826, 27.4530845 ], [ 93.3365929, 27.4531321 ], [ 93.3363354, 27.4532749 ], [ 93.3361316, 27.4535796 ], [ 93.3357239, 27.4535986 ], [ 93.3352733, 27.4535986 ], [ 93.3350158, 27.4537415 ], [ 93.3347583, 27.4540461 ], [ 93.3342862, 27.4541699 ], [ 93.3340394, 27.4541318 ], [ 93.3337068, 27.4540747 ], [ 93.3334601, 27.4541508 ], [ 93.3333099, 27.4542746 ], [ 93.3331382, 27.4546459 ], [ 93.332988, 27.4550362 ], [ 93.3328164, 27.4554647 ], [ 93.3324838, 27.4557884 ], [ 93.3319902, 27.4557503 ], [ 93.3316684, 27.4558455 ], [ 93.3315825, 27.4561121 ], [ 93.3317649, 27.4563881 ], [ 93.332001, 27.4566071 ], [ 93.3323443, 27.4568546 ], [ 93.3330202, 27.4573116 ], [ 93.3332991, 27.4576448 ], [ 93.3337712, 27.4585588 ], [ 93.3343077, 27.4592252 ], [ 93.3346295, 27.4597583 ], [ 93.3347583, 27.4599773 ], [ 93.3349192, 27.4602914 ], [ 93.3351016, 27.4606341 ], [ 93.3356917, 27.460815 ], [ 93.3366358, 27.4609197 ], [ 93.3370328, 27.4612434 ], [ 93.3373332, 27.4614243 ], [ 93.3375692, 27.4620526 ], [ 93.3372688, 27.4625286 ], [ 93.3374083, 27.4628523 ], [ 93.337816, 27.4632712 ], [ 93.3380949, 27.4637471 ], [ 93.3383846, 27.4641089 ], [ 93.3386636, 27.4652512 ], [ 93.3388352, 27.4658605 ], [ 93.3384597, 27.4662603 ], [ 93.3377087, 27.4664507 ], [ 93.3370757, 27.4665935 ], [ 93.336668, 27.4668029 ], [ 93.3365285, 27.4671171 ], [ 93.3366036, 27.4675169 ], [ 93.3368611, 27.4678691 ], [ 93.3377838, 27.4682404 ], [ 93.3382451, 27.468564 ], [ 93.3379125, 27.4688591 ], [ 93.3377087, 27.469316 ], [ 93.3376765, 27.469773 ], [ 93.3378374, 27.4699538 ], [ 93.338449, 27.4696587 ], [ 93.3391464, 27.4695445 ], [ 93.3398867, 27.4695445 ], [ 93.3403051, 27.4696587 ], [ 93.3407557, 27.4700966 ], [ 93.3407342, 27.470544 ], [ 93.340702, 27.4708772 ], [ 93.341217, 27.4709724 ], [ 93.3418929, 27.4710009 ], [ 93.3426332, 27.4709248 ], [ 93.3430624, 27.47102 ], [ 93.3436417, 27.4712675 ], [ 93.3440602, 27.4714483 ], [ 93.344897, 27.4718291 ], [ 93.3449292, 27.472267 ], [ 93.3447468, 27.4728762 ], [ 93.3445108, 27.4732569 ], [ 93.343749, 27.4740851 ], [ 93.343395, 27.4745325 ], [ 93.3435881, 27.4749227 ], [ 93.3443177, 27.4751607 ], [ 93.3447575, 27.4753606 ], [ 93.3450794, 27.4756366 ], [ 93.3452833, 27.4760555 ], [ 93.3460235, 27.4773214 ], [ 93.3469677, 27.4779306 ], [ 93.3473754, 27.478397 ], [ 93.3474934, 27.4786826 ], [ 93.347311, 27.4796344 ], [ 93.3478153, 27.4802626 ], [ 93.3481586, 27.4805672 ], [ 93.348695, 27.4807481 ], [ 93.3504331, 27.4815095 ], [ 93.3511519, 27.4821377 ], [ 93.3518386, 27.4825946 ], [ 93.3525789, 27.4829658 ], [ 93.3532011, 27.4832894 ], [ 93.3537698, 27.483594 ], [ 93.3539629, 27.48387 ], [ 93.3540594, 27.4844316 ], [ 93.3541667, 27.4848123 ], [ 93.3552396, 27.4857926 ], [ 93.3555722, 27.4865065 ], [ 93.3557975, 27.4868776 ], [ 93.3562589, 27.4872108 ], [ 93.3569991, 27.4876105 ], [ 93.3577394, 27.4879722 ], [ 93.3582437, 27.4888288 ], [ 93.3586192, 27.4897044 ], [ 93.3591235, 27.4901612 ], [ 93.3595312, 27.4902945 ], [ 93.3603036, 27.4905419 ], [ 93.3605933, 27.4907513 ], [ 93.3610868, 27.4911796 ], [ 93.3616769, 27.4917125 ], [ 93.3617198, 27.4921884 ], [ 93.3620632, 27.4924644 ], [ 93.3623958, 27.4926072 ], [ 93.3629966, 27.4926548 ] ] } },
{ "type": "Feature", "properties": { "osm_id": 816964696, "tags": { "name": "哈姆得里河", "name:en": "Panyor", "name:zh": "杭得拉河", "waterway": "stream" }, "inside_district": true }, "geometry": { "type": "LineString", "coordinates": [ [ 93.3575249, 27.4314325 ], [ 93.3581042, 27.4324228 ], [ 93.358469, 27.4327466 ], [ 93.3593917, 27.4329751 ], [ 93.3598852, 27.4331846 ], [ 93.3604002, 27.4336417 ], [ 93.3606791, 27.4340416 ], [ 93.3613443, 27.4343654 ], [ 93.3616233, 27.434232 ], [ 93.3624387, 27.4343463 ], [ 93.3631038, 27.4344987 ], [ 93.3638549, 27.4345177 ], [ 93.3645844, 27.4341368 ], [ 93.3654427, 27.433775 ], [ 93.3663869, 27.4341559 ], [ 93.3669448, 27.4345749 ], [ 93.36761, 27.4349748 ], [ 93.3678031, 27.4357366 ], [ 93.3678031, 27.4361936 ], [ 93.3680177, 27.4368983 ], [ 93.3684683, 27.4373934 ], [ 93.3690905, 27.4375838 ], [ 93.3701634, 27.4378314 ], [ 93.3707642, 27.4382123 ], [ 93.3718157, 27.4384408 ], [ 93.3724808, 27.4386884 ], [ 93.3725881, 27.4388598 ], [ 93.3731568, 27.4394216 ], [ 93.3735967, 27.4397263 ], [ 93.3737898, 27.4400214 ], [ 93.374058, 27.4403166 ], [ 93.3743584, 27.4403737 ], [ 93.3746481, 27.440488 ], [ 93.3749807, 27.4406499 ], [ 93.3752382, 27.440907 ], [ 93.375324, 27.441164 ], [ 93.3753991, 27.4415354 ], [ 93.3755064, 27.4417353 ], [ 93.3758712, 27.4418401 ], [ 93.3763111, 27.4417925 ], [ 93.3773732, 27.4417734 ], [ 93.3782852, 27.4419924 ], [ 93.3787358, 27.4423923 ], [ 93.3788752, 27.4427065 ], [ 93.3787572, 27.4430398 ], [ 93.3789289, 27.4436682 ], [ 93.3792293, 27.4440205 ], [ 93.3796906, 27.4443157 ], [ 93.3802056, 27.444668 ], [ 93.3806455, 27.444906 ], [ 93.3819973, 27.4453725 ], [ 93.3824479, 27.4456296 ], [ 93.3823943, 27.4458772 ], [ 93.3820081, 27.4460771 ], [ 93.3818364, 27.446258 ], [ 93.3820188, 27.446696 ], [ 93.3824265, 27.4468007 ], [ 93.3827591, 27.4468388 ], [ 93.383038, 27.4470483 ], [ 93.3832741, 27.4474291 ], [ 93.3834779, 27.4476576 ], [ 93.3837891, 27.4478195 ], [ 93.3839607, 27.4480385 ], [ 93.3837783, 27.4484479 ], [ 93.3837676, 27.4486859 ], [ 93.3840465, 27.4489049 ], [ 93.3844328, 27.4491144 ], [ 93.3848083, 27.4495714 ], [ 93.3856344, 27.4507234 ], [ 93.3863211, 27.4510852 ], [ 93.3866966, 27.4513898 ], [ 93.3866966, 27.4518278 ], [ 93.3868253, 27.4522467 ], [ 93.3874369, 27.4524562 ], [ 93.3881771, 27.4527894 ], [ 93.3886599, 27.4530084 ], [ 93.3890033, 27.4539033 ], [ 93.3887136, 27.4541984 ], [ 93.3883917, 27.4547982 ], [ 93.3874476, 27.4553028 ], [ 93.3874798, 27.4560264 ], [ 93.3875656, 27.4571498 ], [ 93.3873939, 27.4590253 ], [ 93.3872008, 27.4600534 ], [ 93.3868897, 27.4605104 ], [ 93.3862889, 27.4605675 ], [ 93.3858275, 27.4608341 ], [ 93.385731, 27.4611006 ], [ 93.3858704, 27.4615861 ], [ 93.3859134, 27.4619193 ], [ 93.3859348, 27.4623287 ], [ 93.3855808, 27.4624334 ], [ 93.3853233, 27.4623097 ], [ 93.3848941, 27.462243 ], [ 93.3844542, 27.462481 ], [ 93.3841109, 27.4633092 ], [ 93.382566, 27.464899 ], [ 93.3817935, 27.465594 ], [ 93.381418, 27.4662603 ], [ 93.3812141, 27.4671932 ], [ 93.3812034, 27.4678691 ], [ 93.3814716, 27.4698301 ], [ 93.3814609, 27.4707439 ], [ 93.3812463, 27.4715721 ], [ 93.3807957, 27.4722099 ], [ 93.3803987, 27.4727144 ], [ 93.3782959, 27.47379 ], [ 93.3778667, 27.4744944 ], [ 93.3774698, 27.4751321 ], [ 93.3768797, 27.4754748 ], [ 93.3764183, 27.4754653 ], [ 93.3760643, 27.4752844 ], [ 93.3754849, 27.4751893 ], [ 93.3748734, 27.4753035 ], [ 93.374455, 27.4757985 ], [ 93.3743477, 27.4763125 ], [ 93.3741438, 27.4768455 ], [ 93.3739614, 27.4782352 ], [ 93.37394, 27.4787302 ], [ 93.3736181, 27.4789681 ], [ 93.3734143, 27.4793394 ], [ 93.3733284, 27.4797106 ], [ 93.3734679, 27.4806148 ], [ 93.3737254, 27.4810812 ], [ 93.3735752, 27.4815571 ], [ 93.372792, 27.4825565 ], [ 93.3727384, 27.483099 ], [ 93.3727062, 27.4836225 ], [ 93.3727491, 27.4841555 ], [ 93.3727705, 27.4845363 ], [ 93.3722019, 27.48545 ], [ 93.3714831, 27.4857736 ], [ 93.3709466, 27.4857641 ], [ 93.3705068, 27.4854405 ], [ 93.3700991, 27.4849741 ], [ 93.3696592, 27.4846695 ], [ 93.3690905, 27.4845934 ], [ 93.368597, 27.484679 ], [ 93.3679533, 27.4847266 ], [ 93.3676422, 27.4845839 ], [ 93.3667517, 27.4842127 ], [ 93.3664727, 27.4846314 ], [ 93.3663547, 27.4849931 ], [ 93.3665585, 27.4856213 ], [ 93.3668482, 27.4858783 ], [ 93.3669555, 27.4861924 ], [ 93.3668697, 27.4865921 ], [ 93.3667195, 27.4871251 ], [ 93.3650994, 27.4890762 ], [ 93.3641446, 27.4890762 ], [ 93.3636403, 27.4889906 ], [ 93.3629215, 27.4890191 ], [ 93.3628142, 27.4894284 ], [ 93.3629751, 27.4900185 ], [ 93.3629644, 27.4904277 ], [ 93.3627283, 27.4917506 ], [ 93.3627713, 27.4922931 ], [ 93.3629966, 27.4926548 ], [ 93.3633506, 27.4929688 ], [ 93.3637905, 27.4934542 ], [ 93.3642733, 27.4941014 ], [ 93.3641875, 27.494444 ], [ 93.3639729, 27.4950055 ], [ 93.363812, 27.4954338 ], [ 93.3637583, 27.4958335 ], [ 93.3634257, 27.4964616 ], [ 93.3627927, 27.4967947 ], [ 93.3626211, 27.4970897 ], [ 93.3625138, 27.4975275 ], [ 93.3617413, 27.4982698 ], [ 93.3613121, 27.4988122 ], [ 93.36128, 27.4992881 ], [ 93.3621275, 27.4994879 ], [ 93.3629429, 27.4996402 ], [ 93.3637369, 27.4996687 ], [ 93.3646166, 27.4997068 ], [ 93.3648312, 27.4998781 ], [ 93.3649063, 27.5004301 ], [ 93.3643806, 27.5010677 ], [ 93.3638334, 27.5010582 ], [ 93.363136, 27.5010486 ], [ 93.3628571, 27.5013151 ], [ 93.3627283, 27.501829 ], [ 93.3628356, 27.5022858 ], [ 93.3630931, 27.5027235 ], [ 93.3634901, 27.503266 ], [ 93.3633721, 27.5037798 ], [ 93.3632326, 27.5042081 ], [ 93.3631146, 27.5046077 ], [ 93.3623314, 27.5053215 ] ] } },
{ "type": "Feature", "properties": { "osm_id": 816967311, "tags": { "waterway": "river" }, "inside_district": true }, "geometry": { "type": "LineString", "coordinates": [ [ 93.4020173, 27.0010198 ], [ 93.4024143, 27.0014213 ], [ 93.4026235, 27.002468 ], [ 93.4027684, 27.0027596 ], [ 93.4029239, 27.0029938 ], [ 93.4032994, 27.0030942 ], [ 93.4035623, 27.0031993 ], [ 93.4035891, 27.0034096 ], [ 93.4035516, 27.0036629 ], [ 93.404029, 27.0039306 ], [ 93.4044635, 27.0040788 ], [ 93.4047693, 27.0040692 ], [ 93.405236, 27.0039593 ], [ 93.4056115, 27.0039115 ], [ 93.4059495, 27.0039927 ], [ 93.4059763, 27.0041648 ], [ 93.4056008, 27.0044468 ], [ 93.4051877, 27.0045376 ], [ 93.4048551, 27.0046667 ], [ 93.4048659, 27.0049343 ], [ 93.405059, 27.005049 ], [ 93.4053487, 27.0051111 ], [ 93.4054935, 27.0052641 ], [ 93.4055042, 27.0055126 ], [ 93.405531, 27.0058137 ], [ 93.4055096, 27.0066645 ], [ 93.4058636, 27.0070851 ], [ 93.4061158, 27.0072285 ], [ 93.4062177, 27.0073766 ], [ 93.4060192, 27.0075678 ], [ 93.4056169, 27.007606 ], [ 93.4052843, 27.0075487 ], [ 93.4047908, 27.0074626 ], [ 93.4044474, 27.007391 ], [ 93.4041685, 27.0074483 ], [ 93.4039915, 27.0076347 ], [ 93.4039754, 27.0079119 ], [ 93.4040719, 27.0081939 ], [ 93.4045547, 27.0083373 ], [ 93.4050643, 27.0083468 ], [ 93.4055203, 27.0083803 ], [ 93.4059119, 27.0084424 ], [ 93.4061319, 27.0086193 ], [ 93.4060514, 27.0088821 ], [ 93.4059173, 27.0090494 ], [ 93.4054452, 27.0091641 ], [ 93.4049463, 27.0092931 ], [ 93.4046674, 27.0094174 ], [ 93.4043509, 27.0096325 ], [ 93.4043026, 27.0098475 ], [ 93.4043455, 27.0101152 ], [ 93.404839, 27.0104545 ], [ 93.4051448, 27.0104832 ], [ 93.4055364, 27.010378 ], [ 93.4058368, 27.0102012 ], [ 93.4060997, 27.0099575 ], [ 93.4062982, 27.0096994 ], [ 93.4066415, 27.0098428 ], [ 93.4068882, 27.0100483 ], [ 93.4071135, 27.0102251 ], [ 93.4075695, 27.010574 ], [ 93.4078056, 27.0107413 ], [ 93.4079504, 27.0109372 ], [ 93.4079665, 27.0111427 ], [ 93.4079182, 27.0113913 ], [ 93.4075642, 27.0114629 ], [ 93.4072852, 27.0113865 ], [ 93.4069741, 27.0113865 ], [ 93.4066415, 27.0114534 ], [ 93.4064484, 27.0115872 ], [ 93.4064054, 27.0117784 ], [ 93.4064591, 27.0121129 ], [ 93.4066951, 27.0123136 ], [ 93.4070706, 27.0124905 ], [ 93.4073335, 27.0126004 ], [ 93.4077465, 27.0127724 ], [ 93.408004, 27.0128967 ], [ 93.4080899, 27.0131165 ], [ 93.408106, 27.0133459 ], [ 93.4079611, 27.0136614 ], [ 93.4077251, 27.0138478 ], [ 93.4072798, 27.0141011 ], [ 93.4068346, 27.0142397 ], [ 93.4064323, 27.0144069 ], [ 93.4061104, 27.0145168 ], [ 93.4056115, 27.0147845 ], [ 93.4053755, 27.0150091 ], [ 93.4053272, 27.0154918 ], [ 93.4053594, 27.0158072 ], [ 93.4054935, 27.0160414 ], [ 93.4057671, 27.0162086 ], [ 93.4061533, 27.0162086 ], [ 93.4064859, 27.0160175 ], [ 93.4065932, 27.0157116 ], [ 93.4067166, 27.0153484 ], [ 93.4068561, 27.0150856 ], [ 93.407194, 27.0148657 ], [ 93.4077465, 27.0147462 ], [ 93.4080148, 27.0151381 ], [ 93.408106, 27.0155443 ], [ 93.4082723, 27.0159076 ], [ 93.4085029, 27.0161608 ], [ 93.4088141, 27.0163186 ], [ 93.408975, 27.0163759 ], [ 93.4093183, 27.0165049 ], [ 93.4096831, 27.0166292 ], [ 93.4097636, 27.016892 ], [ 93.4094578, 27.0172218 ], [ 93.4091681, 27.0174655 ], [ 93.4088677, 27.0179386 ], [ 93.4084654, 27.0187702 ], [ 93.4085512, 27.0192959 ], [ 93.4088302, 27.0195826 ], [ 93.4092754, 27.0196734 ], [ 93.409844, 27.0196304 ], [ 93.4102625, 27.0196973 ], [ 93.410638, 27.019941 ], [ 93.4109437, 27.0201226 ], [ 93.4114695, 27.0208442 ], [ 93.4116626, 27.021714 ], [ 93.4117538, 27.0221249 ], [ 93.4118879, 27.0223591 ], [ 93.412081, 27.0224164 ], [ 93.4125209, 27.0223161 ], [ 93.4127676, 27.0222731 ], [ 93.4132934, 27.0222683 ], [ 93.4134382, 27.0223495 ], [ 93.4136742, 27.0226219 ], [ 93.4143341, 27.0232575 ], [ 93.4149349, 27.0233196 ], [ 93.4151655, 27.0234009 ], [ 93.4154016, 27.0236063 ], [ 93.4154713, 27.0237784 ] ] } },
{ "type": "Feature", "properties": { "osm_id": 816967312, "tags": { "waterway": "stream" }, "inside_district": true }, "geometry": { "type": "LineString", "coordinates": [ [ 93.3464527, 27.0569092 ], [ 93.34656, 27.0563932 ], [ 93.3465922, 27.0558963 ], [ 93.3467424, 27.0556479 ], [ 93.3471501, 27.0556479 ], [ 93.3474719, 27.0553899 ], [ 93.3474827, 27.0550364 ], [ 93.347708, 27.0547307 ], [ 93.348062, 27.0547211 ], [ 93.3485234, 27.0546065 ], [ 93.3489632, 27.0542434 ], [ 93.3489632, 27.0540332 ], [ 93.3491349, 27.053565 ], [ 93.3494568, 27.0532783 ], [ 93.3498645, 27.053049 ], [ 93.3504224, 27.0529057 ], [ 93.3509266, 27.0528006 ], [ 93.3511734, 27.0524948 ], [ 93.3509588, 27.0522177 ], [ 93.3508944, 27.0516922 ], [ 93.3508944, 27.0512813 ], [ 93.3512348, 27.0505908 ], [ 93.3514206, 27.0503343 ], [ 93.3515526, 27.0501686 ], [ 93.3516613, 27.050037 ], [ 93.3517298, 27.0498685 ], [ 93.3517382, 27.0496523 ], [ 93.3516258, 27.0494274 ], [ 93.3515976, 27.0493365 ], [ 93.3515935, 27.0492513 ], [ 93.3516443, 27.048956 ], [ 93.3517849, 27.0487205 ], [ 93.3521712, 27.0485294 ], [ 93.3528578, 27.0484625 ], [ 93.3534479, 27.0484243 ], [ 93.3539307, 27.0485963 ], [ 93.3542097, 27.048711 ], [ 93.3546066, 27.0486345 ], [ 93.3550358, 27.0484052 ], [ 93.3553576, 27.0483001 ], [ 93.3556902, 27.0483192 ], [ 93.355937, 27.0484625 ], [ 93.3562052, 27.0486728 ], [ 93.356452, 27.0487301 ], [ 93.3570421, 27.0486823 ], [ 93.3572996, 27.0486441 ], [ 93.3576, 27.048453 ], [ 93.3581499, 27.0481934 ] ] } },
{ "type": "Feature", "properties": { "osm_id": 816967313, "tags": { "waterway": "stream" }, "inside_district": true }, "geometry": { "type": "LineString", "coordinates": [ [ 93.360765, 27.1341985 ], [ 93.3600998, 27.1335301 ], [ 93.3597779, 27.1329381 ], [ 93.3595419, 27.1318114 ], [ 93.3593058, 27.1308566 ], [ 93.3590698, 27.1298063 ], [ 93.3585119, 27.1290424 ], [ 93.3575463, 27.1281067 ], [ 93.3567095, 27.1261397 ], [ 93.3563876, 27.1253567 ], [ 93.3560443, 27.1243445 ], [ 93.3563232, 27.1236379 ], [ 93.3568811, 27.1226639 ], [ 93.3566236, 27.1215562 ], [ 93.3562803, 27.1210596 ], [ 93.3555507, 27.120353 ], [ 93.3544135, 27.1199901 ], [ 93.3530617, 27.1197609 ], [ 93.3519673, 27.1198182 ], [ 93.3511519, 27.1196463 ], [ 93.3490491, 27.1184049 ], [ 93.34759, 27.1166765 ], [ 93.3472574, 27.1160462 ], [ 93.3469891, 27.1154446 ], [ 93.3469891, 27.1149671 ], [ 93.3468389, 27.1144896 ], [ 93.3460128, 27.114184 ], [ 93.3451545, 27.1144801 ], [ 93.3445322, 27.1143368 ], [ 93.3440602, 27.1132672 ], [ 93.3438992, 27.1127706 ], [ 93.3433735, 27.112465 ], [ 93.3426547, 27.1121785 ], [ 93.3420432, 27.1115101 ], [ 93.341968, 27.1111472 ], [ 93.342129, 27.1108129 ], [ 93.3425474, 27.1109657 ], [ 93.3431804, 27.1109084 ], [ 93.3435452, 27.1104214 ], [ 93.343792, 27.1098197 ], [ 93.3439636, 27.1089029 ], [ 93.3437705, 27.1083681 ], [ 93.3436096, 27.1080625 ], [ 93.3433413, 27.1074512 ], [ 93.3433628, 27.1069355 ], [ 93.3432877, 27.1063243 ], [ 93.3430624, 27.1057417 ], [ 93.3432341, 27.1055507 ], [ 93.3437168, 27.1052833 ], [ 93.3436525, 27.1048249 ], [ 93.3433092, 27.1044047 ], [ 93.3430302, 27.1037839 ], [ 93.3432448, 27.1033445 ], [ 93.3434379, 27.1029625 ], [ 93.3436847, 27.1025709 ], [ 93.3439851, 27.1020361 ], [ 93.34391, 27.1016063 ], [ 93.3437598, 27.1011192 ], [ 93.3437812, 27.1005557 ], [ 93.3443713, 27.100336 ], [ 93.344779, 27.1000686 ], [ 93.3448541, 27.099677 ], [ 93.3449185, 27.0991326 ], [ 93.3446395, 27.0987792 ], [ 93.344425, 27.0984449 ], [ 93.3444571, 27.098082 ], [ 93.3447683, 27.0977955 ], [ 93.3451223, 27.0976044 ], [ 93.3454013, 27.097423 ], [ 93.3456373, 27.0971173 ] ] } },
{ "type": "Feature", "properties": { "osm_id": 816967314, "tags": { "waterway": "stream" }, "inside_district": true }, "geometry": { "type": "LineString", "coordinates": [ [ 93.2932055, 27.115922 ], [ 93.294214, 27.1159125 ], [ 93.2951474, 27.1158934 ], [ 93.296746, 27.115903 ], [ 93.2978296, 27.1159411 ], [ 93.2988381, 27.115712 ], [ 93.2995999, 27.1154637 ], [ 93.3002329, 27.1151294 ], [ 93.3004582, 27.1146997 ], [ 93.3007586, 27.1142413 ], [ 93.3012736, 27.1140503 ], [ 93.3019495, 27.1140026 ], [ 93.3034623, 27.1135155 ], [ 93.3040416, 27.1134105 ], [ 93.3049321, 27.1133341 ], [ 93.3055758, 27.1133532 ], [ 93.3061874, 27.1133627 ], [ 93.3070242, 27.1133723 ], [ 93.3076894, 27.1133723 ], [ 93.3079362, 27.1130858 ], [ 93.3082688, 27.1126178 ], [ 93.3087087, 27.112274 ], [ 93.3094275, 27.1119875 ], [ 93.3108866, 27.1113955 ], [ 93.3117878, 27.1110039 ], [ 93.3121419, 27.1106697 ], [ 93.3125174, 27.1103259 ], [ 93.3134186, 27.1099534 ], [ 93.3140623, 27.1097337 ], [ 93.3145881, 27.1098101 ], [ 93.3152532, 27.1097815 ], [ 93.3160257, 27.1095618 ], [ 93.3163047, 27.109495 ], [ 93.3166802, 27.1095045 ], [ 93.3173561, 27.1095045 ], [ 93.3177423, 27.1092944 ], [ 93.3180749, 27.1089124 ], [ 93.3182573, 27.108454 ], [ 93.3183753, 27.108072 ], [ 93.3183646, 27.1074226 ], [ 93.3184612, 27.107117 ], [ 93.3192766, 27.1066586 ], [ 93.3200705, 27.1064103 ], [ 93.3208537, 27.1064771 ], [ 93.3215511, 27.1066013 ], [ 93.3225918, 27.1062192 ], [ 93.3231175, 27.1058563 ], [ 93.3238363, 27.1054743 ], [ 93.3241367, 27.1052164 ], [ 93.3247054, 27.1045957 ], [ 93.3248556, 27.1040895 ], [ 93.3250487, 27.1036311 ], [ 93.3251345, 27.1032299 ], [ 93.325274, 27.1030676 ], [ 93.3260679, 27.1031153 ], [ 93.3266902, 27.1031535 ], [ 93.3271837, 27.102676 ], [ 93.3273768, 27.1022558 ], [ 93.3278274, 27.1015776 ], [ 93.3285463, 27.100699 ], [ 93.3288145, 27.1003551 ], [ 93.3291364, 27.1002405 ], [ 93.3295977, 27.1004602 ], [ 93.330102, 27.100699 ], [ 93.3307779, 27.100699 ], [ 93.3314967, 27.1005175 ], [ 93.3321297, 27.1002214 ], [ 93.3325159, 27.0999444 ], [ 93.3331275, 27.0995242 ], [ 93.3345866, 27.098168 ], [ 93.3350801, 27.0980629 ], [ 93.3357882, 27.098464 ], [ 93.3362067, 27.0991613 ], [ 93.3369899, 27.0994956 ], [ 93.33758, 27.0994956 ], [ 93.3382773, 27.0992186 ], [ 93.3387816, 27.0988556 ], [ 93.3395755, 27.0983303 ], [ 93.3403587, 27.0978719 ], [ 93.3407342, 27.0973848 ], [ 93.3412385, 27.0970791 ], [ 93.34185, 27.0968117 ], [ 93.3428156, 27.0969359 ], [ 93.3435023, 27.0970887 ], [ 93.3440602, 27.0970887 ], [ 93.3444893, 27.0970791 ], [ 93.3451009, 27.0970123 ], [ 93.3456373, 27.0971173 ] ] } },
{ "type": "Feature", "properties": { "osm_id": 816967315, "tags": { "waterway": "river" }, "inside_district": true }, "geometry": { "type": "LineString", "coordinates": [ [ 93.3456373, 27.0971173 ], [ 93.3457875, 27.0969072 ], [ 93.3460879, 27.0963723 ], [ 93.3462596, 27.0956942 ], [ 93.3465814, 27.095379 ], [ 93.3471393, 27.0955318 ], [ 93.3475363, 27.0957037 ], [ 93.3481157, 27.0961049 ], [ 93.3487058, 27.0965443 ], [ 93.3491135, 27.0970218 ], [ 93.3494997, 27.0976808 ], [ 93.3498752, 27.0983399 ], [ 93.3502936, 27.0987124 ], [ 93.3507657, 27.0989225 ], [ 93.3514845, 27.0990276 ], [ 93.352021, 27.0989225 ], [ 93.3529758, 27.098359 ], [ 93.3535981, 27.097996 ], [ 93.3539736, 27.0976044 ], [ 93.3542097, 27.0970027 ], [ 93.3541345, 27.096401 ], [ 93.354038, 27.0956178 ], [ 93.3542204, 27.0948155 ], [ 93.3545422, 27.0945576 ], [ 93.3549392, 27.0942137 ], [ 93.3556902, 27.0940323 ], [ 93.3568489, 27.0945862 ], [ 93.3572245, 27.0950256 ], [ 93.3577502, 27.0952453 ], [ 93.35819, 27.095102 ], [ 93.3582528, 27.0944877 ], [ 93.3582544, 27.0944716 ], [ 93.3580506, 27.0938317 ], [ 93.3579111, 27.093335 ], [ 93.3580828, 27.0928861 ], [ 93.358469, 27.0927428 ], [ 93.3593809, 27.0925518 ], [ 93.3600032, 27.0922366 ], [ 93.3602822, 27.0909184 ], [ 93.3600461, 27.0903262 ], [ 93.3597135, 27.0898868 ], [ 93.3594453, 27.0894857 ], [ 93.3594882, 27.0889508 ], [ 93.3597135, 27.0888075 ], [ 93.3600783, 27.0887502 ], [ 93.3606791, 27.0869162 ], [ 93.3606577, 27.0864481 ], [ 93.3603787, 27.0861425 ], [ 93.3599925, 27.0859514 ], [ 93.3594775, 27.0856458 ], [ 93.3592844, 27.0850153 ], [ 93.3594453, 27.0846428 ], [ 93.3602714, 27.0841174 ], [ 93.3603358, 27.0837353 ], [ 93.3604538, 27.0825508 ], [ 93.360604, 27.0819012 ], [ 93.360604, 27.0814236 ], [ 93.3605611, 27.0808409 ], [ 93.3604109, 27.0804206 ], [ 93.3603036, 27.0798188 ], [ 93.3603787, 27.0791596 ], [ 93.3603036, 27.0790164 ], [ 93.3600247, 27.0786916 ], [ 93.3596921, 27.0784432 ], [ 93.3593273, 27.0781375 ], [ 93.3592737, 27.0778891 ], [ 93.3595848, 27.0773733 ], [ 93.3598637, 27.0768765 ], [ 93.3599925, 27.075883 ], [ 93.3599174, 27.0755964 ], [ 93.3596277, 27.0753958 ], [ 93.3591664, 27.075243 ], [ 93.3590269, 27.0749564 ], [ 93.3592844, 27.0745456 ], [ 93.3595419, 27.0740584 ], [ 93.3598745, 27.0736571 ], [ 93.3599496, 27.0729024 ], [ 93.3595848, 27.0721955 ], [ 93.3591449, 27.0719758 ], [ 93.358705, 27.0717656 ], [ 93.3585012, 27.0714217 ], [ 93.3585226, 27.0710969 ], [ 93.3586514, 27.0709058 ], [ 93.3590591, 27.0707625 ], [ 93.3594453, 27.0707434 ], [ 93.3598423, 27.0705523 ], [ 93.3598852, 27.0701129 ], [ 93.359853, 27.0697976 ], [ 93.3596277, 27.0694441 ], [ 93.3595097, 27.0688996 ], [ 93.3596492, 27.0686034 ], [ 93.3602178, 27.0684123 ], [ 93.361119, 27.0683359 ], [ 93.3619988, 27.068269 ], [ 93.3626103, 27.0676098 ], [ 93.3623636, 27.0667213 ], [ 93.3615696, 27.065336 ], [ 93.3617091, 27.064543 ], [ 93.3613658, 27.0641609 ], [ 93.3609795, 27.0638838 ], [ 93.3606148, 27.0637787 ], [ 93.3599818, 27.0638647 ], [ 93.3594882, 27.0637405 ], [ 93.3595097, 27.0632341 ], [ 93.359735, 27.0628615 ], [ 93.3603144, 27.0626418 ], [ 93.3609152, 27.0623456 ], [ 93.36187, 27.0621067 ], [ 93.361752, 27.061543 ], [ 93.3614731, 27.0605494 ], [ 93.3612263, 27.059957 ], [ 93.3608401, 27.0596895 ], [ 93.3605075, 27.0597659 ], [ 93.3602607, 27.0601481 ], [ 93.3602285, 27.0606545 ], [ 93.3599818, 27.0610558 ], [ 93.3595204, 27.060922 ], [ 93.3594453, 27.0606067 ], [ 93.3592522, 27.0600144 ], [ 93.3589411, 27.0595366 ], [ 93.3584797, 27.0595271 ], [ 93.3581149, 27.0599379 ], [ 93.3580613, 27.0604252 ], [ 93.3573639, 27.0604443 ], [ 93.3568382, 27.0599952 ], [ 93.3567095, 27.0594602 ], [ 93.3568168, 27.0588965 ], [ 93.3571815, 27.0584952 ], [ 93.3576, 27.0579793 ], [ 93.3578467, 27.0572913 ], [ 93.3578145, 27.0569283 ], [ 93.3575785, 27.0563263 ], [ 93.3571923, 27.0556957 ], [ 93.3571708, 27.0550269 ], [ 93.3579004, 27.0540427 ], [ 93.3583403, 27.0538516 ], [ 93.358866, 27.0538134 ], [ 93.3595633, 27.0537752 ], [ 93.360604, 27.0536223 ], [ 93.3613658, 27.0530681 ], [ 93.3616125, 27.0522082 ], [ 93.3612156, 27.0513482 ], [ 93.3604967, 27.050278 ], [ 93.359971, 27.0498098 ], [ 93.3593595, 27.0493416 ], [ 93.3588445, 27.0490263 ], [ 93.3584583, 27.0486536 ], [ 93.3581499, 27.0481934 ], [ 93.3580613, 27.0480612 ], [ 93.3580184, 27.0474497 ], [ 93.3584046, 27.0468381 ], [ 93.3602393, 27.0462361 ], [ 93.3609366, 27.045959 ], [ 93.3617842, 27.0458635 ], [ 93.3628464, 27.0458921 ], [ 93.3638871, 27.0458252 ], [ 93.3652604, 27.0456437 ], [ 93.3660114, 27.045443 ], [ 93.3673417, 27.0439428 ], [ 93.3676422, 27.0433121 ], [ 93.3682215, 27.0427196 ], [ 93.3687472, 27.0428152 ], [ 93.369348, 27.0431783 ], [ 93.3695733, 27.0438186 ], [ 93.3698952, 27.0444301 ], [ 93.3705497, 27.0447837 ], [ 93.3712578, 27.0448315 ], [ 93.3715582, 27.0447168 ], [ 93.3724379, 27.0435414 ], [ 93.3726847, 27.0427005 ], [ 93.3727598, 27.0419265 ], [ 93.3733177, 27.0411429 ], [ 93.374455, 27.0407607 ], [ 93.3750236, 27.0408658 ], [ 93.3759999, 27.0409518 ], [ 93.3767402, 27.041162 ], [ 93.3776414, 27.0413723 ], [ 93.3788431, 27.0414391 ], [ 93.3806884, 27.0414296 ], [ 93.3831882, 27.0414774 ], [ 93.3841538, 27.041592 ], [ 93.3854413, 27.0416207 ], [ 93.3867073, 27.0415634 ], [ 93.3875549, 27.0412002 ], [ 93.3875441, 27.0395948 ], [ 93.3876192, 27.0386106 ], [ 93.3877158, 27.0379321 ], [ 93.3880806, 27.0373396 ], [ 93.3886063, 27.0368426 ], [ 93.3896363, 27.0364413 ], [ 93.3905589, 27.0360686 ], [ 93.3926511, 27.0366133 ], [ 93.3934235, 27.0368426 ], [ 93.3942497, 27.037072 ], [ 93.3951938, 27.0373682 ], [ 93.3962881, 27.0373013 ], [ 93.396728, 27.0361737 ], [ 93.3968568, 27.0354856 ], [ 93.3968675, 27.0347593 ], [ 93.3969104, 27.0341191 ], [ 93.3971357, 27.0333545 ], [ 93.3974898, 27.0331634 ], [ 93.3981442, 27.0330105 ], [ 93.3986699, 27.033173 ], [ 93.3992278, 27.0334883 ], [ 93.3998179, 27.0337081 ], [ 93.4006762, 27.0337177 ], [ 93.401202, 27.0335361 ], [ 93.4015453, 27.032762 ], [ 93.4019959, 27.0323893 ], [ 93.4023821, 27.0321504 ], [ 93.40294, 27.0320644 ], [ 93.4034872, 27.0321408 ], [ 93.4043026, 27.0321217 ], [ 93.4052896, 27.0318159 ], [ 93.4058583, 27.0314527 ], [ 93.4063947, 27.0308124 ], [ 93.4072316, 27.029981 ], [ 93.4089589, 27.0287673 ], [ 93.4097206, 27.0285952 ], [ 93.4108686, 27.0286048 ], [ 93.4118879, 27.0285952 ], [ 93.4126925, 27.0282416 ], [ 93.4127462, 27.0278211 ], [ 93.4122956, 27.0273146 ], [ 93.4118342, 27.0267698 ], [ 93.4113407, 27.0263111 ], [ 93.4108257, 27.0258045 ], [ 93.4105575, 27.025298 ], [ 93.4106004, 27.0248297 ], [ 93.4109115, 27.0247437 ], [ 93.4112656, 27.024629 ], [ 93.4117055, 27.0246577 ], [ 93.4122097, 27.024715 ], [ 93.4130788, 27.0248201 ], [ 93.4138298, 27.0248966 ], [ 93.4144199, 27.0247915 ], [ 93.4147096, 27.0241225 ], [ 93.4150529, 27.0238835 ], [ 93.4154713, 27.0237784 ], [ 93.4160936, 27.0238931 ], [ 93.4164476, 27.0242658 ], [ 93.4167373, 27.0248106 ], [ 93.4172845, 27.0253458 ], [ 93.4181213, 27.0253458 ], [ 93.4184217, 27.0247532 ], [ 93.4185076, 27.0241416 ], [ 93.4200418, 27.0237019 ], [ 93.4207284, 27.0235872 ], [ 93.4215546, 27.0234439 ], [ 93.4222519, 27.0234439 ], [ 93.4228313, 27.0235108 ], [ 93.4236252, 27.0236541 ], [ 93.4243977, 27.023635 ], [ 93.4246123, 27.0229756 ], [ 93.4249449, 27.0223448 ], [ 93.4255457, 27.0220771 ], [ 93.4262752, 27.022211 ], [ 93.4270799, 27.0224595 ], [ 93.4278202, 27.0228609 ], [ 93.4283137, 27.0235203 ], [ 93.4287536, 27.0241894 ], [ 93.4292471, 27.0244283 ], [ 93.4297728, 27.0239217 ], [ 93.4300318, 27.0236426 ], [ 93.4304096, 27.0230774 ], [ 93.4307521, 27.0227439 ], [ 93.4312177, 27.0224357 ], [ 93.431902, 27.0218835 ], [ 93.4321108, 27.0216882 ], [ 93.4323022, 27.0216175 ], [ 93.4326704, 27.0216279 ], [ 93.4332414, 27.0217069 ] ] } },
{ "type": "Feature", "properties": { "osm_id": 816967316, "tags": { "waterway": "stream" }, "inside_district": true }, "geometry": { "type": "LineString", "coordinates": [ [ 93.467077, 27.0286143 ], [ 93.46668, 27.0289297 ], [ 93.4663796, 27.0293693 ], [ 93.4663045, 27.0296178 ], [ 93.4667444, 27.0297134 ], [ 93.4671307, 27.0297899 ], [ 93.4673774, 27.0298663 ], [ 93.4676671, 27.0300957 ], [ 93.4675491, 27.030239 ], [ 93.4672809, 27.0303824 ], [ 93.4671843, 27.030478 ], [ 93.467356, 27.030908 ], [ 93.4678066, 27.0310036 ], [ 93.4683323, 27.0306978 ], [ 93.4685469, 27.0303537 ], [ 93.4691369, 27.0301912 ], [ 93.4695446, 27.0304397 ], [ 93.4691799, 27.0308793 ], [ 93.4689009, 27.0310418 ], [ 93.4686005, 27.0312807 ], [ 93.468622, 27.0316917 ], [ 93.4690511, 27.0319306 ], [ 93.4692335, 27.0319975 ], [ 93.4694481, 27.0325422 ], [ 93.4692228, 27.0329436 ], [ 93.4690726, 27.0333354 ], [ 93.4691799, 27.0337272 ], [ 93.4692335, 27.0340139 ], [ 93.4692013, 27.0343102 ], [ 93.4689224, 27.0345873 ], [ 93.4686971, 27.0343006 ], [ 93.4685898, 27.0337655 ], [ 93.4681713, 27.0335552 ], [ 93.4676885, 27.0341191 ], [ 93.4673774, 27.0344249 ], [ 93.4661436, 27.0351034 ], [ 93.4664118, 27.0358679 ], [ 93.4661007, 27.0364317 ], [ 93.4655106, 27.0366611 ], [ 93.4649956, 27.0368713 ], [ 93.4648132, 27.0370242 ], [ 93.4647703, 27.0375211 ], [ 93.4643948, 27.037999 ], [ 93.46403, 27.0381423 ], [ 93.4637773, 27.0381268 ], [ 93.4635658, 27.0380479 ], [ 93.4633871, 27.0379119 ], [ 93.4633301, 27.0378033 ], [ 93.4633321, 27.0376753 ], [ 93.4634066, 27.0375965 ], [ 93.4635792, 27.0375063 ], [ 93.4639378, 27.0373381 ], [ 93.4640313, 27.0372654 ], [ 93.4640727, 27.0371649 ], [ 93.4640671, 27.0370758 ], [ 93.464012, 27.0369953 ], [ 93.4638913, 27.0369436 ], [ 93.4636805, 27.0368552 ], [ 93.463443, 27.0368102 ], [ 93.4630697, 27.0366423 ], [ 93.4627488, 27.0364435 ], [ 93.4624624, 27.0362241 ], [ 93.4622631, 27.0360549 ], [ 93.4620791, 27.0359575 ], [ 93.4619199, 27.0359535 ], [ 93.4617706, 27.0360367 ], [ 93.4616281, 27.0361964 ], [ 93.4611822, 27.0371125 ], [ 93.4611054, 27.0372267 ], [ 93.4609945, 27.037363 ], [ 93.4608847, 27.0375107 ], [ 93.4608155, 27.0376209 ], [ 93.4607602, 27.037664 ], [ 93.4606559, 27.0376895 ], [ 93.4605234, 27.0376799 ], [ 93.4604433, 27.0376492 ], [ 93.4603747, 27.03756 ], [ 93.4603103, 27.0374224 ], [ 93.460159, 27.0372018 ], [ 93.4599888, 27.0370165 ], [ 93.4597705, 27.0367575 ], [ 93.4595967, 27.0365856 ], [ 93.4594276, 27.0364898 ], [ 93.459234, 27.0364413 ], [ 93.4590244, 27.0364393 ], [ 93.4587742, 27.0364933 ], [ 93.4585131, 27.0364846 ], [ 93.4583002, 27.036474 ], [ 93.4581196, 27.0363952 ] ] } },
{ "type": "Feature", "properties": { "osm_id": 816967317, "tags": { "waterway": "stream" }, "inside_district": true }, "geometry": { "type": "LineString", "coordinates": [ [ 93.521322, 27.0250686 ], [ 93.5209679, 27.025709 ], [ 93.5208499, 27.026139 ], [ 93.5209143, 27.0267029 ], [ 93.5207534, 27.0270088 ], [ 93.519938, 27.0268654 ], [ 93.5196268, 27.0268654 ], [ 93.5197985, 27.0274388 ], [ 93.5199702, 27.0279262 ], [ 93.5198414, 27.0286335 ], [ 93.519541, 27.0289202 ], [ 93.5189831, 27.028815 ], [ 93.5183823, 27.028643 ], [ 93.5185003, 27.0291591 ], [ 93.5189187, 27.0294649 ], [ 93.5192943, 27.0297899 ], [ 93.5191548, 27.0302008 ], [ 93.518908, 27.0304588 ], [ 93.51879, 27.0309749 ], [ 93.5190046, 27.0317108 ], [ 93.5191011, 27.0321695 ], [ 93.5190797, 27.0324658 ], [ 93.5186934, 27.0325518 ], [ 93.5186505, 27.0328576 ], [ 93.51879, 27.0332207 ], [ 93.5190582, 27.0336317 ], [ 93.5191977, 27.0339279 ], [ 93.5193908, 27.0341573 ], [ 93.5200667, 27.0351703 ], [ 93.5201955, 27.0364986 ], [ 93.5200238, 27.0369191 ], [ 93.5194445, 27.0372536 ] ] } },
{ "type": "Feature", "properties": { "osm_id": 816967318, "tags": { "waterway": "stream" }, "inside_district": true }, "geometry": { "type": "LineString", "coordinates": [ [ 93.5351837, 27.0422227 ], [ 93.5345936, 27.0421845 ], [ 93.5342932, 27.0420794 ], [ 93.5338962, 27.0418214 ], [ 93.5337031, 27.0419361 ], [ 93.5339284, 27.042261 ], [ 93.5339928, 27.0426241 ], [ 93.5336923, 27.0426719 ], [ 93.5334885, 27.0425094 ], [ 93.5332847, 27.0422323 ], [ 93.5330379, 27.0419838 ], [ 93.5326409, 27.0418501 ], [ 93.5321796, 27.0418978 ], [ 93.5318899, 27.0417832 ], [ 93.5317719, 27.0416016 ], [ 93.5313749, 27.0413627 ], [ 93.5310638, 27.0412002 ], [ 93.530817, 27.0409613 ], [ 93.5305595, 27.0408945 ], [ 93.5302591, 27.0410665 ], [ 93.5301626, 27.0407416 ], [ 93.5301733, 27.0403593 ], [ 93.5299373, 27.0401395 ], [ 93.5293579, 27.0402924 ], [ 93.5289824, 27.0402542 ], [ 93.5288858, 27.039872 ], [ 93.5290038, 27.0397382 ], [ 93.5293579, 27.0394706 ], [ 93.5295832, 27.0390884 ], [ 93.5299158, 27.0387348 ], [ 93.5300445, 27.038257 ], [ 93.5299265, 27.0377887 ], [ 93.5295725, 27.0373013 ] ] } },
{ "type": "Feature", "properties": { "osm_id": 816967319, "tags": { "waterway": "river" }, "inside_district": true }, "geometry": { "type": "LineString", "coordinates": [ [ 93.5295725, 27.0373013 ], [ 93.5289287, 27.0371484 ], [ 93.5284352, 27.0373396 ], [ 93.5280919, 27.0374256 ], [ 93.5276198, 27.0373013 ], [ 93.5273623, 27.0373778 ], [ 93.5270834, 27.0377123 ], [ 93.5269654, 27.0378269 ], [ 93.5267615, 27.0375498 ], [ 93.526783, 27.0372153 ], [ 93.5269439, 27.0367566 ], [ 93.5267937, 27.0363553 ], [ 93.5264611, 27.0359921 ], [ 93.5259676, 27.0358392 ], [ 93.5256672, 27.0358679 ], [ 93.5254526, 27.036059 ], [ 93.5250986, 27.0363744 ], [ 93.5250449, 27.0362502 ], [ 93.5251415, 27.0359539 ], [ 93.5253882, 27.0356003 ], [ 93.5254955, 27.0353327 ], [ 93.5256457, 27.0350174 ], [ 93.5256779, 27.0345873 ], [ 93.5255813, 27.0341764 ], [ 93.525356, 27.0339375 ], [ 93.5250664, 27.0336126 ], [ 93.5245728, 27.0334692 ], [ 93.5244226, 27.0335839 ], [ 93.5244334, 27.0337846 ], [ 93.5245085, 27.0340904 ], [ 93.5244012, 27.0344058 ], [ 93.5242832, 27.0348358 ], [ 93.5242295, 27.0353327 ], [ 93.5236716, 27.035973 ], [ 93.5235751, 27.0361641 ], [ 93.5235751, 27.0365368 ], [ 93.5235751, 27.0369 ], [ 93.523339, 27.0372631 ], [ 93.522824, 27.0373969 ], [ 93.5226846, 27.0373778 ], [ 93.5223949, 27.0370147 ], [ 93.5225558, 27.0366897 ], [ 93.5227275, 27.0362884 ], [ 93.5227919, 27.0359443 ], [ 93.52247, 27.0356959 ], [ 93.5220837, 27.0356863 ], [ 93.5213542, 27.0358488 ], [ 93.5211074, 27.0360973 ], [ 93.5210752, 27.0364699 ], [ 93.5211825, 27.0369191 ], [ 93.5208607, 27.0372822 ], [ 93.5203457, 27.0374829 ], [ 93.5195625, 27.0374829 ], [ 93.5194445, 27.0372536 ], [ 93.5194123, 27.0368809 ], [ 93.5191762, 27.0365751 ], [ 93.5187578, 27.0364031 ], [ 93.5184789, 27.0364031 ], [ 93.5184038, 27.0366133 ], [ 93.5181463, 27.037072 ], [ 93.5180712, 27.037502 ], [ 93.5178029, 27.0380467 ], [ 93.5173845, 27.0383143 ], [ 93.5167622, 27.0384099 ], [ 93.5163331, 27.0383908 ], [ 93.5156679, 27.0382952 ], [ 93.5154319, 27.0384672 ], [ 93.51511, 27.0387921 ], [ 93.5146916, 27.0393082 ], [ 93.5144663, 27.0398911 ], [ 93.5142088, 27.0403784 ], [ 93.5139835, 27.0402064 ], [ 93.5138225, 27.0398624 ], [ 93.513844, 27.0393942 ], [ 93.5137689, 27.0390119 ], [ 93.5133827, 27.0387252 ], [ 93.5129106, 27.038601 ], [ 93.5124171, 27.038687 ], [ 93.5121703, 27.0389164 ], [ 93.5120308, 27.0392986 ], [ 93.5118699, 27.0397955 ], [ 93.5116768, 27.0403689 ], [ 93.5112262, 27.0408562 ], [ 93.5105717, 27.0408849 ], [ 93.510282, 27.0407416 ], [ 93.5101426, 27.0402733 ], [ 93.5100889, 27.0399484 ], [ 93.5099172, 27.0394324 ], [ 93.5095632, 27.0390884 ], [ 93.5090911, 27.0388399 ], [ 93.5085332, 27.0388877 ], [ 93.5084903, 27.0392317 ], [ 93.5085547, 27.0396904 ], [ 93.5085654, 27.0401586 ], [ 93.5082543, 27.0405696 ], [ 93.5077822, 27.0406747 ], [ 93.5074818, 27.0405887 ], [ 93.5072136, 27.0401395 ], [ 93.5069346, 27.0397382 ], [ 93.5067201, 27.0392699 ], [ 93.5065055, 27.0390024 ], [ 93.5062265, 27.0389355 ], [ 93.5058081, 27.0390501 ], [ 93.5054862, 27.0392986 ], [ 93.5046601, 27.0393464 ], [ 93.5042846, 27.0389355 ], [ 93.5039198, 27.0385341 ], [ 93.5034692, 27.0384959 ], [ 93.5027397, 27.0385532 ], [ 93.501817, 27.0385532 ], [ 93.5005832, 27.0387252 ], [ 93.4999716, 27.0389355 ], [ 93.4997141, 27.0393177 ], [ 93.4994781, 27.0397955 ], [ 93.4979975, 27.0404071 ], [ 93.497622, 27.0404262 ], [ 93.4967101, 27.0405027 ], [ 93.4959483, 27.0406173 ], [ 93.4953797, 27.0405409 ], [ 93.4948647, 27.0403307 ], [ 93.4941137, 27.0401778 ], [ 93.4933519, 27.0399962 ], [ 93.4926975, 27.0398337 ], [ 93.4923649, 27.0403307 ], [ 93.492161, 27.0415156 ], [ 93.4922898, 27.0421176 ], [ 93.4927618, 27.0437325 ], [ 93.4928906, 27.044067 ], [ 93.4929871, 27.0445161 ], [ 93.4928048, 27.0451468 ], [ 93.4923327, 27.0453188 ], [ 93.4915924, 27.0453188 ], [ 93.4907877, 27.0452423 ], [ 93.4900474, 27.0453379 ], [ 93.489511, 27.0455481 ], [ 93.4885347, 27.0458157 ], [ 93.4879446, 27.0459972 ], [ 93.4869683, 27.0462552 ], [ 93.4861207, 27.0462839 ], [ 93.4852946, 27.0461119 ], [ 93.4846723, 27.0461501 ], [ 93.4843612, 27.0462935 ], [ 93.4838676, 27.0470197 ], [ 93.4835243, 27.0475643 ], [ 93.483181, 27.0479274 ], [ 93.4827124, 27.0485832 ] ] } },
{ "type": "Feature", "properties": { "osm_id": 816967320, "tags": { "name": "布拉河", "name:en": "Burai River", "waterway": "stream" }, "inside_district": true }, "geometry": { "type": "LineString", "coordinates": [ [ 93.447175, 27.1401945 ], [ 93.4475827, 27.1399844 ], [ 93.4484839, 27.139488 ], [ 93.449192, 27.1392397 ], [ 93.4500503, 27.1386478 ], [ 93.4500289, 27.1381322 ], [ 93.4495783, 27.1373493 ], [ 93.4490204, 27.1370438 ], [ 93.4484195, 27.1362799 ], [ 93.4485698, 27.1356689 ], [ 93.4499001, 27.1348477 ], [ 93.4504366, 27.1344658 ], [ 93.4506941, 27.1338929 ], [ 93.4502649, 27.1334537 ], [ 93.4495568, 27.1331482 ], [ 93.4492564, 27.1321743 ], [ 93.4495568, 27.1312958 ], [ 93.4498787, 27.1307611 ], [ 93.4503293, 27.1301309 ], [ 93.4504151, 27.1294053 ], [ 93.4500932, 27.1289469 ], [ 93.4494495, 27.1286414 ], [ 93.4493208, 27.128164 ], [ 93.4497714, 27.1280303 ], [ 93.4507799, 27.1276483 ], [ 93.4507799, 27.1272282 ], [ 93.4502005, 27.1265216 ], [ 93.4496856, 27.1257195 ], [ 93.4499645, 27.1251084 ], [ 93.4505009, 27.1250511 ], [ 93.4509516, 27.1257004 ], [ 93.4511876, 27.1264834 ], [ 93.452003, 27.1272855 ], [ 93.4529257, 27.1274383 ], [ 93.4535694, 27.1269799 ], [ 93.4537625, 27.1259678 ], [ 93.4533334, 27.1248219 ], [ 93.4536123, 27.1244018 ], [ 93.4542775, 27.1244591 ], [ 93.4548783, 27.1252421 ], [ 93.4547496, 27.1261206 ], [ 93.4550285, 27.1268463 ], [ 93.4557152, 27.1267508 ], [ 93.4563803, 27.1264261 ], [ 93.4573459, 27.1257195 ], [ 93.4581613, 27.1246309 ], [ 93.4585476, 27.1235042 ], [ 93.4585047, 27.1223965 ], [ 93.4585047, 27.1214416 ], [ 93.458848, 27.1210214 ], [ 93.4593415, 27.1209832 ], [ 93.4602213, 27.1210978 ], [ 93.4610796, 27.1210978 ], [ 93.4620452, 27.1210214 ], [ 93.4629893, 27.1207731 ], [ 93.4643626, 27.1202957 ], [ 93.4652853, 27.1202193 ], [ 93.4653282, 27.1209068 ], [ 93.4662938, 27.1218235 ], [ 93.4670448, 27.1224729 ], [ 93.4678173, 27.1232368 ], [ 93.4686112, 27.1236761 ], [ 93.469727, 27.1233896 ], [ 93.470242, 27.1225684 ], [ 93.4698343, 27.1214416 ], [ 93.4697914, 27.1194744 ], [ 93.4700274, 27.1188633 ], [ 93.4702635, 27.1181184 ], [ 93.4706068, 27.1177556 ], [ 93.4712934, 27.1177365 ], [ 93.4721303, 27.1180802 ], [ 93.4732675, 27.118233 ], [ 93.4733963, 27.1174691 ], [ 93.4733963, 27.116686 ], [ 93.4732246, 27.1156547 ], [ 93.473289, 27.1149671 ], [ 93.4737611, 27.1151008 ], [ 93.474319, 27.1157884 ], [ 93.4744906, 27.116877 ], [ 93.4747052, 27.1178129 ], [ 93.4753275, 27.1184622 ], [ 93.4763574, 27.1183667 ], [ 93.4764433, 27.1176601 ], [ 93.4761429, 27.1167242 ], [ 93.4760141, 27.1158648 ], [ 93.4758854, 27.1146997 ], [ 93.4767651, 27.1129043 ], [ 93.4770226, 27.1121786 ], [ 93.4766149, 27.1118348 ], [ 93.4765506, 27.1112236 ], [ 93.4770655, 27.1111854 ], [ 93.4776234, 27.1113 ], [ 93.4782457, 27.1116629 ], [ 93.4787178, 27.1114337 ], [ 93.4788036, 27.110727 ], [ 93.4783315, 27.1102304 ], [ 93.4771514, 27.1096383 ], [ 93.476057, 27.1094282 ], [ 93.4749412, 27.1094855 ], [ 93.4744692, 27.1089315 ], [ 93.4747052, 27.1078619 ], [ 93.4754133, 27.1072507 ], [ 93.4764862, 27.1071934 ], [ 93.4771943, 27.1074417 ], [ 93.4779238, 27.1074799 ], [ 93.4780741, 27.1070215 ], [ 93.4786534, 27.1064485 ], [ 93.4791469, 27.1066204 ], [ 93.4798765, 27.1070215 ], [ 93.4811425, 27.1075181 ], [ 93.4825802, 27.1065631 ], [ 93.4834385, 27.1062384 ], [ 93.4841466, 27.1060473 ], [ 93.4845757, 27.1054552 ], [ 93.4843826, 27.1048822 ], [ 93.4838891, 27.1041754 ], [ 93.4839535, 27.1034878 ], [ 93.4840178, 27.1026664 ], [ 93.4838033, 27.1021507 ], [ 93.4832239, 27.1012338 ], [ 93.483417, 27.1006417 ], [ 93.4842324, 27.1005844 ], [ 93.4848547, 27.1008709 ], [ 93.4853482, 27.1014057 ], [ 93.4856272, 27.1023035 ], [ 93.4860348, 27.1028193 ], [ 93.4867644, 27.1026473 ], [ 93.4870219, 27.1021316 ], [ 93.4868717, 27.1013675 ], [ 93.4870648, 27.1009091 ], [ 93.4878588, 27.101081 ], [ 93.488481, 27.1015968 ], [ 93.4898972, 27.1021698 ], [ 93.4910559, 27.1024563 ] ] } },
{ "type": "Feature", "properties": { "osm_id": 833618364, "tags": { "waterway": "stream" }, "inside_district": true }, "geometry": { "type": "LineString", "coordinates": [ [ 93.7545559, 27.0759546 ], [ 93.7499047, 27.0689012 ], [ 93.7492132, 27.0686416 ], [ 93.7482369, 27.0686321 ], [ 93.7477541, 27.0683359 ], [ 93.747561, 27.067562 ], [ 93.7479472, 27.0661099 ], [ 93.7464645, 27.0651396 ], [ 93.746649, 27.0642469 ], [ 93.7451899, 27.062852 ], [ 93.7446642, 27.06118 ], [ 93.7454259, 27.0607691 ], [ 93.7461877, 27.0609029 ], [ 93.7473357, 27.0614475 ], [ 93.7479866, 27.0610973 ], [ 93.7484837, 27.059785 ], [ 93.7490737, 27.0588057 ], [ 93.7496477, 27.0585573 ], [ 93.7499052, 27.0586576 ], [ 93.7500554, 27.0591545 ], [ 93.750447, 27.059207 ], [ 93.7507045, 27.0590923 ], [ 93.7514046, 27.0579673 ], [ 93.7518042, 27.0574848 ], [ 93.7522012, 27.0574394 ], [ 93.7527162, 27.0575971 ], [ 93.7535074, 27.0580091 ], [ 93.7558517, 27.0586791 ], [ 93.7576214, 27.0575286 ], [ 93.7697385, 27.0480434 ], [ 93.7706514, 27.0460526 ], [ 93.7723338, 27.0444206 ], [ 93.7747049, 27.0431688 ], [ 93.7764108, 27.0415825 ], [ 93.7772798, 27.0405982 ], [ 93.7801407, 27.0368089 ], [ 93.7900008, 27.0174247 ], [ 93.7900257, 27.0130258 ], [ 93.7936735, 27.0037729 ], [ 93.7986946, 26.9953223 ], [ 93.8011837, 26.9921484 ], [ 93.8043594, 26.9854561 ], [ 93.8038444, 26.9811728 ], [ 93.8009262, 26.9781132 ], [ 93.8012695, 26.9758568 ], [ 93.8036728, 26.9736767 ], [ 93.8037586, 26.9702535 ], [ 93.8043702, 26.9697754 ], [ 93.8050353, 26.9697372 ], [ 93.806076, 26.9680734 ], [ 93.806752, 26.9664287 ], [ 93.8081789, 26.9660079 ], [ 93.8083935, 26.9623742 ], [ 93.8090801, 26.9613127 ], [ 93.8083935, 26.9600696 ], [ 93.8073528, 26.9598305 ], [ 93.8068914, 26.9588168 ], [ 93.8072777, 26.9571911 ], [ 93.8067198, 26.95612 ], [ 93.80422, 26.9556323 ], [ 93.8033938, 26.9550298 ], [ 93.8033616, 26.9516157 ], [ 93.8031685, 26.9498655 ], [ 93.8034153, 26.9497029 ], [ 93.8046169, 26.9498368 ], [ 93.8072455, 26.9491004 ], [ 93.8074493, 26.9485457 ], [ 93.8071382, 26.9480867 ], [ 93.8073099, 26.9477519 ], [ 93.8081467, 26.9475798 ], [ 93.8082218, 26.947245 ], [ 93.8073957, 26.9468529 ], [ 93.8073957, 26.9465469 ], [ 93.8077283, 26.9458391 ], [ 93.8074922, 26.9453131 ], [ 93.8061404, 26.9456957 ], [ 93.8059795, 26.9455044 ], [ 93.8064086, 26.9449018 ], [ 93.8064194, 26.9443471 ], [ 93.8061941, 26.9437255 ], [ 93.8067198, 26.9429603 ], [ 93.8065696, 26.9422908 ], [ 93.8055718, 26.9416404 ], [ 93.8050139, 26.9401484 ], [ 93.8023102, 26.9397084 ], [ 93.8013875, 26.9386754 ], [ 93.8005507, 26.9380059 ], [ 93.8012266, 26.9363894 ], [ 93.8003254, 26.936246 ], [ 93.7999284, 26.9354329 ], [ 93.7989735, 26.9351173 ], [ 93.798244, 26.9346869 ], [ 93.7976539, 26.9335869 ], [ 93.7973857, 26.9335965 ], [ 93.796742, 26.9342278 ], [ 93.7955511, 26.9344095 ], [ 93.7944567, 26.9337495 ], [ 93.7937271, 26.9317313 ] ] } },
{ "type": "Feature", "properties": { "osm_id": 958144429, "tags": { "waterway": "stream" }, "inside_district": true }, "geometry": { "type": "LineString", "coordinates": [ [ 93.8218199, 27.2644119 ], [ 93.8215668, 27.2625183 ], [ 93.8205627, 27.2629358 ], [ 93.8202677, 27.2628052 ], [ 93.8207131, 27.2621396 ], [ 93.819703, 27.2614886 ], [ 93.8196846, 27.2609315 ], [ 93.8184788, 27.2589187 ], [ 93.8173963, 27.2581587 ], [ 93.8175726, 27.2575654 ], [ 93.8163606, 27.2567255 ], [ 93.8144394, 27.2562594 ], [ 93.8146837, 27.2557607 ], [ 93.8144497, 27.2553498 ], [ 93.8132706, 27.2547038 ], [ 93.8128909, 27.2537262 ], [ 93.812536, 27.2530454 ], [ 93.8115646, 27.2526717 ], [ 93.811608, 27.2519231 ] ] } },
{ "type": "Feature", "properties": { "osm_id": 1022168529, "tags": { "waterway": "river" }, "inside_district": true }, "geometry": { "type": "LineString", "coordinates": [ [ 93.6186755, 27.048238 ], [ 93.6188793, 27.0482762 ], [ 93.6196464, 27.0485485 ], [ 93.6197644, 27.0486106 ], [ 93.6198449, 27.0487253 ], [ 93.6198127, 27.0488543 ], [ 93.6195874, 27.0489976 ], [ 93.6195016, 27.0490932 ], [ 93.6197162, 27.0494228 ], [ 93.6196947, 27.0495518 ], [ 93.6196089, 27.0496522 ], [ 93.6195552, 27.0500248 ], [ 93.6193246, 27.0503306 ], [ 93.6192709, 27.0504596 ], [ 93.6193085, 27.050579 ], [ 93.6193353, 27.0508179 ], [ 93.6192548, 27.0509087 ], [ 93.6190885, 27.0509995 ], [ 93.6180532, 27.0513387 ], [ 93.6178493, 27.0516826 ], [ 93.6177528, 27.0517782 ], [ 93.6174363, 27.0518021 ], [ 93.6172914, 27.0518403 ], [ 93.6171949, 27.0519406 ], [ 93.617211, 27.0520744 ], [ 93.6172807, 27.0521843 ], [ 93.6173022, 27.0523228 ], [ 93.6172968, 27.0524757 ], [ 93.6172485, 27.0525856 ], [ 93.6172432, 27.0529535 ], [ 93.6171627, 27.0531111 ], [ 93.6169213, 27.0532162 ], [ 93.6157572, 27.0532783 ], [ 93.6149847, 27.0534073 ], [ 93.6148453, 27.0536319 ], [ 93.6147541, 27.053866 ], [ 93.614738, 27.0539997 ], [ 93.6149472, 27.0543437 ], [ 93.6151135, 27.0545635 ], [ 93.6151135, 27.054702 ], [ 93.6148721, 27.0550651 ], [ 93.6148721, 27.0552992 ], [ 93.6148131, 27.0555428 ], [ 93.6147487, 27.0556814 ], [ 93.6146522, 27.0557674 ], [ 93.6139548, 27.0558104 ], [ 93.6138207, 27.0558772 ], [ 93.6137509, 27.0559919 ], [ 93.6137456, 27.0562642 ], [ 93.6138421, 27.0564935 ], [ 93.6141264, 27.0569904 ], [ 93.6141425, 27.0571098 ], [ 93.6140943, 27.0572292 ], [ 93.6137456, 27.0575302 ], [ 93.6136061, 27.0577452 ], [ 93.6137992, 27.0579458 ], [ 93.613826, 27.05807 ], [ 93.6136705, 27.0583853 ], [ 93.6134237, 27.0586528 ], [ 93.6130589, 27.0594554 ], [ 93.6127531, 27.0597707 ], [ 93.6126137, 27.0599952 ], [ 93.6126083, 27.0602293 ], [ 93.6127263, 27.0604538 ], [ 93.6126941, 27.0605781 ], [ 93.6125708, 27.0606593 ], [ 93.6124474, 27.0607118 ], [ 93.6123186, 27.060707 ], [ 93.6116749, 27.0609984 ], [ 93.6115944, 27.0611179 ], [ 93.6115354, 27.0615096 ], [ 93.6112136, 27.0620064 ], [ 93.6112243, 27.0629523 ], [ 93.6108059, 27.064094 ], [ 93.6108595, 27.0644332 ], [ 93.6110848, 27.0650064 ], [ 93.611632, 27.0654124 ], [ 93.6128604, 27.0656226 ], [ 93.6134612, 27.0656513 ], [ 93.6139226, 27.0658806 ], [ 93.6141264, 27.0660525 ], [ 93.6142766, 27.0663009 ], [ 93.6144805, 27.0664825 ], [ 93.6147272, 27.0666067 ], [ 93.6150169, 27.0666831 ], [ 93.6163044, 27.0666449 ], [ 93.6165619, 27.0667118 ], [ 93.6167657, 27.0669219 ], [ 93.6169374, 27.0671799 ], [ 93.6171412, 27.0673805 ], [ 93.6174309, 27.0675047 ], [ 93.6183429, 27.0676576 ], [ 93.6194265, 27.0676576 ], [ 93.6197591, 27.067734 ], [ 93.6200273, 27.0680493 ], [ 93.6200809, 27.0685461 ], [ 93.6200702, 27.0692912 ], [ 93.6201668, 27.0695492 ], [ 93.6203277, 27.0697498 ], [ 93.620553, 27.0698358 ], [ 93.620832, 27.0698167 ], [ 93.6210358, 27.0696638 ], [ 93.6212075, 27.0694632 ], [ 93.6213577, 27.0692435 ], [ 93.6220765, 27.0683168 ], [ 93.6222374, 27.0681353 ], [ 93.6224735, 27.0680111 ], [ 93.6234927, 27.0676385 ], [ 93.6240399, 27.0676385 ], [ 93.6243188, 27.0677436 ], [ 93.6249089, 27.0677722 ], [ 93.6255719, 27.0676605 ] ] } },
{ "type": "Feature", "properties": { "osm_id": 1126613473, "tags": { "waterway": "stream" }, "inside_district": true }, "geometry": { "type": "LineString", "coordinates": [ [ 93.491244, 27.2533481 ], [ 93.491241, 27.2531894 ], [ 93.4912357, 27.2530177 ], [ 93.4912276, 27.2528031 ], [ 93.4912866, 27.2526076 ], [ 93.4915683, 27.2524621 ], [ 93.4922656, 27.2523143 ], [ 93.4925392, 27.2521402 ], [ 93.4927377, 27.2519399 ], [ 93.4930328, 27.2517468 ], [ 93.4932098, 27.2516299 ], [ 93.4933171, 27.2515059 ], [ 93.4934619, 27.2514225 ], [ 93.4939635, 27.2512222 ], [ 93.4941673, 27.2510553 ], [ 93.4943068, 27.2508287 ], [ 93.4944382, 27.2506737 ], [ 93.4947101, 27.2503988 ] ] } },
{ "type": "Feature", "properties": { "osm_id": 1126613474, "tags": { "layer": "-1", "tunnel": "culvert", "waterway": "stream" }, "inside_district": true }, "geometry": { "type": "LineString", "coordinates": [ [ 93.4912338, 27.2534069 ], [ 93.491244, 27.2533481 ] ] } },
{ "type": "Feature", "properties": { "osm_id": 1126626490, "tags": { "waterway": "stream" }, "inside_district": true }, "geometry": { "type": "LineString", "coordinates": [ [ 93.6092663, 27.2026989 ], [ 93.6097008, 27.2031187 ], [ 93.610189, 27.2035481 ], [ 93.6105537, 27.2037676 ], [ 93.6109722, 27.2040825 ], [ 93.6112887, 27.204259 ], [ 93.6115622, 27.2043163 ], [ 93.6121255, 27.2042733 ], [ 93.6125708, 27.2040539 ], [ 93.6130321, 27.2040252 ], [ 93.6135919, 27.2040408 ] ] } },
{ "type": "Feature", "properties": { "osm_id": 1126626491, "tags": { "layer": "-1", "tunnel": "culvert", "waterway": "stream" }, "inside_district": true }, "geometry": { "type": "LineString", "coordinates": [ [ 93.6092322, 27.2026205 ], [ 93.6092663, 27.2026989 ] ] } },
{ "type": "Feature", "properties": { "osm_id": 1192436559, "tags": { "waterway": "river" }, "inside_district": true }, "geometry": { "type": "LineString", "coordinates": [ [ 94.1261065, 27.4499903 ], [ 94.1257203, 27.4492476 ], [ 94.1251516, 27.4489715 ], [ 94.124465, 27.4484288 ], [ 94.1244006, 27.4479052 ], [ 94.1240358, 27.446258 ], [ 94.1237891, 27.4454773 ], [ 94.1228235, 27.4447251 ], [ 94.122802, 27.4442776 ], [ 94.1230059, 27.4438491 ], [ 94.1232419, 27.4436777 ], [ 94.1238642, 27.4434397 ], [ 94.1241968, 27.4428018 ], [ 94.1240466, 27.4424114 ], [ 94.1241646, 27.4421257 ], [ 94.1244864, 27.4420305 ], [ 94.1250121, 27.4420686 ], [ 94.1255593, 27.4419353 ], [ 94.1255379, 27.4417353 ], [ 94.1251624, 27.4414021 ], [ 94.1250336, 27.4409926 ], [ 94.124465, 27.4405832 ], [ 94.1238427, 27.4401833 ], [ 94.1238212, 27.4398215 ], [ 94.1243255, 27.439174 ], [ 94.1247117, 27.4381837 ], [ 94.124937, 27.438079 ], [ 94.1251731, 27.4378409 ], [ 94.1249478, 27.4376124 ], [ 94.1243577, 27.4374029 ], [ 94.1244113, 27.4371553 ], [ 94.1249263, 27.4369935 ], [ 94.1253126, 27.4366983 ], [ 94.125452, 27.4360317 ], [ 94.1257203, 27.4356794 ], [ 94.1268253, 27.4351747 ], [ 94.1273296, 27.4350033 ], [ 94.1274905, 27.4346415 ], [ 94.1273403, 27.4342987 ], [ 94.1270935, 27.4340797 ], [ 94.1267931, 27.4342606 ], [ 94.1265786, 27.4346129 ], [ 94.1262996, 27.4347177 ], [ 94.126085, 27.4344796 ], [ 94.1260421, 27.4341368 ], [ 94.1262782, 27.4337845 ], [ 94.1263962, 27.4333941 ], [ 94.1258705, 27.4332703 ], [ 94.1252482, 27.4331751 ], [ 94.1250336, 27.4327846 ], [ 94.1252267, 27.4323847 ], [ 94.1255593, 27.4322895 ], [ 94.1259348, 27.4322038 ], [ 94.1259456, 27.4318991 ], [ 94.1255379, 27.4317277 ], [ 94.1253126, 27.4314515 ], [ 94.1252589, 27.4311087 ] ] } },
{ "type": "Feature", "properties": { "osm_id": 1192436561, "tags": { "waterway": "river" }, "inside_district": true }, "geometry": { "type": "LineString", "coordinates": [ [ 94.0945101, 27.4502569 ], [ 94.0948427, 27.4495904 ], [ 94.0951645, 27.4494857 ], [ 94.095583, 27.4495428 ], [ 94.0960765, 27.4494952 ], [ 94.0963125, 27.4490763 ], [ 94.0962911, 27.4482955 ], [ 94.0969026, 27.4479623 ], [ 94.0981257, 27.4473815 ], [ 94.0993917, 27.4468959 ], [ 94.1001534, 27.4465532 ], [ 94.1004431, 27.4463437 ], [ 94.1004753, 27.4459819 ], [ 94.1003036, 27.4457629 ], [ 94.1000461, 27.4454582 ], [ 94.1000676, 27.4452107 ], [ 94.1003036, 27.4450107 ], [ 94.1008723, 27.4448774 ], [ 94.1014838, 27.4449441 ], [ 94.1018379, 27.4447537 ], [ 94.1020203, 27.4444014 ], [ 94.1019452, 27.4432397 ], [ 94.1021597, 27.4429731 ], [ 94.1024387, 27.4427732 ], [ 94.1023421, 27.4424209 ], [ 94.1022885, 27.4418306 ], [ 94.1025245, 27.4410117 ], [ 94.102546, 27.4403928 ], [ 94.1025031, 27.4397834 ], [ 94.1030395, 27.4394882 ], [ 94.1035974, 27.4396406 ], [ 94.1039622, 27.4400119 ], [ 94.1043162, 27.4402309 ], [ 94.10496, 27.4400786 ], [ 94.1052174, 27.439812 ], [ 94.1054642, 27.4392597 ], [ 94.1056144, 27.4389359 ], [ 94.1056037, 27.4386408 ], [ 94.105196, 27.4385075 ], [ 94.1043162, 27.438517 ], [ 94.10393, 27.4383361 ], [ 94.1039407, 27.4379361 ], [ 94.104048, 27.4374981 ], [ 94.1042197, 27.4372696 ], [ 94.1044664, 27.4374505 ], [ 94.1048527, 27.4372886 ], [ 94.1048527, 27.4371553 ], [ 94.1046059, 27.4362793 ], [ 94.1038656, 27.4355747 ], [ 94.1038012, 27.4353081 ], [ 94.1044128, 27.4352033 ], [ 94.1050672, 27.4353176 ], [ 94.1056788, 27.4354128 ], [ 94.1059577, 27.43527 ], [ 94.1059685, 27.4348224 ], [ 94.1061079, 27.4342797 ], [ 94.1064834, 27.4342225 ], [ 94.1072452, 27.434432 ], [ 94.1075671, 27.4343177 ], [ 94.1075027, 27.4340797 ], [ 94.1072345, 27.433594 ], [ 94.1073418, 27.4332227 ], [ 94.1080499, 27.4328894 ], [ 94.1083825, 27.4325942 ], [ 94.1079748, 27.4322419 ], [ 94.1076958, 27.4319371 ], [ 94.1073954, 27.4317467 ], [ 94.1073096, 27.4315562 ], [ 94.1072988, 27.4312896 ], [ 94.1069984, 27.4307754 ], [ 94.1070843, 27.4306421 ], [ 94.1075027, 27.4306992 ], [ 94.1077065, 27.4306326 ], [ 94.1077924, 27.4302802 ], [ 94.1077065, 27.4297755 ], [ 94.1075241, 27.4292803 ], [ 94.1070199, 27.4290232 ], [ 94.1067088, 27.428728 ], [ 94.1066337, 27.4284995 ], [ 94.1067731, 27.4282328 ], [ 94.1072559, 27.4283281 ], [ 94.1075992, 27.4286518 ], [ 94.1077387, 27.4289471 ], [ 94.1083074, 27.4291185 ], [ 94.108876, 27.4291756 ], [ 94.109112, 27.4290042 ], [ 94.1087472, 27.4282519 ], [ 94.1086721, 27.4274044 ], [ 94.1090369, 27.4270711 ], [ 94.1100454, 27.4273187 ], [ 94.1112149, 27.4275853 ], [ 94.1117835, 27.4277281 ], [ 94.1126096, 27.4275853 ], [ 94.1131782, 27.4270615 ], [ 94.1137576, 27.4263759 ], [ 94.1141224, 27.4252522 ], [ 94.1145086, 27.4240237 ], [ 94.1149592, 27.4237761 ], [ 94.1155815, 27.4238713 ], [ 94.1155708, 27.4241284 ], [ 94.1151631, 27.4245475 ], [ 94.1147339, 27.4248712 ], [ 94.1147768, 27.4252046 ], [ 94.1154742, 27.4254045 ], [ 94.1158605, 27.4254236 ], [ 94.1158819, 27.4256617 ], [ 94.115603, 27.4262045 ], [ 94.1155922, 27.4267949 ], [ 94.1164076, 27.4275662 ], [ 94.117223, 27.4280329 ], [ 94.1179097, 27.4280519 ], [ 94.118607, 27.4275853 ], [ 94.1189933, 27.427452 ], [ 94.1196048, 27.42769 ], [ 94.1198194, 27.42829 ], [ 94.1200018, 27.4291089 ], [ 94.1201413, 27.4297946 ], [ 94.120785, 27.4298803 ], [ 94.1215038, 27.4302897 ], [ 94.121815, 27.430204 ], [ 94.1221583, 27.4296517 ], [ 94.1229629, 27.429966 ], [ 94.1241646, 27.4309087 ], [ 94.1252589, 27.4311087 ], [ 94.1260743, 27.4308611 ], [ 94.1262996, 27.4301469 ], [ 94.1262674, 27.4290328 ], [ 94.1258919, 27.4288233 ], [ 94.12557, 27.4288042 ], [ 94.1249907, 27.4282805 ], [ 94.1252482, 27.427871 ], [ 94.1258919, 27.4277091 ], [ 94.1261816, 27.4275472 ], [ 94.1264498, 27.4268901 ], [ 94.1263962, 27.4258236 ], [ 94.1256559, 27.4250236 ], [ 94.12557, 27.4247474 ], [ 94.1260421, 27.424576 ], [ 94.1266215, 27.4240237 ], [ 94.1270399, 27.4235856 ], [ 94.1278982, 27.4232237 ], [ 94.1289925, 27.4229952 ], [ 94.1319215, 27.4208048 ] ] } },
{ "type": "Feature", "properties": { "osm_id": 1257815026, "tags": { "source": "maxar", "waterway": "stream" }, "inside_district": true }, "geometry": { "type": "LineString", "coordinates": [ [ 93.8083398, 27.1030768 ], [ 93.8079643, 27.1030863 ], [ 93.807857, 27.1030243 ], [ 93.8077819, 27.1027999 ], [ 93.8076961, 27.1027091 ], [ 93.8076532, 27.1026996 ], [ 93.8074976, 27.102776 ], [ 93.8074386, 27.1027617 ], [ 93.8071543, 27.1025802 ], [ 93.8070309, 27.1025468 ], [ 93.8067091, 27.1025134 ], [ 93.8065374, 27.1024083 ], [ 93.8063711, 27.1022365 ], [ 93.8062424, 27.1019022 ], [ 93.8062477, 27.1018354 ], [ 93.806414, 27.1014821 ], [ 93.8063979, 27.1014343 ], [ 93.8062584, 27.1013102 ], [ 93.8062906, 27.1009616 ], [ 93.8061082, 27.100742 ], [ 93.8060868, 27.1006608 ], [ 93.8061136, 27.100551 ], [ 93.8062263, 27.1004508 ], [ 93.8064086, 27.1002025 ], [ 93.8064784, 27.100064 ], [ 93.806473, 27.099959 ], [ 93.8063014, 27.0999112 ], [ 93.806119, 27.0996293 ], [ 93.806178, 27.0993189 ], [ 93.8063818, 27.0992138 ], [ 93.8062048, 27.0988318 ], [ 93.8062531, 27.0986933 ], [ 93.8065696, 27.0986742 ], [ 93.806709, 27.098507 ], [ 93.8066876, 27.0981441 ] ] } },
{ "type": "Feature", "properties": { "osm_id": 1257815027, "tags": { "source": "maxar", "waterway": "stream" }, "inside_district": true }, "geometry": { "type": "LineString", "coordinates": [ [ 93.8050139, 27.1072164 ], [ 93.8047832, 27.1072593 ], [ 93.8045847, 27.1072975 ], [ 93.8043916, 27.1073453 ], [ 93.8042843, 27.1074264 ], [ 93.8040751, 27.1076461 ], [ 93.8040215, 27.1079182 ], [ 93.8040376, 27.1081331 ], [ 93.8041073, 27.1082954 ], [ 93.8042682, 27.1084243 ], [ 93.8045767, 27.1084612 ], [ 93.8048074, 27.108232 ], [ 93.8048369, 27.1079789 ], [ 93.805089, 27.1079431 ], [ 93.8053358, 27.1080648 ], [ 93.8053304, 27.1087095 ], [ 93.805486, 27.1087787 ], [ 93.8062021, 27.1089793 ], [ 93.8068163, 27.1094854 ], [ 93.8068861, 27.1102065 ], [ 93.8066608, 27.1108845 ], [ 93.8067412, 27.1112426 ], [ 93.8066313, 27.111479 ], [ 93.8063711, 27.1119613 ], [ 93.806693, 27.1124507 ], [ 93.8067412, 27.1127945 ], [ 93.8066769, 27.1130953 ], [ 93.8064194, 27.1135298 ], [ 93.8064462, 27.1137686 ], [ 93.8067841, 27.1139548 ], [ 93.8073313, 27.114418 ], [ 93.8072294, 27.1150005 ], [ 93.8071033, 27.1152178 ], [ 93.8072106, 27.1154231 ], [ 93.807385, 27.1157287 ], [ 93.8076478, 27.116686 ], [ 93.8076693, 27.1171444 ], [ 93.8078034, 27.117937 ] ] } },
{ "type": "Feature", "properties": { "osm_id": 1257815028, "tags": { "source": "maxar", "waterway": "stream" }, "inside_district": true }, "geometry": { "type": "LineString", "coordinates": [ [ 93.801122, 27.0992615 ], [ 93.8014305, 27.0991684 ], [ 93.8015565, 27.0992353 ], [ 93.801519, 27.0995051 ], [ 93.801586, 27.0997128 ], [ 93.8014197, 27.0999731 ], [ 93.8014519, 27.1000758 ], [ 93.8017255, 27.1000137 ], [ 93.8018891, 27.1000829 ], [ 93.8018757, 27.1002453 ], [ 93.8016397, 27.1005749 ], [ 93.8015431, 27.1006608 ], [ 93.8013822, 27.1007181 ], [ 93.8013929, 27.1009378 ], [ 93.8011622, 27.1014248 ], [ 93.8011247, 27.1018164 ], [ 93.80127, 27.1019532 ], [ 93.8018006, 27.1027044 ], [ 93.8018006, 27.102924 ], [ 93.8016719, 27.1033346 ], [ 93.8017631, 27.1035355 ], [ 93.8024175, 27.1037643 ], [ 93.8024873, 27.1039725 ], [ 93.8023424, 27.1043659 ], [ 93.8023961, 27.1045235 ], [ 93.8025194, 27.1046076 ], [ 93.8028949, 27.1045551 ], [ 93.8029486, 27.1046959 ], [ 93.8027796, 27.1049013 ], [ 93.802734, 27.1050278 ], [ 93.8028386, 27.1051568 ], [ 93.8034582, 27.1051233 ], [ 93.8035655, 27.105226 ], [ 93.8035735, 27.1053645 ], [ 93.8034904, 27.1057171 ], [ 93.8035601, 27.1057983 ], [ 93.8038015, 27.105928 ], [ 93.8040751, 27.1058802 ], [ 93.8042548, 27.1056128 ], [ 93.8045794, 27.1055316 ], [ 93.8047403, 27.1056677 ], [ 93.8046733, 27.1059948 ], [ 93.8047913, 27.1061142 ], [ 93.805038, 27.1063028 ], [ 93.8051265, 27.1064102 ], [ 93.804979, 27.1066968 ], [ 93.8050139, 27.1072164 ] ] } },
{ "type": "Feature", "properties": { "osm_id": 1257815029, "tags": { "source": "maxar", "waterway": "stream" }, "inside_district": true }, "geometry": { "type": "LineString", "coordinates": [ [ 93.8050139, 27.1072164 ], [ 93.8050354, 27.1072498 ], [ 93.8050246, 27.1073644 ] ] } },
{ "type": "Feature", "properties": { "osm_id": 1257815030, "tags": { "source": "maxar", "waterway": "stream" }, "inside_district": true }, "geometry": { "type": "LineString", "coordinates": [ [ 93.8047832, 27.1072593 ], [ 93.8048959, 27.1073357 ], [ 93.8050246, 27.1073644 ], [ 93.8051534, 27.1074169 ], [ 93.8053197, 27.1073644 ], [ 93.8054162, 27.1072784 ], [ 93.8055182, 27.1071256 ], [ 93.8055262, 27.1068973 ], [ 93.805663, 27.1067914 ], [ 93.80595, 27.1068472 ], [ 93.8060331, 27.1068114 ], [ 93.8060439, 27.1066896 ], [ 93.8058883, 27.1063983 ], [ 93.8060036, 27.1062718 ], [ 93.806186, 27.1061643 ], [ 93.8062477, 27.1058174 ], [ 93.8064328, 27.1056749 ], [ 93.8064033, 27.1053065 ], [ 93.806473, 27.1051872 ], [ 93.806591, 27.1051394 ], [ 93.8068807, 27.1051585 ], [ 93.8069934, 27.105106 ], [ 93.8072643, 27.1045288 ], [ 93.8076988, 27.1046386 ], [ 93.8080206, 27.1045646 ], [ 93.8082433, 27.1043808 ], [ 93.8082996, 27.1042208 ], [ 93.8082164, 27.1039653 ], [ 93.8083237, 27.1037075 ], [ 93.8083398, 27.1030768 ], [ 93.808533, 27.1027378 ], [ 93.8090211, 27.1023224 ], [ 93.8091257, 27.1021459 ], [ 93.8093081, 27.102017 ], [ 93.8092947, 27.1016492 ], [ 93.8093913, 27.1013914 ], [ 93.8097024, 27.1012481 ], [ 93.8097721, 27.1011765 ], [ 93.8098526, 27.1007037 ], [ 93.8103676, 27.1002835 ], [ 93.8106465, 27.1002262 ], [ 93.810963, 27.0997582 ], [ 93.810963, 27.0995529 ], [ 93.8111293, 27.0993427 ], [ 93.8114083, 27.0990323 ], [ 93.8114297, 27.0986789 ], [ 93.8117891, 27.0984354 ], [ 93.8119984, 27.0979865 ] ] } },
{ "type": "Feature", "properties": { "osm_id": 1347721464, "tags": { "name": "Kokila River", "name:en": "Kokila River", "waterway": "river" }, "inside_district": true }, "geometry": { "type": "LineString", "coordinates": [ [ 93.6594343, 26.9845765 ], [ 93.6591124, 26.9840602 ], [ 93.6584258, 26.9834292 ], [ 93.6581468, 26.9835248 ], [ 93.6578035, 26.9840411 ], [ 93.6575675, 26.9842132 ], [ 93.6572671, 26.9843279 ], [ 93.6566448, 26.9843279 ], [ 93.6563444, 26.9842323 ], [ 93.6560654, 26.9840411 ], [ 93.6559367, 26.9837734 ], [ 93.6559152, 26.983238 ], [ 93.6559796, 26.982932 ], [ 93.6562371, 26.9821098 ], [ 93.6562586, 26.9813449 ], [ 93.6561942, 26.9810581 ], [ 93.6559582, 26.9808477 ], [ 93.6554646, 26.9804653 ], [ 93.6552071, 26.9802549 ], [ 93.6546278, 26.9798916 ], [ 93.6541128, 26.9792223 ], [ 93.6535978, 26.9781706 ], [ 93.6534047, 26.9776352 ], [ 93.6533189, 26.9773483 ], [ 93.6532759, 26.9770615 ], [ 93.6534116, 26.9763868 ] ] } },
{ "type": "Feature", "properties": { "osm_id": 1347721465, "tags": { "name": "Kokila River", "name:en": "Kokila River", "waterway": "river" }, "inside_district": true }, "geometry": { "type": "LineString", "coordinates": [ [ 93.6534116, 26.9763868 ], [ 93.6534652, 26.9761764 ], [ 93.653535, 26.9760043 ], [ 93.653712, 26.9756984 ], [ 93.6537226, 26.9756835 ], [ 93.6540607, 26.9752107 ], [ 93.6543718, 26.9748139 ], [ 93.6546771, 26.974458 ], [ 93.6551277, 26.9740277 ], [ 93.655648, 26.9735735 ], [ 93.6561416, 26.9731528 ], [ 93.6567031, 26.9727414 ], [ 93.6569321, 26.9725696 ], [ 93.6570543, 26.9724741 ], [ 93.6571695, 26.972363 ], [ 93.6572467, 26.9722651 ], [ 93.6572874, 26.9721999 ], [ 93.6573483, 26.9720767 ], [ 93.6574012, 26.9719245 ], [ 93.6574825, 26.9716202 ], [ 93.6576736, 26.970939 ], [ 93.6577224, 26.9707397 ], [ 93.6577346, 26.970631 ], [ 93.6577264, 26.9705223 ], [ 93.657698, 26.9704064 ], [ 93.6576492, 26.9702723 ], [ 93.6575313, 26.9700477 ], [ 93.6573727, 26.9697759 ], [ 93.6570597, 26.9692795 ], [ 93.6569174, 26.9690549 ], [ 93.6568658, 26.96898 ], [ 93.6568024, 26.9688629 ], [ 93.6567513, 26.968734 ], [ 93.6567111, 26.9686244 ], [ 93.6566694, 26.9685041 ], [ 93.656645, 26.9683556 ], [ 93.6566165, 26.9682143 ], [ 93.6566003, 26.9680585 ], [ 93.6566003, 26.9679171 ], [ 93.6566206, 26.9677867 ], [ 93.656645, 26.9676671 ], [ 93.6567152, 26.9673513 ], [ 93.6567973, 26.9670226 ], [ 93.6568767, 26.9667729 ], [ 93.6569608, 26.9665689 ], [ 93.6570308, 26.9664024 ], [ 93.6571242, 26.9662609 ] ] } },
{ "type": "Feature", "properties": { "osm_id": 1347721466, "tags": { "waterway": "stream" }, "inside_district": true }, "geometry": { "type": "LineString", "coordinates": [ [ 93.6487271, 26.9784329 ], [ 93.6486104, 26.9783477 ], [ 93.6485148, 26.9782468 ], [ 93.6484369, 26.9781459 ], [ 93.6483803, 26.9780197 ], [ 93.6483414, 26.9778841 ], [ 93.6483261, 26.9777992 ], [ 93.6483384, 26.9776537 ], [ 93.6483661, 26.9775384 ], [ 93.6484247, 26.977445 ], [ 93.6484894, 26.9773984 ], [ 93.6485571, 26.9773654 ], [ 93.6486804, 26.9773352 ], [ 93.6488067, 26.9773023 ], [ 93.6488899, 26.9772858 ], [ 93.6489669, 26.9772446 ], [ 93.6490131, 26.9771952 ], [ 93.6490501, 26.9771155 ], [ 93.6490741, 26.9769566 ], [ 93.6490835, 26.9768318 ], [ 93.6490928, 26.9766944 ], [ 93.6491068, 26.976632 ], [ 93.6491278, 26.97658 ], [ 93.6491582, 26.976555 ], [ 93.6492049, 26.9765384 ], [ 93.6492726, 26.9765321 ], [ 93.6494146, 26.9765365 ], [ 93.6497386, 26.9765521 ], [ 93.6499906, 26.9765666 ], [ 93.6502305, 26.9765956 ], [ 93.6509792, 26.9767031 ], [ 93.6512337, 26.9767509 ], [ 93.6513738, 26.9767738 ], [ 93.6516309, 26.9767892 ], [ 93.651752, 26.9767863 ], [ 93.6518454, 26.9767759 ], [ 93.6519251, 26.9767602 ], [ 93.6520699, 26.9767135 ], [ 93.6522794, 26.9766284 ], [ 93.6524797, 26.9765323 ], [ 93.6526769, 26.9764252 ], [ 93.652794, 26.9763511 ], [ 93.6529758, 26.9762357 ], [ 93.6531699, 26.9760957 ], [ 93.6533917, 26.9759364 ], [ 93.6535642, 26.9758101 ], [ 93.6537226, 26.9756835 ] ] } },
{ "type": "Feature", "properties": { "osm_id": 1347721468, "tags": { "waterway": "stream" }, "inside_district": true }, "geometry": { "type": "LineString", "coordinates": [ [ 93.6305255, 26.9686235 ], [ 93.6305739, 26.9686319 ], [ 93.6306034, 26.9686235 ], [ 93.6306262, 26.9686044 ], [ 93.6306397, 26.9685852 ], [ 93.6306517, 26.9685554 ], [ 93.6306785, 26.968449 ], [ 93.630747, 26.9681609 ], [ 93.6308039, 26.967996 ], [ 93.630871, 26.967813 ], [ 93.6309178, 26.9676555 ], [ 93.6309271, 26.9675785 ], [ 93.6309178, 26.9675161 ], [ 93.6308944, 26.9674183 ], [ 93.6308501, 26.9673101 ], [ 93.6306563, 26.9668689 ], [ 93.6305956, 26.9667773 ], [ 93.6305325, 26.9667149 ], [ 93.6304181, 26.9666628 ], [ 93.630236, 26.9665858 ], [ 93.6301005, 26.9665504 ], [ 93.6298974, 26.9665005 ], [ 93.6276912, 26.9659963 ], [ 93.626998, 26.965837 ], [ 93.6256259, 26.9655217 ], [ 93.6249817, 26.9653755 ], [ 93.6239615, 26.9651439 ], [ 93.6238479, 26.965114 ], [ 93.6237625, 26.9650741 ], [ 93.6236405, 26.964998 ], [ 93.6235145, 26.9648857 ], [ 93.6232584, 26.9646284 ], [ 93.6230307, 26.9644001 ], [ 93.622921, 26.9643023 ], [ 93.6228827, 26.9642741 ] ] } },
{ "type": "Feature", "properties": { "osm_id": 1347721473, "tags": { "waterway": "stream" }, "inside_district": true }, "geometry": { "type": "LineString", "coordinates": [ [ 93.622057, 26.9744952 ], [ 93.6220225, 26.9741479 ], [ 93.6220028, 26.9739896 ], [ 93.621983, 26.9738621 ], [ 93.621983, 26.973717 ], [ 93.621983, 26.9735544 ], [ 93.6219633, 26.9734445 ], [ 93.6219337, 26.9733741 ], [ 93.6218942, 26.973339 ], [ 93.6217958, 26.973309 ], [ 93.6215788, 26.9732563 ], [ 93.6214061, 26.9732431 ], [ 93.6213647, 26.9732236 ], [ 93.6213518, 26.9731947 ], [ 93.621342, 26.9731419 ], [ 93.6213568, 26.9729441 ], [ 93.6213568, 26.9728958 ], [ 93.6213666, 26.9728166 ], [ 93.6213716, 26.9727331 ], [ 93.6213602, 26.9726697 ], [ 93.6213173, 26.9726188 ], [ 93.6212729, 26.9725089 ], [ 93.6212384, 26.9723814 ], [ 93.6212384, 26.9723067 ], [ 93.621268, 26.9722539 ], [ 93.6212729, 26.9721792 ], [ 93.6212433, 26.9721088 ], [ 93.6211792, 26.9720561 ], [ 93.6211496, 26.9719857 ], [ 93.6211743, 26.9719066 ], [ 93.6212532, 26.9718626 ], [ 93.6212779, 26.9718231 ], [ 93.6212645, 26.9717403 ], [ 93.6212773, 26.9716637 ], [ 93.621273, 26.9716063 ], [ 93.621251, 26.9715812 ], [ 93.6211982, 26.9715689 ], [ 93.6211735, 26.9715521 ], [ 93.6211742, 26.9715059 ], [ 93.6211879, 26.9714714 ], [ 93.6212386, 26.9714383 ], [ 93.6212541, 26.9714043 ], [ 93.6212502, 26.9713704 ], [ 93.6212105, 26.9712744 ], [ 93.6211765, 26.9711229 ], [ 93.6212049, 26.9710219 ], [ 93.6211652, 26.9709361 ], [ 93.6211879, 26.9707694 ], [ 93.6212389, 26.9706785 ], [ 93.6212275, 26.9705522 ], [ 93.6212219, 26.9704462 ], [ 93.6212899, 26.9702997 ], [ 93.6212842, 26.9701785 ], [ 93.6212502, 26.9700876 ], [ 93.6212286, 26.9699581 ], [ 93.6212622, 26.9698748 ], [ 93.6213557, 26.9698081 ], [ 93.6214678, 26.9697781 ], [ 93.6215314, 26.9697148 ], [ 93.6216323, 26.9696482 ], [ 93.6217333, 26.9696115 ], [ 93.6218006, 26.9695449 ], [ 93.6218305, 26.9694616 ], [ 93.6218118, 26.969365 ], [ 93.6218006, 26.9692817 ], [ 93.6218267, 26.9692351 ], [ 93.6219165, 26.9691751 ], [ 93.6219837, 26.9690918 ], [ 93.6220099, 26.9689552 ], [ 93.6220062, 26.9688619 ], [ 93.6220136, 26.9687953 ] ] } },
{ "type": "Feature", "properties": { "osm_id": 1347721474, "tags": { "waterway": "stream" }, "inside_district": true }, "geometry": { "type": "LineString", "coordinates": [ [ 93.6226081, 26.9668519 ], [ 93.6226041, 26.9668175 ], [ 93.6225858, 26.9667813 ], [ 93.6225349, 26.9667632 ], [ 93.6224313, 26.9667541 ], [ 93.6221813, 26.9667233 ], [ 93.6218906, 26.9666853 ], [ 93.6216619, 26.9666463 ], [ 93.6213661, 26.9665859 ], [ 93.6211813, 26.9665227 ], [ 93.6210118, 26.9664458 ], [ 93.6209343, 26.9663936 ], [ 93.6208851, 26.966338 ] ] } },
{ "type": "Feature", "properties": { "osm_id": 1347721475, "tags": { "layer": "-1", "tunnel": "culvert", "waterway": "stream" }, "inside_district": true }, "geometry": { "type": "LineString", "coordinates": [ [ 93.6226004, 26.9669272 ], [ 93.6226081, 26.9668519 ] ] } },
{ "type": "Feature", "properties": { "osm_id": 1347721476, "tags": { "waterway": "stream" }, "inside_district": true }, "geometry": { "type": "LineString", "coordinates": [ [ 93.6208499, 26.9662991 ], [ 93.6208286, 26.966274 ], [ 93.6207757, 26.9661581 ], [ 93.6207595, 26.9659805 ], [ 93.6207757, 26.9658066 ], [ 93.6208327, 26.9656037 ], [ 93.6209099, 26.9654225 ], [ 93.6210075, 26.9652595 ], [ 93.6211681, 26.9649866 ], [ 93.6212884, 26.9646586 ], [ 93.6214088, 26.9643368 ], [ 93.6214583, 26.9641602 ], [ 93.6214654, 26.9640087 ], [ 93.6214229, 26.9638636 ], [ 93.621338, 26.9636681 ], [ 93.6211823, 26.9633968 ], [ 93.6211327, 26.9633085 ], [ 93.6211256, 26.9632391 ], [ 93.6211362, 26.9631863 ] ] } },
{ "type": "Feature", "properties": { "osm_id": 1347721477, "tags": { "layer": "-1", "tunnel": "culvert", "waterway": "stream" }, "inside_district": true }, "geometry": { "type": "LineString", "coordinates": [ [ 93.6208851, 26.966338 ], [ 93.6208499, 26.9662991 ] ] } },
{ "type": "Feature", "properties": { "osm_id": 1347725331, "tags": { "waterway": "stream" }, "inside_district": true }, "geometry": { "type": "LineString", "coordinates": [ [ 93.6228275, 26.9642335 ], [ 93.6227339, 26.9641646 ], [ 93.6224128, 26.9639834 ], [ 93.621746, 26.9636138 ], [ 93.6213801, 26.9634037 ], [ 93.6212582, 26.9633167 ], [ 93.6211931, 26.9632551 ], [ 93.6211362, 26.9631863 ], [ 93.621072, 26.9630669 ] ] } },
{ "type": "Feature", "properties": { "osm_id": 1347725332, "tags": { "layer": "-1", "tunnel": "culvert", "waterway": "stream" }, "inside_district": true }, "geometry": { "type": "LineString", "coordinates": [ [ 93.6228827, 26.9642741 ], [ 93.6228275, 26.9642335 ] ] } },
{ "type": "Feature", "properties": { "osm_id": 1347725333, "tags": { "waterway": "stream" }, "inside_district": true }, "geometry": { "type": "LineString", "coordinates": [ [ 93.6316774, 26.9746763 ], [ 93.6314821, 26.9744791 ], [ 93.6310036, 26.9740486 ], [ 93.6308061, 26.9738764 ], [ 93.630673, 26.9737845 ], [ 93.6304926, 26.9737233 ], [ 93.6303015, 26.9736961 ], [ 93.6301843, 26.9736932 ], [ 93.6300411, 26.9737193 ], [ 93.6299207, 26.9737657 ], [ 93.6298784, 26.9738005 ], [ 93.6298556, 26.9738672 ], [ 93.6298264, 26.9739252 ], [ 93.6297873, 26.9739571 ], [ 93.6297059, 26.9739832 ], [ 93.6296376, 26.9739832 ], [ 93.6295855, 26.9739658 ], [ 93.6295042, 26.9738527 ], [ 93.6294195, 26.9737164 ], [ 93.629361, 26.9736642 ], [ 93.6293219, 26.973641 ], [ 93.6292471, 26.9736148 ], [ 93.6292275, 26.9735829 ], [ 93.6292145, 26.973522 ], [ 93.6292091, 26.9734789 ], [ 93.6292015, 26.9734176 ], [ 93.6291886, 26.9733484 ], [ 93.629171, 26.9733137 ], [ 93.6291391, 26.973279 ], [ 93.6290683, 26.9732601 ], [ 93.6289692, 26.9732475 ], [ 93.6289409, 26.9732222 ], [ 93.6289267, 26.9731655 ], [ 93.6289232, 26.9730298 ], [ 93.6289374, 26.9728816 ], [ 93.6289621, 26.9727491 ], [ 93.6290081, 26.972604 ], [ 93.6290577, 26.9725252 ], [ 93.6291189, 26.9724917 ], [ 93.6291616, 26.9724772 ], [ 93.6291961, 26.9724826 ], [ 93.6292286, 26.9724898 ], [ 93.6292469, 26.9725134 ], [ 93.6292591, 26.9725514 ], [ 93.6292754, 26.9725895 ], [ 93.6293343, 26.9726167 ], [ 93.6293709, 26.9726094 ], [ 93.6294258, 26.9725913 ], [ 93.6295051, 26.9725587 ], [ 93.6296088, 26.9724844 ], [ 93.6297531, 26.9723721 ], [ 93.6297836, 26.9723286 ], [ 93.6297978, 26.9722797 ], [ 93.6297897, 26.9722272 ], [ 93.6297775, 26.9722217 ], [ 93.629747, 26.9722217 ], [ 93.6297023, 26.9722435 ], [ 93.6296596, 26.9722507 ], [ 93.6296169, 26.9722471 ], [ 93.6295458, 26.9722163 ], [ 93.6294888, 26.9721728 ], [ 93.6293933, 26.9721402 ], [ 93.6293323, 26.9721239 ], [ 93.6292856, 26.9720949 ], [ 93.6292408, 26.9720569 ], [ 93.6292164, 26.9720188 ], [ 93.6292002, 26.9719627 ], [ 93.6292063, 26.9719192 ], [ 93.6292063, 26.9718322 ], [ 93.62919, 26.9718051 ], [ 93.6291595, 26.9717706 ], [ 93.6290843, 26.9717616 ], [ 93.6290091, 26.9717398 ], [ 93.6289481, 26.971709 ], [ 93.6289156, 26.9716656 ], [ 93.6288912, 26.971613 ], [ 93.6288932, 26.9715514 ], [ 93.6289258, 26.9715116 ], [ 93.6289786, 26.9714717 ], [ 93.6290681, 26.9714409 ], [ 93.6291473, 26.9714228 ], [ 93.6292248, 26.9714228 ], [ 93.6292368, 26.9714228 ], [ 93.6293018, 26.9714427 ], [ 93.6293933, 26.971488 ], [ 93.629497, 26.9715406 ], [ 93.6296067, 26.9715804 ], [ 93.6296758, 26.9715913 ], [ 93.6297474, 26.9715908 ], [ 93.6298439, 26.9715621 ], [ 93.6298949, 26.9715143 ], [ 93.6299137, 26.9714664 ], [ 93.629911, 26.9714139 ], [ 93.6298734, 26.9713565 ], [ 93.629742, 26.9712872 ], [ 93.6296481, 26.9711987 ], [ 93.6296079, 26.9711103 ], [ 93.6296132, 26.9710481 ], [ 93.6296481, 26.970974 ], [ 93.6296535, 26.9709095 ], [ 93.6296508, 26.9708617 ], [ 93.6296159, 26.9708186 ], [ 93.6295542, 26.9707876 ], [ 93.6294952, 26.9707421 ], [ 93.6294174, 26.9706704 ], [ 93.629345, 26.9705461 ], [ 93.6293263, 26.9704696 ], [ 93.6293423, 26.970362 ], [ 93.6293772, 26.9702545 ], [ 93.6294255, 26.9701899 ], [ 93.6294872, 26.9701445 ], [ 93.6295542, 26.970111 ], [ 93.6296293, 26.9700943 ], [ 93.6297152, 26.9700991 ], [ 93.6298133, 26.9701246 ], [ 93.6299011, 26.9701374 ], [ 93.6299673, 26.9701326 ], [ 93.6300773, 26.9701015 ], [ 93.6301524, 26.9700561 ], [ 93.630198, 26.9699963 ], [ 93.6302328, 26.9699126 ], [ 93.6302409, 26.9698361 ], [ 93.6302436, 26.9696831 ], [ 93.6302578, 26.9691732 ], [ 93.6302685, 26.9689745 ], [ 93.6302932, 26.9688262 ], [ 93.6303145, 26.9687379 ], [ 93.6303392, 26.9686874 ], [ 93.6303661, 26.968657 ], [ 93.6304009, 26.9686378 ], [ 93.6304376, 26.9686235 ], [ 93.6304657, 26.968621 ] ] } },
{ "type": "Feature", "properties": { "osm_id": 1347725334, "tags": { "layer": "-1", "tunnel": "culvert", "waterway": "stream" }, "inside_district": true }, "geometry": { "type": "LineString", "coordinates": [ [ 93.6304657, 26.968621 ], [ 93.6305255, 26.9686235 ] ] } },
{ "type": "Feature", "properties": { "osm_id": 1347732068, "tags": { "waterway": "stream" }, "inside_district": true }, "geometry": { "type": "LineString", "coordinates": [ [ 93.6279025, 26.973329 ], [ 93.6279025, 26.9732797 ], [ 93.6279253, 26.973242 ], [ 93.6279903, 26.9732014 ], [ 93.6280392, 26.973184 ], [ 93.6280698, 26.973149 ], [ 93.6280698, 26.9731095 ], [ 93.6280427, 26.9730589 ], [ 93.628023, 26.972993 ], [ 93.6280353, 26.972949 ], [ 93.6280748, 26.9729094 ], [ 93.6281364, 26.9728699 ], [ 93.6281759, 26.9728325 ], [ 93.6281931, 26.9727776 ], [ 93.6281931, 26.972716 ], [ 93.6281938, 26.9726505 ], [ 93.6282231, 26.9725954 ], [ 93.6282784, 26.9725432 ], [ 93.628298, 26.972491 ], [ 93.6282882, 26.9724301 ], [ 93.6282882, 26.9723634 ], [ 93.628311, 26.9722909 ], [ 93.6283476, 26.9722165 ], [ 93.6283691, 26.9721017 ], [ 93.6283648, 26.9720596 ], [ 93.6283519, 26.9720022 ], [ 93.6283261, 26.9719295 ], [ 93.6283176, 26.9718759 ], [ 93.6283304, 26.9718185 ], [ 93.628339, 26.9717611 ], [ 93.6283261, 26.9717037 ], [ 93.6283562, 26.9716386 ], [ 93.628382, 26.9715698 ], [ 93.6283863, 26.9715047 ], [ 93.6283734, 26.971409 ], [ 93.628382, 26.9713707 ], [ 93.6284077, 26.9713554 ], [ 93.6284464, 26.9713439 ], [ 93.6285108, 26.9713325 ], [ 93.6285795, 26.9713133 ], [ 93.628631, 26.9712789 ], [ 93.6286783, 26.9712176 ], [ 93.6287204, 26.9711941 ], [ 93.6287692, 26.9711941 ], [ 93.6288017, 26.9712086 ], [ 93.6288408, 26.9712086 ], [ 93.6288864, 26.971197 ], [ 93.6289189, 26.971197 ], [ 93.6289547, 26.9712057 ], [ 93.6289872, 26.9712318 ], [ 93.6290198, 26.9712695 ], [ 93.6290556, 26.9712869 ], [ 93.6290816, 26.9712956 ], [ 93.6291304, 26.9713101 ], [ 93.6291597, 26.9713362 ], [ 93.629189, 26.9713652 ], [ 93.6292248, 26.9714228 ] ] } },
{ "type": "Feature", "properties": { "osm_id": 1347732069, "tags": { "waterway": "stream" }, "inside_district": true }, "geometry": { "type": "LineString", "coordinates": [ [ 93.6277788, 26.9740135 ], [ 93.6277625, 26.9739323 ], [ 93.627769, 26.973854 ], [ 93.6277983, 26.9737786 ], [ 93.6278569, 26.9736974 ], [ 93.627883, 26.9736336 ], [ 93.6278927, 26.9735698 ], [ 93.6278943, 26.9735284 ] ] } },
{ "type": "Feature", "properties": { "osm_id": 1347732070, "tags": { "layer": "-1", "tunnel": "culvert", "waterway": "stream" }, "inside_district": true }, "geometry": { "type": "LineString", "coordinates": [ [ 93.6278943, 26.9735284 ], [ 93.6279025, 26.973329 ] ] } },
{ "type": "Feature", "properties": { "osm_id": 1347732074, "tags": { "waterway": "stream" }, "inside_district": true }, "geometry": { "type": "LineString", "coordinates": [ [ 93.6220286, 26.9687386 ], [ 93.6220548, 26.968692 ], [ 93.6221071, 26.9686387 ], [ 93.622223, 26.9685287 ], [ 93.6222753, 26.9684621 ], [ 93.622294, 26.9683954 ], [ 93.6222903, 26.9682622 ], [ 93.6222978, 26.9681522 ], [ 93.622366, 26.9679824 ], [ 93.6224061, 26.9678396 ], [ 93.6224307, 26.9677023 ], [ 93.6224461, 26.9675814 ], [ 93.62248, 26.9674908 ], [ 93.6224924, 26.9674057 ], [ 93.6225139, 26.9673343 ], [ 93.622554, 26.9672547 ], [ 93.6225694, 26.9671421 ], [ 93.6225817, 26.967024 ], [ 93.622598, 26.9669516 ], [ 93.6226004, 26.9669272 ] ] } },
{ "type": "Feature", "properties": { "osm_id": 1347732075, "tags": { "layer": "-1", "tunnel": "culvert", "waterway": "stream" }, "inside_district": true }, "geometry": { "type": "LineString", "coordinates": [ [ 93.6220136, 26.9687953 ], [ 93.6220286, 26.9687386 ] ] } },
{ "type": "Feature", "properties": { "osm_id": 1486395490, "tags": { "alt_name": "Baroi River", "name": "Burai River", "name:en": "Burai River", "name:zh": "布拉河", "name:zh-Hans": "布拉河", "name:zh-Hant": "布拉河", "source": "US Army map NG 46-7", "waterway": "river" }, "inside_district": true }, "geometry": { "type": "LineString", "coordinates": [ [ 93.4588396, 27.0389486 ], [ 93.4583651, 27.0385842 ], [ 93.457786, 27.0381141 ], [ 93.4574856, 27.0377767 ], [ 93.4573173, 27.037472 ], [ 93.4572413, 27.0372447 ], [ 93.4572467, 27.0369739 ], [ 93.457339, 27.0366645 ], [ 93.4575616, 27.0363356 ], [ 93.4579778, 27.0358479 ] ] } },
{ "type": "Feature", "properties": { "osm_id": 1486395500, "tags": { "waterway": "stream" }, "inside_district": true }, "geometry": { "type": "LineString", "coordinates": [ [ 93.4756645, 27.0375387 ], [ 93.475639, 27.0379299 ], [ 93.4756549, 27.0382353 ], [ 93.4756808, 27.0384335 ], [ 93.4756815, 27.0385539 ], [ 93.4756575, 27.0386709 ], [ 93.4755895, 27.0387946 ], [ 93.4754631, 27.038906 ], [ 93.4753414, 27.0389725 ], [ 93.4752071, 27.0390112 ], [ 93.4750196, 27.0390161 ], [ 93.474636, 27.0389747 ], [ 93.4742246, 27.0389336 ], [ 93.4738651, 27.0389338 ], [ 93.4736461, 27.0389482 ], [ 93.4734882, 27.0389895 ], [ 93.4733766, 27.0390599 ], [ 93.4732905, 27.039143 ], [ 93.473241, 27.0392814 ], [ 93.4732155, 27.0394808 ], [ 93.4731876, 27.0396766 ], [ 93.4731791, 27.0398536 ], [ 93.4731745, 27.0400509 ], [ 93.473166, 27.0401533 ], [ 93.4731422, 27.0402169 ], [ 93.4730823, 27.0402513 ], [ 93.4729926, 27.0402582 ], [ 93.4729086, 27.0402334 ], [ 93.4728369, 27.0401936 ], [ 93.4727576, 27.0401166 ], [ 93.472683, 27.0400634 ], [ 93.4725384, 27.0400392 ], [ 93.4723546, 27.0400488 ], [ 93.4722445, 27.0400971 ], [ 93.4721688, 27.0401725 ], [ 93.4721356, 27.0402989 ], [ 93.4721191, 27.040451 ], [ 93.4720995, 27.0405584 ], [ 93.472052, 27.0406526 ], [ 93.4719607, 27.0407226 ], [ 93.4718535, 27.04076 ], [ 93.4717179, 27.0407675 ], [ 93.4715644, 27.040756 ], [ 93.4712694, 27.0407083 ], [ 93.4709699, 27.0406661 ], [ 93.4708188, 27.0406684 ], [ 93.4706864, 27.0406842 ], [ 93.4705538, 27.0406834 ], [ 93.4704639, 27.04066 ], [ 93.4703856, 27.0406008 ], [ 93.4703223, 27.0405193 ], [ 93.4702742, 27.0404238 ], [ 93.4701863, 27.04034 ], [ 93.4699872, 27.0402551 ], [ 93.469751, 27.0402135 ], [ 93.4695797, 27.0402002 ], [ 93.4693333, 27.0402177 ], [ 93.4691707, 27.0402696 ], [ 93.4690926, 27.0403349 ], [ 93.4690196, 27.0404949 ], [ 93.4689544, 27.0406361 ], [ 93.468867, 27.0407446 ], [ 93.4687485, 27.0408074 ], [ 93.4686226, 27.0408155 ], [ 93.4684397, 27.0407716 ], [ 93.4683176, 27.0406772 ], [ 93.4681915, 27.0405335 ], [ 93.4680671, 27.0404832 ], [ 93.467907, 27.0404728 ], [ 93.4678061, 27.0404911 ], [ 93.4677366, 27.0405663 ], [ 93.4677257, 27.0406462 ], [ 93.467753, 27.0407804 ], [ 93.4677578, 27.0409084 ], [ 93.4677565, 27.0409991 ], [ 93.4677118, 27.0410823 ], [ 93.4676421, 27.0411493 ], [ 93.4674896, 27.0412461 ], [ 93.4673229, 27.0413091 ], [ 93.4672251, 27.0413573 ], [ 93.4671669, 27.041448 ], [ 93.46711, 27.0415399 ], [ 93.4670248, 27.0416044 ], [ 93.4669211, 27.0416301 ], [ 93.4668836, 27.0416395 ], [ 93.4664548, 27.0416838 ], [ 93.4658653, 27.0417272 ], [ 93.4654241, 27.0417256 ], [ 93.4651096, 27.0417291 ], [ 93.4647692, 27.0417469 ], [ 93.4645474, 27.0417386 ], [ 93.4643449, 27.0417107 ], [ 93.464264, 27.041684 ], [ 93.4641732, 27.0416412 ], [ 93.464077, 27.0415944 ], [ 93.4639213, 27.0414683 ], [ 93.4637587, 27.0413028 ], [ 93.4636373, 27.0411427 ], [ 93.4634018, 27.040798 ], [ 93.4632365, 27.0406263 ], [ 93.4630924, 27.040539 ], [ 93.4629334, 27.0404971 ], [ 93.4628032, 27.0404822 ], [ 93.4626907, 27.04049 ], [ 93.46259, 27.0405142 ], [ 93.4623926, 27.0405684 ], [ 93.4621102, 27.0406666 ], [ 93.4619796, 27.0406944 ], [ 93.4618579, 27.040701 ], [ 93.4617357, 27.0406884 ], [ 93.4616025, 27.0406615 ], [ 93.4614691, 27.0405985 ], [ 93.4613832, 27.0405091 ], [ 93.4612898, 27.0403738 ], [ 93.4611962, 27.0402453 ], [ 93.4611338, 27.0401605 ], [ 93.4610476, 27.0400958 ], [ 93.4609592, 27.0400572 ], [ 93.4608423, 27.040046 ], [ 93.4606857, 27.0400549 ], [ 93.4603808, 27.0401309 ], [ 93.4600767, 27.0402636 ] ] } },
{ "type": "Feature", "properties": { "osm_id": 1505092739, "tags": { "name:zh": "佩林河", "waterway": "river" }, "inside_district": true }, "geometry": { "type": "LineString", "coordinates": [ [ 93.454256, 27.3359185 ], [ 93.454535, 27.336071 ], [ 93.4552431, 27.3362806 ], [ 93.4558868, 27.3362235 ], [ 93.4567237, 27.3364141 ], [ 93.4573674, 27.3367 ], [ 93.4583974, 27.3367381 ], [ 93.4609079, 27.3372909 ], [ 93.461895, 27.3377293 ], [ 93.4627747, 27.3385108 ], [ 93.4630751, 27.3384917 ], [ 93.4637403, 27.3391589 ], [ 93.4642124, 27.3398451 ], [ 93.4648776, 27.3405694 ], [ 93.4654569, 27.341389 ], [ 93.4661007, 27.3423611 ], [ 93.4667015, 27.3432378 ], [ 93.4673452, 27.3440955 ], [ 93.4679031, 27.3445911 ], [ 93.4682894, 27.3448961 ], [ 93.4684014, 27.3453505 ] ] } },
{ "type": "Feature", "properties": { "osm_id": 1533248978, "tags": { "name:zh": "格木布格水", "name:zh-Hans": "格木布格水", "name:zh-Hant": "格木布格水", "waterway": "stream" }, "inside_district": true }, "geometry": { "type": "LineString", "coordinates": [ [ 93.3986647, 27.1421849 ], [ 93.3976283, 27.1411366 ], [ 93.3951042, 27.1386218 ], [ 93.3936215, 27.1371285 ], [ 93.3916095, 27.1351693 ], [ 93.390116, 27.1335245 ], [ 93.3895552, 27.1317046 ], [ 93.3892087, 27.129336 ], [ 93.3891901, 27.1272659 ], [ 93.3899826, 27.1257648 ], [ 93.3909575, 27.1249512 ], [ 93.3900641, 27.123658 ], [ 93.3895298, 27.1221537 ], [ 93.3903316, 27.1194328 ], [ 93.3923715, 27.1181749 ], [ 93.3929774, 27.1170519 ], [ 93.3911484, 27.1148185 ], [ 93.3904672, 27.11251 ], [ 93.3885288, 27.1101041 ], [ 93.387398, 27.1062018 ], [ 93.3865475, 27.1042072 ], [ 93.3853229, 27.102334 ], [ 93.3822488, 27.1021596 ], [ 93.3811144, 27.1005888 ], [ 93.3795773, 27.0993701 ], [ 93.3776969, 27.0985818 ], [ 93.3763343, 27.0984284 ], [ 93.374494, 27.0987111 ], [ 93.3732344, 27.0984876 ], [ 93.3722846, 27.0994821 ], [ 93.3705636, 27.0990269 ], [ 93.3700994, 27.1003074 ], [ 93.3685352, 27.1001978 ], [ 93.3658365, 27.0991218 ], [ 93.3647801, 27.0979979 ], [ 93.363542, 27.0976897 ], [ 93.3610865, 27.0973943 ], [ 93.3597654, 27.0963984 ], [ 93.3596124, 27.0948345 ], [ 93.3582528, 27.0944877 ] ] } }
]
}
